[2026-07-01 08:43:11] Workbook is still open or locked. Retrying in 15 minutes.
[2026-07-01 08:43:23] Workbook looks free. Waiting 30 seconds for OneDrive to settle...
[2026-07-01 08:43:56] Updated row 2: ECO=CA89812HB Submitted=17 Jun 2026 Released=18 Jun 2026
[2026-07-01 08:43:56] Updated row 3: ECO=CA89812HB Submitted=17 Jun 2026 Released=18 Jun 2026
[2026-07-01 08:43:57] Updated row 4: ECO=CA89800HB Submitted=17 Jun 2026 Released=18 Jun 2026
[2026-07-01 08:43:57] Updated row 5: ECO=CA89800HB Submitted=17 Jun 2026 Released=18 Jun 2026
[2026-07-01 08:43:57] Updated row 6: ECO=CA89800HB Submitted=17 Jun 2026 Released=18 Jun 2026
[2026-07-01 08:43:58] Updated row 7: ECO=CA89823HB Submitted=16 Jun 2026 Released=17 Jun 2026
[2026-07-01 08:43:59] Updated row 8: ECO=CA89799HB Submitted=17 Jun 2026 Released=18 Jun 2026
[2026-07-01 08:44:00] Updated row 9: ECO=CA89813HB Submitted=17 Jun 2026 Released=18 Jun 2026
[2026-07-01 08:44:01] Updated row 10: ECO=CA89819HB Submitted=16 Jun 2026 Released=17 Jun 2026
[2026-07-01 08:44:03] Updated row 11: ECO=CA89817HB Submitted=17 Jun 2026 Released=18 Jun 2026
[2026-07-01 08:44:04] Updated row 12: ECO=CA89801HB Submitted=17 Jun 2026 Released=18 Jun 2026
[2026-07-01 08:44:05] Updated row 13: ECO=CA89804HB Submitted=17 Jun 2026 Released=18 Jun 2026
[2026-07-01 08:44:06] Updated row 14: ECO=CA89818HB Submitted=17 Jun 2026 Released=18 Jun 2026
[2026-07-01 08:44:06] Skipping row 15: ECO value is empty or not usable (NA).
[2026-07-01 08:44:06] Skipping row 16: ECO value is empty or not usable (NA).
[2026-07-01 08:44:06] Skipping row 17: ECO value is empty or not usable (NA).
[2026-07-01 08:44:08] Updated row 18: ECO=CA89851HB Submitted=18 Jun 2026 Released=20 Jun 2026
[2026-07-01 08:44:08] Updated row 19: ECO=CA89851HB Submitted=18 Jun 2026 Released=20 Jun 2026
[2026-07-01 08:44:08] Updated row 20: ECO=CA89851HB Submitted=18 Jun 2026 Released=20 Jun 2026
[2026-07-01 08:44:09] Updated row 21: ECO=CA89905HB Submitted=20 Jun 2026 Released=23 Jun 2026
[2026-07-01 08:44:10] Updated row 22: ECO=CA89878HB Submitted=18 Jun 2026 Released=19 Jun 2026
[2026-07-01 08:44:10] Updated row 23: ECO=CA89878HB Submitted=18 Jun 2026 Released=19 Jun 2026
[2026-07-01 08:44:11] Updated row 24: ECO=CA89886HB Submitted=19 Jun 2026 Released=20 Jun 2026
[2026-07-01 08:44:12] Updated row 25: ECO=CA89881HB Submitted=19 Jun 2026 Released=20 Jun 2026
[2026-07-01 08:44:13] Updated row 26: ECO=CA89910HB Submitted=18 Jun 2026 Released=19 Jun 2026
[2026-07-01 08:44:13] Updated row 27: ECO=CA89910HB Submitted=18 Jun 2026 Released=19 Jun 2026
[2026-07-01 08:44:13] Updated row 28: ECO=CA89910HB Submitted=18 Jun 2026 Released=19 Jun 2026
[2026-07-01 08:44:14] Updated row 29: ECO=CA89966HB Submitted=23 Jun 2026 Released=25 Jun 2026
[2026-07-01 08:44:14] Updated row 30: ECO=CA89966HB Submitted=23 Jun 2026 Released=25 Jun 2026
[2026-07-01 08:44:16] Updated row 31: ECO=CA89497HB Submitted=30 May 2026 Released=02 Jun 2026
[2026-07-01 08:44:17] Updated row 32: ECO=CA90044HB Submitted=24 Jun 2026 Released=25 Jun 2026
[2026-07-01 08:44:17] Updated row 33: ECO=CA90044HB Submitted=24 Jun 2026 Released=25 Jun 2026
[2026-07-01 08:44:17] Updated row 34: ECO=CA90044HB Submitted=24 Jun 2026 Released=25 Jun 2026
[2026-07-01 08:44:17] Updated row 35: ECO=CA90044HB Submitted=24 Jun 2026 Released=25 Jun 2026
[2026-07-01 08:44:18] Updated row 36: ECO=DSM25989 Submitted=23 Jun 2026 Released=25 Jun 2026
[2026-07-01 08:44:18] Updated row 37: ECO=DSM25989 Submitted=23 Jun 2026 Released=25 Jun 2026
[2026-07-01 08:44:18] Updated row 38: ECO=DSM25989 Submitted=23 Jun 2026 Released=25 Jun 2026
[2026-07-01 08:44:20] Updated row 39: ECO=DSM26016 Submitted=25 Jun 2026 Released=26 Jun 2026
[2026-07-01 08:44:20] Updated row 40: ECO=DSM26016 Submitted=25 Jun 2026 Released=26 Jun 2026
[2026-07-01 08:44:20] Updated row 41: ECO=DSM26016 Submitted=25 Jun 2026 Released=26 Jun 2026
[2026-07-01 08:44:22] Updated row 42: ECO=DSM25993 Submitted=30 Jun 2026 Released=None
[2026-07-01 08:44:22] Updated row 43: ECO=DSM25993 Submitted=30 Jun 2026 Released=None
[2026-07-01 08:44:23] Updated row 44: ECO=DSM25983 Submitted=24 Jun 2026 Released=25 Jun 2026
[2026-07-01 08:44:23] Updated row 45: ECO=DSM25983 Submitted=24 Jun 2026 Released=25 Jun 2026
[2026-07-01 08:44:23] Updated row 46: ECO=DSM25983 Submitted=24 Jun 2026 Released=25 Jun 2026
[2026-07-01 08:44:24] Updated row 47: ECO=DSM25980 Submitted=24 Jun 2026 Released=25 Jun 2026
[2026-07-01 08:44:24] Updated row 48: ECO=DSM25980 Submitted=24 Jun 2026 Released=25 Jun 2026
[2026-07-01 08:44:24] Updated row 49: ECO=DSM25980 Submitted=24 Jun 2026 Released=25 Jun 2026
[2026-07-01 08:44:25] Updated row 50: ECO=DSM25982 Submitted=24 Jun 2026 Released=25 Jun 2026
[2026-07-01 08:44:25] Updated row 51: ECO=DSM25982 Submitted=24 Jun 2026 Released=25 Jun 2026
[2026-07-01 08:44:25] Updated row 52: ECO=DSM25982 Submitted=24 Jun 2026 Released=25 Jun 2026
[2026-07-01 08:44:26] Updated row 53: ECO=DSM25996 Submitted=24 Jun 2026 Released=25 Jun 2026
[2026-07-01 08:44:26] Updated row 54: ECO=DSM25996 Submitted=24 Jun 2026 Released=25 Jun 2026
[2026-07-01 08:44:26] Updated row 55: ECO=DSM25996 Submitted=24 Jun 2026 Released=25 Jun 2026
[2026-07-01 08:44:27] Updated row 56: ECO=DSM26004 Submitted=24 Jun 2026 Released=25 Jun 2026
[2026-07-01 08:44:28] Updated row 57: ECO=DSM26001 Submitted=24 Jun 2026 Released=25 Jun 2026
[2026-07-01 08:44:28] Updated row 58: ECO=DSM26001 Submitted=24 Jun 2026 Released=25 Jun 2026
[2026-07-01 08:44:28] Updated row 59: ECO=DSM26001 Submitted=24 Jun 2026 Released=25 Jun 2026
[2026-07-01 08:44:29] Updated row 60: ECO=DSM25998 Submitted=24 Jun 2026 Released=25 Jun 2026
[2026-07-01 08:44:30] Updated row 61: ECO=DSM25987 Submitted=23 Jun 2026 Released=25 Jun 2026
[2026-07-01 08:44:30] Updated row 62: ECO=DSM25987 Submitted=23 Jun 2026 Released=25 Jun 2026
[2026-07-01 08:44:30] Updated row 63: ECO=DSM25987 Submitted=23 Jun 2026 Released=25 Jun 2026
[2026-07-01 08:44:31] Updated row 64: ECO=DSM25990 Submitted=24 Jun 2026 Released=25 Jun 2026
[2026-07-01 08:44:32] Updated row 65: ECO=DSM25984 Submitted=23 Jun 2026 Released=25 Jun 2026
[2026-07-01 08:44:32] Updated row 66: ECO=DSM25984 Submitted=23 Jun 2026 Released=25 Jun 2026
[2026-07-01 08:44:32] Updated row 67: ECO=DSM25984 Submitted=23 Jun 2026 Released=25 Jun 2026
[2026-07-01 08:44:33] Updated row 68: ECO=DSM25986 Submitted=23 Jun 2026 Released=25 Jun 2026
[2026-07-01 08:44:34] Updated row 69: ECO=DSM25994 Submitted=23 Jun 2026 Released=25 Jun 2026
[2026-07-01 08:44:34] Updated row 70: ECO=DSM25994 Submitted=23 Jun 2026 Released=25 Jun 2026
[2026-07-01 08:44:34] Updated row 71: ECO=DSM25994 Submitted=23 Jun 2026 Released=25 Jun 2026
[2026-07-01 08:44:35] Updated row 72: ECO=DSM25995 Submitted=23 Jun 2026 Released=25 Jun 2026
[2026-07-01 08:44:35] Updated row 73: ECO=DSM25987 Submitted=23 Jun 2026 Released=25 Jun 2026
[2026-07-01 08:44:36] Updated row 74: ECO=DSM26002 Submitted=24 Jun 2026 Released=25 Jun 2026
[2026-07-01 08:44:37] Updated row 75: ECO=DSM26011 Submitted=26 Jun 2026 Released=30 Jun 2026
[2026-07-01 08:44:37] Updated row 76: ECO=DSM26011 Submitted=26 Jun 2026 Released=30 Jun 2026
[2026-07-01 08:44:37] Updated row 77: ECO=DSM26011 Submitted=26 Jun 2026 Released=30 Jun 2026
[2026-07-01 08:44:37] Updated row 78: ECO=DSM26011 Submitted=26 Jun 2026 Released=30 Jun 2026
[2026-07-01 08:44:37] Updated row 79: ECO=DSM26011 Submitted=26 Jun 2026 Released=30 Jun 2026
[2026-07-01 08:44:39] Updated row 80: ECO=DSM25991 Submitted=24 Jun 2026 Released=25 Jun 2026
[2026-07-01 08:44:39] Updated row 81: ECO=DSM26013 Submitted=25 Jun 2026 Released=26 Jun 2026
[2026-07-01 08:44:39] Updated row 82: ECO=DSM26013 Submitted=25 Jun 2026 Released=26 Jun 2026
[2026-07-01 08:44:39] Updated row 83: ECO=DSM26013 Submitted=25 Jun 2026 Released=26 Jun 2026
[2026-07-01 08:44:41] Updated row 84: ECO=DSM25988 Submitted=23 Jun 2026 Released=25 Jun 2026
[2026-07-01 08:44:42] Updated row 85: ECO=DSM26008 Submitted=24 Jun 2026 Released=26 Jun 2026
[2026-07-01 08:44:42] Updated row 86: ECO=DSM26008 Submitted=24 Jun 2026 Released=26 Jun 2026
[2026-07-01 08:44:42] Updated row 87: ECO=DSM26008 Submitted=24 Jun 2026 Released=26 Jun 2026
[2026-07-01 08:44:43] Updated row 88: ECO=DSM26003 Submitted=24 Jun 2026 Released=25 Jun 2026
[2026-07-01 08:44:44] Updated row 89: ECO=DSM26000 Submitted=24 Jun 2026 Released=25 Jun 2026
[2026-07-01 08:44:44] Updated row 90: ECO=DSM26000 Submitted=24 Jun 2026 Released=25 Jun 2026
[2026-07-01 08:44:44] Updated row 91: ECO=DSM26000 Submitted=24 Jun 2026 Released=25 Jun 2026
[2026-07-01 08:44:45] Updated row 92: ECO=DSM26005 Submitted=24 Jun 2026 Released=25 Jun 2026
[2026-07-01 08:44:46] Updated row 93: ECO=DSM26006 Submitted=24 Jun 2026 Released=25 Jun 2026
[2026-07-01 08:44:47] Updated row 94: ECO=CA90084HB Submitted=24 Jun 2026 Released=26 Jun 2026
[2026-07-01 08:44:48] Updated row 95: ECO=CA90087HB Submitted=25 Jun 2026 Released=26 Jun 2026
[2026-07-01 08:44:49] Updated row 96: ECO=CA90080HB Submitted=25 Jun 2026 Released=26 Jun 2026
[2026-07-01 08:44:49] Updated row 97: ECO=CA90080HB Submitted=25 Jun 2026 Released=26 Jun 2026
[2026-07-01 08:44:49] Updated row 98: ECO=CA90080HB Submitted=25 Jun 2026 Released=26 Jun 2026
[2026-07-01 08:44:49] Updated row 99: ECO=CA90080HB Submitted=25 Jun 2026 Released=26 Jun 2026
[2026-07-01 08:44:50] Updated row 100: ECO=CA90088HB Submitted=25 Jun 2026 Released=26 Jun 2026
[2026-07-01 08:44:51] Updated row 101: ECO=CA90075HB Submitted=27 Jun 2026 Released=30 Jun 2026
[2026-07-01 08:44:51] Updated row 102: ECO=CA90075HB Submitted=27 Jun 2026 Released=30 Jun 2026
[2026-07-01 08:44:51] Updated row 103: ECO=CA90075HB Submitted=27 Jun 2026 Released=30 Jun 2026
[2026-07-01 08:44:52] Updated row 104: ECO=CA90068HB Submitted=25 Jun 2026 Released=26 Jun 2026
[2026-07-01 08:44:52] Updated row 105: ECO=CA90068HB Submitted=25 Jun 2026 Released=26 Jun 2026
[2026-07-01 08:44:52] Updated row 106: ECO=CA90068HB Submitted=25 Jun 2026 Released=26 Jun 2026
[2026-07-01 08:44:52] Updated row 107: ECO=CA90068HB Submitted=25 Jun 2026 Released=26 Jun 2026
[2026-07-01 08:44:53] Updated row 108: ECO=CA90078HB Submitted=25 Jun 2026 Released=26 Jun 2026
[2026-07-01 08:44:54] Updated row 109: ECO=CA90083HB Submitted=25 Jun 2026 Released=26 Jun 2026
[2026-07-01 08:44:55] Updated row 110: ECO=CA90081HB Submitted=25 Jun 2026 Released=26 Jun 2026
[2026-07-01 08:44:56] Updated row 111: ECO=CA90082HB Submitted=25 Jun 2026 Released=26 Jun 2026
[2026-07-01 08:44:57] Updated row 112: ECO=CA90073HB Submitted=30 Jun 2026 Released=None
[2026-07-01 08:44:58] Updated row 113: ECO=CA90070HB Submitted=25 Jun 2026 Released=25 Jun 2026
[2026-07-01 08:44:58] Updated row 114: ECO=CA90070HB Submitted=25 Jun 2026 Released=25 Jun 2026
[2026-07-01 08:44:58] Updated row 115: ECO=CA90070HB Submitted=25 Jun 2026 Released=25 Jun 2026
[2026-07-01 08:44:58] Updated row 116: ECO=CA90070HB Submitted=25 Jun 2026 Released=25 Jun 2026
[2026-07-01 08:45:00] Updated row 117: ECO=DSM26017 Submitted=25 Jun 2026 Released=26 Jun 2026
[2026-07-01 08:45:00] Updated row 118: ECO=DSM26017 Submitted=25 Jun 2026 Released=26 Jun 2026
[2026-07-01 08:45:00] Updated row 119: ECO=DSM26017 Submitted=25 Jun 2026 Released=26 Jun 2026
[2026-07-01 08:45:00] Skipping row 120: ECO value is empty or not usable (N/A).
[2026-07-01 08:45:01] Updated row 121: ECO=CA90109HB Submitted=25 Jun 2026 Released=26 Jun 2026
[2026-07-01 08:45:02] Updated row 122: ECO=CA90104HB Submitted=25 Jun 2026 Released=26 Jun 2026
[2026-07-01 08:45:02] Updated row 123: ECO=CA90104HB Submitted=25 Jun 2026 Released=26 Jun 2026
[2026-07-01 08:45:04] Row 124: ECO lookup failed for CA90141HB; treating as not submitted yet. Could not find Submitted/Released workflow dates for CA90141HB.
Tried classes=['Change', 'ECO', 'Change Orders'] tables=['History', 'Workflow', 'Workflow Status']
No matching workflow rows found.
[2026-07-01 08:45:04] Updated row 124: ECO=CA90141HB Submitted=None Released=None
[2026-07-01 08:45:06] Row 125: ECO lookup failed for CA90142HB; treating as not submitted yet. Could not find Submitted/Released workflow dates for CA90142HB.
Tried classes=['Change', 'ECO', 'Change Orders'] tables=['History', 'Workflow', 'Workflow Status']
No matching workflow rows found.
[2026-07-01 08:45:06] Updated row 125: ECO=CA90142HB Submitted=None Released=None
[2026-07-01 08:45:08] Row 126: ECO lookup failed for CA90137HB; treating as not submitted yet. Could not find Submitted/Released workflow dates for CA90137HB.
Tried classes=['Change', 'ECO', 'Change Orders'] tables=['History', 'Workflow', 'Workflow Status']
No matching workflow rows found.
[2026-07-01 08:45:08] Updated row 126: ECO=CA90137HB Submitted=None Released=None
[2026-07-01 08:45:11] Row 127: ECO lookup failed for DSM26022; treating as not submitted yet. Could not find Submitted/Released workflow dates for DSM26022.
Tried classes=['Change', 'ECO', 'Change Orders'] tables=['History', 'Workflow', 'Workflow Status']
No matching workflow rows found.
[2026-07-01 08:45:11] Updated row 127: ECO=DSM26022 Submitted=None Released=None
[2026-07-01 08:45:11] Updated row 128: ECO=DSM26022 Submitted=None Released=None
[2026-07-01 08:45:11] Updated row 129: ECO=DSM26022 Submitted=None Released=None
[2026-07-01 08:45:12] Updated row 130: ECO=DSM26023 Submitted=01 Jul 2026 Released=None
[2026-07-01 08:45:12] Updated row 131: ECO=DSM26023 Submitted=01 Jul 2026 Released=None
[2026-07-01 08:45:12] Updated row 132: ECO=DSM26023 Submitted=01 Jul 2026 Released=None
[2026-07-01 08:45:13] Updated row 133: ECO=DSM26038 Submitted=01 Jul 2026 Released=None
[2026-07-01 08:45:14] Updated row 134: ECO=DSM26040 Submitted=01 Jul 2026 Released=None
[2026-07-01 08:45:14] Updated row 135: ECO=DSM26040 Submitted=01 Jul 2026 Released=None
[2026-07-01 08:45:14] Updated row 136: ECO=DSM26040 Submitted=01 Jul 2026 Released=None
[2026-07-01 08:45:15] Updated row 137: ECO=DSM26041 Submitted=01 Jul 2026 Released=None
[2026-07-01 08:45:16] Updated row 138: ECO=DSM26024 Submitted=30 Jun 2026 Released=None
[2026-07-01 08:45:17] Updated row 139: ECO=DSM26027 Submitted=30 Jun 2026 Released=None
[2026-07-01 08:45:17] Skipping row 140: ECO value is empty or not usable (blank).
[2026-07-01 08:45:17] Skipping row 141: ECO value is empty or not usable (blank).
[2026-07-01 08:45:17] Skipping row 142: ECO value is empty or not usable (blank).
[2026-07-01 08:45:17] Skipping row 143: ECO value is empty or not usable (blank).
[2026-07-01 08:45:19] Row 144: ECO lookup failed for DSM26037; treating as not submitted yet. Could not find Submitted/Released workflow dates for DSM26037.
Tried classes=['Change', 'ECO', 'Change Orders'] tables=['History', 'Workflow', 'Workflow Status']
No matching workflow rows found.
[2026-07-01 08:45:19] Updated row 144: ECO=DSM26037 Submitted=None Released=None
[2026-07-01 08:45:21] Row 145: ECO lookup failed for DSM26036; treating as not submitted yet. Could not find Submitted/Released workflow dates for DSM26036.
Tried classes=['Change', 'ECO', 'Change Orders'] tables=['History', 'Workflow', 'Workflow Status']
No matching workflow rows found.
[2026-07-01 08:45:21] Updated row 145: ECO=DSM26036 Submitted=None Released=None
[2026-07-01 08:45:21] Updated row 146: ECO=DSM26036 Submitted=None Released=None
[2026-07-01 08:45:21] Updated row 147: ECO=DSM26037 Submitted=None Released=None
[2026-07-01 08:45:21] Updated row 148: ECO=DSM26036 Submitted=None Released=None
[2026-07-01 08:45:21] Updated row 149: ECO=DSM26037 Submitted=None Released=None
[2026-07-01 08:45:24] Row 150: ECO lookup failed for DSM26026; treating as not submitted yet. Could not find Submitted/Released workflow dates for DSM26026.
Tried classes=['Change', 'ECO', 'Change Orders'] tables=['History', 'Workflow', 'Workflow Status']
No matching workflow rows found.
[2026-07-01 08:45:24] Updated row 150: ECO=DSM26026 Submitted=None Released=None
[2026-07-01 08:45:26] Row 151: ECO lookup failed for DSM26028; treating as not submitted yet. Could not find Submitted/Released workflow dates for DSM26028.
Tried classes=['Change', 'ECO', 'Change Orders'] tables=['History', 'Workflow', 'Workflow Status']
No matching workflow rows found.
[2026-07-01 08:45:26] Updated row 151: ECO=DSM26028 Submitted=None Released=None
[2026-07-01 08:45:28] Row 152: ECO lookup failed for DSM26030; treating as not submitted yet. Could not find Submitted/Released workflow dates for DSM26030.
Tried classes=['Change', 'ECO', 'Change Orders'] tables=['History', 'Workflow', 'Workflow Status']
No matching workflow rows found.
[2026-07-01 08:45:28] Updated row 152: ECO=DSM26030 Submitted=None Released=None
[2026-07-01 08:45:30] Row 153: ECO lookup failed for DSM26033; treating as not submitted yet. Could not find Submitted/Released workflow dates for DSM26033.
Tried classes=['Change', 'ECO', 'Change Orders'] tables=['History', 'Workflow', 'Workflow Status']
No matching workflow rows found.
[2026-07-01 08:45:30] Updated row 153: ECO=DSM26033 Submitted=None Released=None
[2026-07-01 08:45:30] Updated row 154: ECO=DSM26028 Submitted=None Released=None
[2026-07-01 08:45:30] Updated row 155: ECO=DSM26030 Submitted=None Released=None
[2026-07-01 08:45:30] Updated row 156: ECO=DSM26033 Submitted=None Released=None
[2026-07-01 08:45:30] Updated row 157: ECO=DSM26033 Submitted=None Released=None
[2026-07-01 08:45:30] Updated row 158: ECO=DSM26028 Submitted=None Released=None
[2026-07-01 08:45:30] Updated row 159: ECO=DSM26030 Submitted=None Released=None
[2026-07-01 08:45:31] Updated row 160: ECO=DSM26034 Submitted=01 Jul 2026 Released=None
[2026-07-01 08:45:31] Updated row 161: ECO=DSM26034 Submitted=01 Jul 2026 Released=None
[2026-07-01 08:45:31] Updated row 162: ECO=DSM26034 Submitted=01 Jul 2026 Released=None
[2026-07-01 08:45:32] Updated row 163: ECO=DSM26035 Submitted=01 Jul 2026 Released=None
[2026-07-01 08:45:35] Row 164: ECO lookup failed for DSM26021; treating as not submitted yet. Could not find Submitted/Released workflow dates for DSM26021.
Tried classes=['Change', 'ECO', 'Change Orders'] tables=['History', 'Workflow', 'Workflow Status']
No matching workflow rows found.
[2026-07-01 08:45:35] Updated row 164: ECO=DSM26021 Submitted=None Released=None
[2026-07-01 08:45:35] Updated row 165: ECO=DSM26035 Submitted=01 Jul 2026 Released=None
[2026-07-01 08:45:35] Updated row 166: ECO=DSM26021 Submitted=None Released=None
[2026-07-01 08:45:35] Updated row 167: ECO=DSM26035 Submitted=01 Jul 2026 Released=None
[2026-07-01 08:45:35] Updated row 168: ECO=DSM26021 Submitted=None Released=None
[2026-07-01 08:45:35] Updated row 169: ECO=DSM26035 Submitted=01 Jul 2026 Released=None
[2026-07-01 08:45:35] Updated row 170: ECO=DSM26021 Submitted=None Released=None
[2026-07-01 08:45:35] Updated row 171: ECO=DSM26035 Submitted=01 Jul 2026 Released=None
[2026-07-01 08:45:35] Updated row 172: ECO=DSM26021 Submitted=None Released=None
[2026-07-01 08:45:36] Updated row 173: ECO=DSM26025 Submitted=01 Jul 2026 Released=None
[2026-07-01 08:45:36] Updated row 174: ECO=DSM26025 Submitted=01 Jul 2026 Released=None
[2026-07-01 08:45:36] Updated row 175: ECO=DSM26025 Submitted=01 Jul 2026 Released=None
[2026-07-01 08:45:38] Row 176: ECO lookup failed for DSM26029; treating as not submitted yet. Could not find Submitted/Released workflow dates for DSM26029.
Tried classes=['Change', 'ECO', 'Change Orders'] tables=['History', 'Workflow', 'Workflow Status']
No matching workflow rows found.
[2026-07-01 08:45:38] Updated row 176: ECO=DSM26029 Submitted=None Released=None
[2026-07-01 08:45:40] Row 177: ECO lookup failed for DSM26031; treating as not submitted yet. Could not find Submitted/Released workflow dates for DSM26031.
Tried classes=['Change', 'ECO', 'Change Orders'] tables=['History', 'Workflow', 'Workflow Status']
No matching workflow rows found.
[2026-07-01 08:45:40] Updated row 177: ECO=DSM26031 Submitted=None Released=None
[2026-07-01 08:45:43] Row 178: ECO lookup failed for DSM26039; treating as not submitted yet. Could not find Submitted/Released workflow dates for DSM26039.
Tried classes=['Change', 'ECO', 'Change Orders'] tables=['History', 'Workflow', 'Workflow Status']
No matching workflow rows found.
[2026-07-01 08:45:43] Updated row 178: ECO=DSM26039 Submitted=None Released=None
[2026-07-01 08:45:45] Row 179: ECO lookup failed for DSM26043; treating as not submitted yet. Could not find Submitted/Released workflow dates for DSM26043.
Tried classes=['Change', 'ECO', 'Change Orders'] tables=['History', 'Workflow', 'Workflow Status']
No matching workflow rows found.
[2026-07-01 08:45:45] Updated row 179: ECO=DSM26043 Submitted=None Released=None
[2026-07-01 08:45:47] Row 180: ECO lookup failed for DSM26044; treating as not submitted yet. Could not find Submitted/Released workflow dates for DSM26044.
Tried classes=['Change', 'ECO', 'Change Orders'] tables=['History', 'Workflow', 'Workflow Status']
No matching workflow rows found.
[2026-07-01 08:45:47] Updated row 180: ECO=DSM26044 Submitted=None Released=None
[2026-07-01 08:45:50] Row 181: ECO lookup failed for DSM26042; treating as not submitted yet. Could not find Submitted/Released workflow dates for DSM26042.
Tried classes=['Change', 'ECO', 'Change Orders'] tables=['History', 'Workflow', 'Workflow Status']
No matching workflow rows found.
[2026-07-01 08:45:50] Updated row 181: ECO=DSM26042 Submitted=None Released=None
[2026-07-01 08:45:50] Updated row 182: ECO=DSM26029 Submitted=None Released=None
[2026-07-01 08:45:50] Updated row 183: ECO=DSM26031 Submitted=None Released=None
[2026-07-01 08:45:50] Updated row 184: ECO=DSM26039 Submitted=None Released=None
[2026-07-01 08:45:50] Updated row 185: ECO=DSM26043 Submitted=None Released=None
[2026-07-01 08:45:50] Updated row 186: ECO=DSM26044 Submitted=None Released=None
[2026-07-01 08:45:50] Updated row 187: ECO=DSM26042 Submitted=None Released=None
[2026-07-01 08:45:50] Updated row 188: ECO=DSM26029 Submitted=None Released=None
[2026-07-01 08:45:50] Updated row 189: ECO=DSM26031 Submitted=None Released=None
[2026-07-01 08:45:50] Updated row 190: ECO=DSM26039 Submitted=None Released=None
[2026-07-01 08:45:50] Updated row 191: ECO=DSM26043 Submitted=None Released=None
[2026-07-01 08:45:50] Updated row 192: ECO=DSM26044 Submitted=None Released=None
[2026-07-01 08:45:50] Updated row 193: ECO=DSM26042 Submitted=None Released=None
[2026-07-01 08:45:52] Updated row 194: ECO=CA90162HB Submitted=01 Jul 2026 Released=None
[2026-07-01 08:45:54] Row 195: ECO lookup failed for CA90167HB; treating as not submitted yet. Could not find Submitted/Released workflow dates for CA90167HB.
Tried classes=['Change', 'ECO', 'Change Orders'] tables=['History', 'Workflow', 'Workflow Status']
No matching workflow rows found.
[2026-07-01 08:45:54] Updated row 195: ECO=CA90167HB Submitted=None Released=None
[2026-07-01 08:45:54] Skipping row 196: ECO value is empty or not usable (blank).
[2026-07-01 08:45:54] Skipping row 197: ECO value is empty or not usable (blank).
[2026-07-01 08:45:54] Skipping row 198: ECO value is empty or not usable (blank).
[2026-07-01 08:45:54] Skipping row 199: ECO value is empty or not usable (blank).
[2026-07-01 08:45:54] Skipping row 200: ECO value is empty or not usable (blank).
[2026-07-01 08:45:54] Skipping row 201: ECO value is empty or not usable (blank).
[2026-07-01 08:45:54] Skipping row 202: ECO value is empty or not usable (blank).
[2026-07-01 08:45:54] Skipping row 203: ECO value is empty or not usable (blank).
[2026-07-01 08:45:54] Skipping row 204: ECO value is empty or not usable (blank).
[2026-07-01 08:45:54] Skipping row 205: ECO value is empty or not usable (blank).
[2026-07-01 08:45:54] Skipping row 206: ECO value is empty or not usable (blank).
[2026-07-01 08:45:54] Skipping row 207: ECO value is empty or not usable (blank).
[2026-07-01 08:45:54] Skipping row 208: ECO value is empty or not usable (blank).
[2026-07-01 08:45:54] Skipping row 209: ECO value is empty or not usable (blank).
[2026-07-01 08:45:54] Skipping row 210: ECO value is empty or not usable (blank).
[2026-07-01 08:45:54] Skipping row 211: ECO value is empty or not usable (blank).
[2026-07-01 08:45:54] Skipping row 212: ECO value is empty or not usable (blank).
[2026-07-01 08:45:54] Skipping row 213: ECO value is empty or not usable (blank).
[2026-07-01 08:45:54] Skipping row 214: ECO value is empty or not usable (blank).
[2026-07-01 08:45:54] Skipping row 215: ECO value is empty or not usable (blank).
[2026-07-01 08:45:54] Skipping row 216: ECO value is empty or not usable (blank).
[2026-07-01 08:45:54] Skipping row 217: ECO value is empty or not usable (blank).
[2026-07-01 08:45:54] Skipping row 218: ECO value is empty or not usable (blank).
[2026-07-01 08:45:54] Skipping row 219: ECO value is empty or not usable (blank).
[2026-07-01 08:45:54] Skipping row 220: ECO value is empty or not usable (blank).
[2026-07-01 08:45:54] Skipping row 221: ECO value is empty or not usable (blank).
[2026-07-01 08:45:54] Skipping row 222: ECO value is empty or not usable (blank).
[2026-07-01 08:45:54] Skipping row 223: ECO value is empty or not usable (blank).
[2026-07-01 08:45:54] Skipping row 224: ECO value is empty or not usable (blank).
[2026-07-01 08:45:54] Skipping row 225: ECO value is empty or not usable (blank).
[2026-07-01 08:45:54] Skipping row 226: ECO value is empty or not usable (blank).
[2026-07-01 08:45:54] Skipping row 227: ECO value is empty or not usable (blank).
[2026-07-01 08:45:54] Skipping row 228: ECO value is empty or not usable (blank).
[2026-07-01 08:45:54] Skipping row 229: ECO value is empty or not usable (blank).
[2026-07-01 08:45:54] Skipping row 230: ECO value is empty or not usable (blank).
[2026-07-01 08:45:54] Skipping row 231: ECO value is empty or not usable (blank).
[2026-07-01 08:45:54] Skipping row 232: ECO value is empty or not usable (blank).
[2026-07-01 08:45:54] Skipping row 233: ECO value is empty or not usable (blank).
[2026-07-01 08:45:54] Skipping row 234: ECO value is empty or not usable (blank).
[2026-07-01 08:45:54] Workbook looks free. Waiting 30 seconds for OneDrive to settle...
[2026-07-01 08:46:24] Saving workbook to C:\Users\kmageshkumar\OneDrive - Ichor Systems\AMAT SGP ECO Tracker.xlsx...
[2026-07-01 08:46:24] Workbook save complete.
[2026-07-01 08:46:24] Workbook updated: C:\Users\kmageshkumar\OneDrive - Ichor Systems\AMAT SGP ECO Tracker.xlsx
[2026-07-02 06:00:04] Workbook looks free. Waiting 30 seconds for OneDrive to settle...
[2026-07-02 06:00:38] Updated row 2: ECO=CA89812HB Submitted=17 Jun 2026 Released=18 Jun 2026
[2026-07-02 06:00:38] Updated row 3: ECO=CA89812HB Submitted=17 Jun 2026 Released=18 Jun 2026
[2026-07-02 06:00:39] Updated row 4: ECO=CA89800HB Submitted=17 Jun 2026 Released=18 Jun 2026
[2026-07-02 06:00:39] Updated row 5: ECO=CA89800HB Submitted=17 Jun 2026 Released=18 Jun 2026
[2026-07-02 06:00:39] Updated row 6: ECO=CA89800HB Submitted=17 Jun 2026 Released=18 Jun 2026
[2026-07-02 06:00:40] Updated row 7: ECO=CA89823HB Submitted=16 Jun 2026 Released=17 Jun 2026
[2026-07-02 06:00:41] Updated row 8: ECO=CA89799HB Submitted=17 Jun 2026 Released=18 Jun 2026
[2026-07-02 06:00:42] Updated row 9: ECO=CA89813HB Submitted=17 Jun 2026 Released=18 Jun 2026
[2026-07-02 06:00:43] Updated row 10: ECO=CA89819HB Submitted=16 Jun 2026 Released=17 Jun 2026
[2026-07-02 06:00:44] Updated row 11: ECO=CA89817HB Submitted=17 Jun 2026 Released=18 Jun 2026
[2026-07-02 06:00:45] Updated row 12: ECO=CA89801HB Submitted=17 Jun 2026 Released=18 Jun 2026
[2026-07-02 06:00:46] Updated row 13: ECO=CA89804HB Submitted=17 Jun 2026 Released=18 Jun 2026
[2026-07-02 06:00:47] Updated row 14: ECO=CA89818HB Submitted=17 Jun 2026 Released=18 Jun 2026
[2026-07-02 06:00:47] Skipping row 15: ECO value is empty or not usable (NA).
[2026-07-02 06:00:47] Skipping row 16: ECO value is empty or not usable (NA).
[2026-07-02 06:00:47] Skipping row 17: ECO value is empty or not usable (NA).
[2026-07-02 06:00:48] Updated row 18: ECO=CA89851HB Submitted=18 Jun 2026 Released=20 Jun 2026
[2026-07-02 06:00:48] Updated row 19: ECO=CA89851HB Submitted=18 Jun 2026 Released=20 Jun 2026
[2026-07-02 06:00:48] Updated row 20: ECO=CA89851HB Submitted=18 Jun 2026 Released=20 Jun 2026
[2026-07-02 06:00:49] Updated row 21: ECO=CA89905HB Submitted=20 Jun 2026 Released=23 Jun 2026
[2026-07-02 06:00:50] Updated row 22: ECO=CA89878HB Submitted=18 Jun 2026 Released=19 Jun 2026
[2026-07-02 06:00:50] Updated row 23: ECO=CA89878HB Submitted=18 Jun 2026 Released=19 Jun 2026
[2026-07-02 06:00:51] Updated row 24: ECO=CA89886HB Submitted=19 Jun 2026 Released=20 Jun 2026
[2026-07-02 06:00:53] Updated row 25: ECO=CA89881HB Submitted=19 Jun 2026 Released=20 Jun 2026
[2026-07-02 06:00:54] Updated row 26: ECO=CA89910HB Submitted=18 Jun 2026 Released=19 Jun 2026
[2026-07-02 06:00:54] Updated row 27: ECO=CA89910HB Submitted=18 Jun 2026 Released=19 Jun 2026
[2026-07-02 06:00:54] Updated row 28: ECO=CA89910HB Submitted=18 Jun 2026 Released=19 Jun 2026
[2026-07-02 06:00:55] Updated row 29: ECO=CA89966HB Submitted=23 Jun 2026 Released=25 Jun 2026
[2026-07-02 06:00:55] Updated row 30: ECO=CA89966HB Submitted=23 Jun 2026 Released=25 Jun 2026
[2026-07-02 06:00:56] Updated row 31: ECO=CA89497HB Submitted=30 May 2026 Released=02 Jun 2026
[2026-07-02 06:00:57] Updated row 32: ECO=CA90044HB Submitted=24 Jun 2026 Released=25 Jun 2026
[2026-07-02 06:00:57] Updated row 33: ECO=CA90044HB Submitted=24 Jun 2026 Released=25 Jun 2026
[2026-07-02 06:00:57] Updated row 34: ECO=CA90044HB Submitted=24 Jun 2026 Released=25 Jun 2026
[2026-07-02 06:00:57] Updated row 35: ECO=CA90044HB Submitted=24 Jun 2026 Released=25 Jun 2026
[2026-07-02 06:00:58] Updated row 36: ECO=DSM25989 Submitted=23 Jun 2026 Released=25 Jun 2026
[2026-07-02 06:00:58] Updated row 37: ECO=DSM25989 Submitted=23 Jun 2026 Released=25 Jun 2026
[2026-07-02 06:00:58] Updated row 38: ECO=DSM25989 Submitted=23 Jun 2026 Released=25 Jun 2026
[2026-07-02 06:00:59] Updated row 39: ECO=DSM26016 Submitted=25 Jun 2026 Released=26 Jun 2026
[2026-07-02 06:00:59] Updated row 40: ECO=DSM26016 Submitted=25 Jun 2026 Released=26 Jun 2026
[2026-07-02 06:00:59] Updated row 41: ECO=DSM26016 Submitted=25 Jun 2026 Released=26 Jun 2026
[2026-07-02 06:01:00] Updated row 42: ECO=DSM25993 Submitted=30 Jun 2026 Released=02 Jul 2026
[2026-07-02 06:01:00] Updated row 43: ECO=DSM25993 Submitted=30 Jun 2026 Released=02 Jul 2026
[2026-07-02 06:01:01] Updated row 44: ECO=DSM25983 Submitted=24 Jun 2026 Released=25 Jun 2026
[2026-07-02 06:01:01] Updated row 45: ECO=DSM25983 Submitted=24 Jun 2026 Released=25 Jun 2026
[2026-07-02 06:01:01] Updated row 46: ECO=DSM25983 Submitted=24 Jun 2026 Released=25 Jun 2026
[2026-07-02 06:01:02] Updated row 47: ECO=DSM25980 Submitted=24 Jun 2026 Released=25 Jun 2026
[2026-07-02 06:01:02] Updated row 48: ECO=DSM25980 Submitted=24 Jun 2026 Released=25 Jun 2026
[2026-07-02 06:01:02] Updated row 49: ECO=DSM25980 Submitted=24 Jun 2026 Released=25 Jun 2026
[2026-07-02 06:01:03] Updated row 50: ECO=DSM25982 Submitted=24 Jun 2026 Released=25 Jun 2026
[2026-07-02 06:01:03] Updated row 51: ECO=DSM25982 Submitted=24 Jun 2026 Released=25 Jun 2026
[2026-07-02 06:01:03] Updated row 52: ECO=DSM25982 Submitted=24 Jun 2026 Released=25 Jun 2026
[2026-07-02 06:01:04] Updated row 53: ECO=DSM25996 Submitted=24 Jun 2026 Released=25 Jun 2026
[2026-07-02 06:01:04] Updated row 54: ECO=DSM25996 Submitted=24 Jun 2026 Released=25 Jun 2026
[2026-07-02 06:01:04] Updated row 55: ECO=DSM25996 Submitted=24 Jun 2026 Released=25 Jun 2026
[2026-07-02 06:01:05] Updated row 56: ECO=DSM26004 Submitted=24 Jun 2026 Released=25 Jun 2026
[2026-07-02 06:01:06] Updated row 57: ECO=DSM26001 Submitted=24 Jun 2026 Released=25 Jun 2026
[2026-07-02 06:01:06] Updated row 58: ECO=DSM26001 Submitted=24 Jun 2026 Released=25 Jun 2026
[2026-07-02 06:01:06] Updated row 59: ECO=DSM26001 Submitted=24 Jun 2026 Released=25 Jun 2026
[2026-07-02 06:01:07] Updated row 60: ECO=DSM25998 Submitted=24 Jun 2026 Released=25 Jun 2026
[2026-07-02 06:01:09] Updated row 61: ECO=DSM25987 Submitted=23 Jun 2026 Released=25 Jun 2026
[2026-07-02 06:01:09] Updated row 62: ECO=DSM25987 Submitted=23 Jun 2026 Released=25 Jun 2026
[2026-07-02 06:01:09] Updated row 63: ECO=DSM25987 Submitted=23 Jun 2026 Released=25 Jun 2026
[2026-07-02 06:01:10] Updated row 64: ECO=DSM25990 Submitted=24 Jun 2026 Released=25 Jun 2026
[2026-07-02 06:01:11] Updated row 65: ECO=DSM25984 Submitted=23 Jun 2026 Released=25 Jun 2026
[2026-07-02 06:01:11] Updated row 66: ECO=DSM25984 Submitted=23 Jun 2026 Released=25 Jun 2026
[2026-07-02 06:01:11] Updated row 67: ECO=DSM25984 Submitted=23 Jun 2026 Released=25 Jun 2026
[2026-07-02 06:01:12] Updated row 68: ECO=DSM25986 Submitted=23 Jun 2026 Released=25 Jun 2026
[2026-07-02 06:01:13] Updated row 69: ECO=DSM25994 Submitted=23 Jun 2026 Released=25 Jun 2026
[2026-07-02 06:01:13] Updated row 70: ECO=DSM25994 Submitted=23 Jun 2026 Released=25 Jun 2026
[2026-07-02 06:01:13] Updated row 71: ECO=DSM25994 Submitted=23 Jun 2026 Released=25 Jun 2026
[2026-07-02 06:01:14] Updated row 72: ECO=DSM25995 Submitted=23 Jun 2026 Released=25 Jun 2026
[2026-07-02 06:01:14] Updated row 73: ECO=DSM25987 Submitted=23 Jun 2026 Released=25 Jun 2026
[2026-07-02 06:01:15] Updated row 74: ECO=DSM26002 Submitted=24 Jun 2026 Released=25 Jun 2026
[2026-07-02 06:01:16] Updated row 75: ECO=DSM26011 Submitted=26 Jun 2026 Released=30 Jun 2026
[2026-07-02 06:01:16] Updated row 76: ECO=DSM26011 Submitted=26 Jun 2026 Released=30 Jun 2026
[2026-07-02 06:01:16] Updated row 77: ECO=DSM26011 Submitted=26 Jun 2026 Released=30 Jun 2026
[2026-07-02 06:01:16] Updated row 78: ECO=DSM26011 Submitted=26 Jun 2026 Released=30 Jun 2026
[2026-07-02 06:01:16] Updated row 79: ECO=DSM26011 Submitted=26 Jun 2026 Released=30 Jun 2026
[2026-07-02 06:01:17] Updated row 80: ECO=DSM25991 Submitted=24 Jun 2026 Released=25 Jun 2026
[2026-07-02 06:01:18] Updated row 81: ECO=DSM26013 Submitted=25 Jun 2026 Released=26 Jun 2026
[2026-07-02 06:01:18] Updated row 82: ECO=DSM26013 Submitted=25 Jun 2026 Released=26 Jun 2026
[2026-07-02 06:01:18] Updated row 83: ECO=DSM26013 Submitted=25 Jun 2026 Released=26 Jun 2026
[2026-07-02 06:01:19] Updated row 84: ECO=DSM25988 Submitted=23 Jun 2026 Released=25 Jun 2026
[2026-07-02 06:01:21] Updated row 85: ECO=DSM26008 Submitted=24 Jun 2026 Released=26 Jun 2026
[2026-07-02 06:01:21] Updated row 86: ECO=DSM26008 Submitted=24 Jun 2026 Released=26 Jun 2026
[2026-07-02 06:01:21] Updated row 87: ECO=DSM26008 Submitted=24 Jun 2026 Released=26 Jun 2026
[2026-07-02 06:01:22] Updated row 88: ECO=DSM26003 Submitted=24 Jun 2026 Released=25 Jun 2026
[2026-07-02 06:01:23] Updated row 89: ECO=DSM26000 Submitted=24 Jun 2026 Released=25 Jun 2026
[2026-07-02 06:01:23] Updated row 90: ECO=DSM26000 Submitted=24 Jun 2026 Released=25 Jun 2026
[2026-07-02 06:01:23] Updated row 91: ECO=DSM26000 Submitted=24 Jun 2026 Released=25 Jun 2026
[2026-07-02 06:01:24] Updated row 92: ECO=DSM26005 Submitted=24 Jun 2026 Released=25 Jun 2026
[2026-07-02 06:01:25] Updated row 93: ECO=DSM26006 Submitted=24 Jun 2026 Released=25 Jun 2026
[2026-07-02 06:01:26] Updated row 94: ECO=CA90084HB Submitted=24 Jun 2026 Released=26 Jun 2026
[2026-07-02 06:01:27] Updated row 95: ECO=CA90087HB Submitted=25 Jun 2026 Released=26 Jun 2026
[2026-07-02 06:01:28] Updated row 96: ECO=CA90080HB Submitted=25 Jun 2026 Released=26 Jun 2026
[2026-07-02 06:01:28] Updated row 97: ECO=CA90080HB Submitted=25 Jun 2026 Released=26 Jun 2026
[2026-07-02 06:01:28] Updated row 98: ECO=CA90080HB Submitted=25 Jun 2026 Released=26 Jun 2026
[2026-07-02 06:01:28] Updated row 99: ECO=CA90080HB Submitted=25 Jun 2026 Released=26 Jun 2026
[2026-07-02 06:01:29] Updated row 100: ECO=CA90088HB Submitted=25 Jun 2026 Released=26 Jun 2026
[2026-07-02 06:01:30] Updated row 101: ECO=CA90075HB Submitted=27 Jun 2026 Released=30 Jun 2026
[2026-07-02 06:01:30] Updated row 102: ECO=CA90075HB Submitted=27 Jun 2026 Released=30 Jun 2026
[2026-07-02 06:01:30] Updated row 103: ECO=CA90075HB Submitted=27 Jun 2026 Released=30 Jun 2026
[2026-07-02 06:01:31] Updated row 104: ECO=CA90068HB Submitted=25 Jun 2026 Released=26 Jun 2026
[2026-07-02 06:01:31] Updated row 105: ECO=CA90068HB Submitted=25 Jun 2026 Released=26 Jun 2026
[2026-07-02 06:01:31] Updated row 106: ECO=CA90068HB Submitted=25 Jun 2026 Released=26 Jun 2026
[2026-07-02 06:01:31] Updated row 107: ECO=CA90068HB Submitted=25 Jun 2026 Released=26 Jun 2026
[2026-07-02 06:01:32] Updated row 108: ECO=CA90078HB Submitted=25 Jun 2026 Released=26 Jun 2026
[2026-07-02 06:01:33] Updated row 109: ECO=CA90083HB Submitted=25 Jun 2026 Released=26 Jun 2026
[2026-07-02 06:01:34] Updated row 110: ECO=CA90081HB Submitted=25 Jun 2026 Released=26 Jun 2026
[2026-07-02 06:01:35] Updated row 111: ECO=CA90082HB Submitted=25 Jun 2026 Released=26 Jun 2026
[2026-07-02 06:01:36] Updated row 112: ECO=CA90073HB Submitted=30 Jun 2026 Released=02 Jul 2026
[2026-07-02 06:01:37] Updated row 113: ECO=CA90070HB Submitted=25 Jun 2026 Released=25 Jun 2026
[2026-07-02 06:01:37] Updated row 114: ECO=CA90070HB Submitted=25 Jun 2026 Released=25 Jun 2026
[2026-07-02 06:01:37] Updated row 115: ECO=CA90070HB Submitted=25 Jun 2026 Released=25 Jun 2026
[2026-07-02 06:01:37] Updated row 116: ECO=CA90070HB Submitted=25 Jun 2026 Released=25 Jun 2026
[2026-07-02 06:01:38] Updated row 117: ECO=DSM26017 Submitted=25 Jun 2026 Released=26 Jun 2026
[2026-07-02 06:01:38] Updated row 118: ECO=DSM26017 Submitted=25 Jun 2026 Released=26 Jun 2026
[2026-07-02 06:01:38] Updated row 119: ECO=DSM26017 Submitted=25 Jun 2026 Released=26 Jun 2026
[2026-07-02 06:01:38] Skipping row 120: ECO value is empty or not usable (N/A).
[2026-07-02 06:01:39] Updated row 121: ECO=CA90109HB Submitted=25 Jun 2026 Released=26 Jun 2026
[2026-07-02 06:01:40] Updated row 122: ECO=CA90104HB Submitted=25 Jun 2026 Released=26 Jun 2026
[2026-07-02 06:01:40] Updated row 123: ECO=CA90104HB Submitted=25 Jun 2026 Released=26 Jun 2026
[2026-07-02 06:01:42] Row 124: ECO lookup failed for CA90141HB; treating as not submitted yet. Could not find Submitted/Released workflow dates for CA90141HB.
Tried classes=['Change', 'ECO', 'Change Orders'] tables=['History', 'Workflow', 'Workflow Status']
No matching workflow rows found.
[2026-07-02 06:01:42] Updated row 124: ECO=CA90141HB Submitted=None Released=None
[2026-07-02 06:01:44] Row 125: ECO lookup failed for CA90142HB; treating as not submitted yet. Could not find Submitted/Released workflow dates for CA90142HB.
Tried classes=['Change', 'ECO', 'Change Orders'] tables=['History', 'Workflow', 'Workflow Status']
No matching workflow rows found.
[2026-07-02 06:01:44] Updated row 125: ECO=CA90142HB Submitted=None Released=None
[2026-07-02 06:01:46] Row 126: ECO lookup failed for CA90137HB; treating as not submitted yet. Could not find Submitted/Released workflow dates for CA90137HB.
Tried classes=['Change', 'ECO', 'Change Orders'] tables=['History', 'Workflow', 'Workflow Status']
No matching workflow rows found.
[2026-07-02 06:01:46] Updated row 126: ECO=CA90137HB Submitted=None Released=None
[2026-07-02 06:01:47] Updated row 127: ECO=DSM26022 Submitted=02 Jul 2026 Released=None
[2026-07-02 06:01:47] Updated row 128: ECO=DSM26022 Submitted=02 Jul 2026 Released=None
[2026-07-02 06:01:47] Updated row 129: ECO=DSM26022 Submitted=02 Jul 2026 Released=None
[2026-07-02 06:01:48] Updated row 130: ECO=DSM26023 Submitted=01 Jul 2026 Released=02 Jul 2026
[2026-07-02 06:01:48] Updated row 131: ECO=DSM26023 Submitted=01 Jul 2026 Released=02 Jul 2026
[2026-07-02 06:01:49] Updated row 132: ECO=DSM26023 Submitted=01 Jul 2026 Released=02 Jul 2026
[2026-07-02 06:01:49] Updated row 133: ECO=DSM26038 Submitted=01 Jul 2026 Released=02 Jul 2026
[2026-07-02 06:01:50] Updated row 134: ECO=DSM26040 Submitted=01 Jul 2026 Released=02 Jul 2026
[2026-07-02 06:01:50] Updated row 135: ECO=DSM26040 Submitted=01 Jul 2026 Released=02 Jul 2026
[2026-07-02 06:01:50] Updated row 136: ECO=DSM26040 Submitted=01 Jul 2026 Released=02 Jul 2026
[2026-07-02 06:01:51] Updated row 137: ECO=DSM26041 Submitted=01 Jul 2026 Released=02 Jul 2026
[2026-07-02 06:01:52] Updated row 138: ECO=DSM26024 Submitted=30 Jun 2026 Released=02 Jul 2026
[2026-07-02 06:01:53] Updated row 139: ECO=DSM26027 Submitted=30 Jun 2026 Released=02 Jul 2026
[2026-07-02 06:01:54] Updated row 140: ECO=DSM26045 Submitted=01 Jul 2026 Released=None
[2026-07-02 06:01:54] Updated row 141: ECO=DSM26045 Submitted=01 Jul 2026 Released=None
[2026-07-02 06:01:54] Updated row 142: ECO=DSM26045 Submitted=01 Jul 2026 Released=None
[2026-07-02 06:01:54] Skipping row 143: ECO value is empty or not usable (blank).
[2026-07-02 06:01:57] Row 144: ECO lookup failed for DSM26037; treating as not submitted yet. Could not find Submitted/Released workflow dates for DSM26037.
Tried classes=['Change', 'ECO', 'Change Orders'] tables=['History', 'Workflow', 'Workflow Status']
No matching workflow rows found.
[2026-07-02 06:01:57] Updated row 144: ECO=DSM26037 Submitted=None Released=None
[2026-07-02 06:01:59] Row 145: ECO lookup failed for DSM26036; treating as not submitted yet. Could not find Submitted/Released workflow dates for DSM26036.
Tried classes=['Change', 'ECO', 'Change Orders'] tables=['History', 'Workflow', 'Workflow Status']
No matching workflow rows found.
[2026-07-02 06:01:59] Updated row 145: ECO=DSM26036 Submitted=None Released=None
[2026-07-02 06:01:59] Updated row 146: ECO=DSM26036 Submitted=None Released=None
[2026-07-02 06:01:59] Updated row 147: ECO=DSM26037 Submitted=None Released=None
[2026-07-02 06:01:59] Updated row 148: ECO=DSM26036 Submitted=None Released=None
[2026-07-02 06:01:59] Updated row 149: ECO=DSM26037 Submitted=None Released=None
[2026-07-02 06:02:01] Row 150: ECO lookup failed for DSM26026; treating as not submitted yet. Could not find Submitted/Released workflow dates for DSM26026.
Tried classes=['Change', 'ECO', 'Change Orders'] tables=['History', 'Workflow', 'Workflow Status']
No matching workflow rows found.
[2026-07-02 06:02:01] Updated row 150: ECO=DSM26026 Submitted=None Released=None
[2026-07-02 06:02:03] Row 151: ECO lookup failed for DSM26028; treating as not submitted yet. Could not find Submitted/Released workflow dates for DSM26028.
Tried classes=['Change', 'ECO', 'Change Orders'] tables=['History', 'Workflow', 'Workflow Status']
No matching workflow rows found.
[2026-07-02 06:02:03] Updated row 151: ECO=DSM26028 Submitted=None Released=None
[2026-07-02 06:02:05] Row 152: ECO lookup failed for DSM26030; treating as not submitted yet. Could not find Submitted/Released workflow dates for DSM26030.
Tried classes=['Change', 'ECO', 'Change Orders'] tables=['History', 'Workflow', 'Workflow Status']
No matching workflow rows found.
[2026-07-02 06:02:05] Updated row 152: ECO=DSM26030 Submitted=None Released=None
[2026-07-02 06:02:07] Row 153: ECO lookup failed for DSM26033; treating as not submitted yet. Could not find Submitted/Released workflow dates for DSM26033.
Tried classes=['Change', 'ECO', 'Change Orders'] tables=['History', 'Workflow', 'Workflow Status']
No matching workflow rows found.
[2026-07-02 06:02:07] Updated row 153: ECO=DSM26033 Submitted=None Released=None
[2026-07-02 06:02:07] Updated row 154: ECO=DSM26028 Submitted=None Released=None
[2026-07-02 06:02:07] Updated row 155: ECO=DSM26030 Submitted=None Released=None
[2026-07-02 06:02:07] Updated row 156: ECO=DSM26033 Submitted=None Released=None
[2026-07-02 06:02:07] Updated row 157: ECO=DSM26033 Submitted=None Released=None
[2026-07-02 06:02:07] Updated row 158: ECO=DSM26028 Submitted=None Released=None
[2026-07-02 06:02:07] Updated row 159: ECO=DSM26030 Submitted=None Released=None
[2026-07-02 06:02:08] Updated row 160: ECO=DSM26034 Submitted=01 Jul 2026 Released=02 Jul 2026
[2026-07-02 06:02:08] Updated row 161: ECO=DSM26034 Submitted=01 Jul 2026 Released=02 Jul 2026
[2026-07-02 06:02:08] Updated row 162: ECO=DSM26034 Submitted=01 Jul 2026 Released=02 Jul 2026
[2026-07-02 06:02:09] Updated row 163: ECO=DSM26035 Submitted=01 Jul 2026 Released=02 Jul 2026
[2026-07-02 06:02:11] Updated row 164: ECO=DSM26021 Submitted=02 Jul 2026 Released=None
[2026-07-02 06:02:11] Updated row 165: ECO=DSM26035 Submitted=01 Jul 2026 Released=02 Jul 2026
[2026-07-02 06:02:11] Updated row 166: ECO=DSM26021 Submitted=02 Jul 2026 Released=None
[2026-07-02 06:02:11] Updated row 167: ECO=DSM26035 Submitted=01 Jul 2026 Released=02 Jul 2026
[2026-07-02 06:02:11] Updated row 168: ECO=DSM26021 Submitted=02 Jul 2026 Released=None
[2026-07-02 06:02:11] Updated row 169: ECO=DSM26035 Submitted=01 Jul 2026 Released=02 Jul 2026
[2026-07-02 06:02:11] Updated row 170: ECO=DSM26021 Submitted=02 Jul 2026 Released=None
[2026-07-02 06:02:11] Updated row 171: ECO=DSM26035 Submitted=01 Jul 2026 Released=02 Jul 2026
[2026-07-02 06:02:11] Updated row 172: ECO=DSM26021 Submitted=02 Jul 2026 Released=None
[2026-07-02 06:02:12] Updated row 173: ECO=DSM26025 Submitted=01 Jul 2026 Released=02 Jul 2026
[2026-07-02 06:02:12] Updated row 174: ECO=DSM26025 Submitted=01 Jul 2026 Released=02 Jul 2026
[2026-07-02 06:02:12] Updated row 175: ECO=DSM26025 Submitted=01 Jul 2026 Released=02 Jul 2026
[2026-07-02 06:02:13] Updated row 176: ECO=DSM26029 Submitted=02 Jul 2026 Released=None
[2026-07-02 06:02:15] Row 177: ECO lookup failed for DSM26031; treating as not submitted yet. Could not find Submitted/Released workflow dates for DSM26031.
Tried classes=['Change', 'ECO', 'Change Orders'] tables=['History', 'Workflow', 'Workflow Status']
No matching workflow rows found.
[2026-07-02 06:02:15] Updated row 177: ECO=DSM26031 Submitted=None Released=None
[2026-07-02 06:02:17] Row 178: ECO lookup failed for DSM26039; treating as not submitted yet. Could not find Submitted/Released workflow dates for DSM26039.
Tried classes=['Change', 'ECO', 'Change Orders'] tables=['History', 'Workflow', 'Workflow Status']
No matching workflow rows found.
[2026-07-02 06:02:17] Updated row 178: ECO=DSM26039 Submitted=None Released=None
[2026-07-02 06:02:19] Row 179: ECO lookup failed for DSM26043; treating as not submitted yet. Could not find Submitted/Released workflow dates for DSM26043.
Tried classes=['Change', 'ECO', 'Change Orders'] tables=['History', 'Workflow', 'Workflow Status']
No matching workflow rows found.
[2026-07-02 06:02:19] Updated row 179: ECO=DSM26043 Submitted=None Released=None
[2026-07-02 06:02:21] Row 180: ECO lookup failed for DSM26044; treating as not submitted yet. Could not find Submitted/Released workflow dates for DSM26044.
Tried classes=['Change', 'ECO', 'Change Orders'] tables=['History', 'Workflow', 'Workflow Status']
No matching workflow rows found.
[2026-07-02 06:02:21] Updated row 180: ECO=DSM26044 Submitted=None Released=None
[2026-07-02 06:02:24] Row 181: ECO lookup failed for DSM26042; treating as not submitted yet. Could not find Submitted/Released workflow dates for DSM26042.
Tried classes=['Change', 'ECO', 'Change Orders'] tables=['History', 'Workflow', 'Workflow Status']
No matching workflow rows found.
[2026-07-02 06:02:24] Updated row 181: ECO=DSM26042 Submitted=None Released=None
[2026-07-02 06:02:24] Updated row 182: ECO=DSM26029 Submitted=02 Jul 2026 Released=None
[2026-07-02 06:02:24] Updated row 183: ECO=DSM26031 Submitted=None Released=None
[2026-07-02 06:02:24] Updated row 184: ECO=DSM26039 Submitted=None Released=None
[2026-07-02 06:02:24] Updated row 185: ECO=DSM26043 Submitted=None Released=None
[2026-07-02 06:02:24] Updated row 186: ECO=DSM26044 Submitted=None Released=None
[2026-07-02 06:02:24] Updated row 187: ECO=DSM26042 Submitted=None Released=None
[2026-07-02 06:02:24] Updated row 188: ECO=DSM26029 Submitted=02 Jul 2026 Released=None
[2026-07-02 06:02:24] Updated row 189: ECO=DSM26031 Submitted=None Released=None
[2026-07-02 06:02:24] Updated row 190: ECO=DSM26039 Submitted=None Released=None
[2026-07-02 06:02:24] Updated row 191: ECO=DSM26043 Submitted=None Released=None
[2026-07-02 06:02:24] Updated row 192: ECO=DSM26044 Submitted=None Released=None
[2026-07-02 06:02:24] Updated row 193: ECO=DSM26042 Submitted=None Released=None
[2026-07-02 06:02:25] Updated row 194: ECO=CA90162HB Submitted=01 Jul 2026 Released=02 Jul 2026
[2026-07-02 06:02:26] Updated row 195: ECO=CA90167HB Submitted=02 Jul 2026 Released=None
[2026-07-02 06:02:28] Row 196: ECO lookup failed for CA90173HB; treating as not submitted yet. Could not find Submitted/Released workflow dates for CA90173HB.
Tried classes=['Change', 'ECO', 'Change Orders'] tables=['History', 'Workflow', 'Workflow Status']
No matching workflow rows found.
[2026-07-02 06:02:28] Updated row 196: ECO=CA90173HB Submitted=None Released=None
[2026-07-02 06:02:28] Updated row 197: ECO=CA90173HB Submitted=None Released=None
[2026-07-02 06:02:28] Updated row 198: ECO=CA90173HB Submitted=None Released=None
[2026-07-02 06:02:30] Row 199: ECO lookup failed for CA90176HB; treating as not submitted yet. Could not find Submitted/Released workflow dates for CA90176HB.
Tried classes=['Change', 'ECO', 'Change Orders'] tables=['History', 'Workflow', 'Workflow Status']
No matching workflow rows found.
[2026-07-02 06:02:30] Updated row 199: ECO=CA90176HB Submitted=None Released=None
[2026-07-02 06:02:30] Updated row 200: ECO=CA90176HB Submitted=None Released=None
[2026-07-02 06:02:30] Updated row 201: ECO=CA90176HB Submitted=None Released=None
[2026-07-02 06:02:32] Row 202: ECO lookup failed for CA90181HB; treating as not submitted yet. Could not find Submitted/Released workflow dates for CA90181HB.
Tried classes=['Change', 'ECO', 'Change Orders'] tables=['History', 'Workflow', 'Workflow Status']
No matching workflow rows found.
[2026-07-02 06:02:32] Updated row 202: ECO=CA90181HB Submitted=None Released=None
[2026-07-02 06:02:32] Updated row 203: ECO=CA90181HB Submitted=None Released=None
[2026-07-02 06:02:32] Updated row 204: ECO=CA90181HB Submitted=None Released=None
[2026-07-02 06:02:34] Row 205: ECO lookup failed for CA90172HB; treating as not submitted yet. Could not find Submitted/Released workflow dates for CA90172HB.
Tried classes=['Change', 'ECO', 'Change Orders'] tables=['History', 'Workflow', 'Workflow Status']
No matching workflow rows found.
[2026-07-02 06:02:34] Updated row 205: ECO=CA90172HB Submitted=None Released=None
[2026-07-02 06:02:34] Updated row 206: ECO=CA90172HB Submitted=None Released=None
[2026-07-02 06:02:34] Updated row 207: ECO=CA90172HB Submitted=None Released=None
[2026-07-02 06:02:36] Row 208: ECO lookup failed for CA90174HB; treating as not submitted yet. Could not find Submitted/Released workflow dates for CA90174HB.
Tried classes=['Change', 'ECO', 'Change Orders'] tables=['History', 'Workflow', 'Workflow Status']
No matching workflow rows found.
[2026-07-02 06:02:36] Updated row 208: ECO=CA90174HB Submitted=None Released=None
[2026-07-02 06:02:36] Updated row 209: ECO=CA90174HB Submitted=None Released=None
[2026-07-02 06:02:36] Updated row 210: ECO=CA90174HB Submitted=None Released=None
[2026-07-02 06:02:39] Row 211: ECO lookup failed for CA90170HB; treating as not submitted yet. Could not find Submitted/Released workflow dates for CA90170HB.
Tried classes=['Change', 'ECO', 'Change Orders'] tables=['History', 'Workflow', 'Workflow Status']
No matching workflow rows found.
[2026-07-02 06:02:39] Updated row 211: ECO=CA90170HB Submitted=None Released=None
[2026-07-02 06:02:39] Updated row 212: ECO=CA90170HB Submitted=None Released=None
[2026-07-02 06:02:39] Updated row 213: ECO=CA90170HB Submitted=None Released=None
[2026-07-02 06:02:41] Row 214: ECO lookup failed for CA90171HB; treating as not submitted yet. Could not find Submitted/Released workflow dates for CA90171HB.
Tried classes=['Change', 'ECO', 'Change Orders'] tables=['History', 'Workflow', 'Workflow Status']
No matching workflow rows found.
[2026-07-02 06:02:41] Updated row 214: ECO=CA90171HB Submitted=None Released=None
[2026-07-02 06:02:41] Updated row 215: ECO=CA90171HB Submitted=None Released=None
[2026-07-02 06:02:41] Updated row 216: ECO=CA90171HB Submitted=None Released=None
[2026-07-02 06:02:43] Row 217: ECO lookup failed for CA90183HB; treating as not submitted yet. Could not find Submitted/Released workflow dates for CA90183HB.
Tried classes=['Change', 'ECO', 'Change Orders'] tables=['History', 'Workflow', 'Workflow Status']
No matching workflow rows found.
[2026-07-02 06:02:43] Updated row 217: ECO=CA90183HB Submitted=None Released=None
[2026-07-02 06:02:43] Updated row 218: ECO=CA90183HB Submitted=None Released=None
[2026-07-02 06:02:43] Updated row 219: ECO=CA90183HB Submitted=None Released=None
[2026-07-02 06:02:43] Skipping row 220: ECO value is empty or not usable (blank).
[2026-07-02 06:02:44] Updated row 221: ECO=CA90184HB Submitted=02 Jul 2026 Released=None
[2026-07-02 06:02:44] Updated row 222: ECO=CA90184HB Submitted=02 Jul 2026 Released=None
[2026-07-02 06:02:45] Updated row 223: ECO=CA90182HB Submitted=01 Jul 2026 Released=None
[2026-07-02 06:02:45] Updated row 224: ECO=CA90182HB Submitted=01 Jul 2026 Released=None
[2026-07-02 06:02:45] Updated row 225: ECO=CA90182HB Submitted=01 Jul 2026 Released=None
[2026-07-02 06:02:45] Updated row 226: ECO=CA90182HB Submitted=01 Jul 2026 Released=None
[2026-07-02 06:02:46] Updated row 227: ECO=CA90177HB Submitted=01 Jul 2026 Released=None
[2026-07-02 06:02:47] Updated row 228: ECO=CA90175HB Submitted=02 Jul 2026 Released=None
[2026-07-02 06:02:48] Updated row 229: ECO=CA90178HB Submitted=01 Jul 2026 Released=None
[2026-07-02 06:02:48] Updated row 230: ECO=CA90178HB Submitted=01 Jul 2026 Released=None
[2026-07-02 06:02:48] Updated row 231: ECO=CA90178HB Submitted=01 Jul 2026 Released=None
[2026-07-02 06:02:49] Updated row 232: ECO=CA90185HB Submitted=02 Jul 2026 Released=None
[2026-07-02 06:02:50] Updated row 233: ECO=CA90186HB Submitted=02 Jul 2026 Released=None
[2026-07-02 06:02:51] Updated row 234: ECO=CA90187HB Submitted=02 Jul 2026 Released=None
[2026-07-02 06:02:51] Workbook looks free. Waiting 30 seconds for OneDrive to settle...
[2026-07-02 06:03:21] Saving workbook to C:\Users\kmageshkumar\OneDrive - Ichor Systems\AMAT SGP ECO Tracker.xlsx...
[2026-07-02 06:03:21] Workbook save complete.
[2026-07-02 06:03:21] Workbook updated: C:\Users\kmageshkumar\OneDrive - Ichor Systems\AMAT SGP ECO Tracker.xlsx
[2026-07-03 09:12:18] Workbook looks free. Waiting 30 seconds for OneDrive to settle...
[2026-07-03 09:12:52] Updated row 2: ECO=CA89812HB Submitted=17 Jun 2026 Released=18 Jun 2026
[2026-07-03 09:12:52] Updated row 3: ECO=CA89812HB Submitted=17 Jun 2026 Released=18 Jun 2026
[2026-07-03 09:12:53] Updated row 4: ECO=CA89800HB Submitted=17 Jun 2026 Released=18 Jun 2026
[2026-07-03 09:12:53] Updated row 5: ECO=CA89800HB Submitted=17 Jun 2026 Released=18 Jun 2026
[2026-07-03 09:12:53] Updated row 6: ECO=CA89800HB Submitted=17 Jun 2026 Released=18 Jun 2026
[2026-07-03 09:12:54] Updated row 7: ECO=CA89823HB Submitted=16 Jun 2026 Released=17 Jun 2026
[2026-07-03 09:12:55] Updated row 8: ECO=CA89799HB Submitted=17 Jun 2026 Released=18 Jun 2026
[2026-07-03 09:12:56] Updated row 9: ECO=CA89813HB Submitted=17 Jun 2026 Released=18 Jun 2026
[2026-07-03 09:12:57] Updated row 10: ECO=CA89819HB Submitted=16 Jun 2026 Released=17 Jun 2026
[2026-07-03 09:12:59] Updated row 11: ECO=CA89817HB Submitted=17 Jun 2026 Released=18 Jun 2026
[2026-07-03 09:13:00] Updated row 12: ECO=CA89801HB Submitted=17 Jun 2026 Released=18 Jun 2026
[2026-07-03 09:13:01] Updated row 13: ECO=CA89804HB Submitted=17 Jun 2026 Released=18 Jun 2026
[2026-07-03 09:13:02] Updated row 14: ECO=CA89818HB Submitted=17 Jun 2026 Released=18 Jun 2026
[2026-07-03 09:13:02] Skipping row 15: ECO value is empty or not usable (NA).
[2026-07-03 09:13:02] Skipping row 16: ECO value is empty or not usable (NA).
[2026-07-03 09:13:02] Skipping row 17: ECO value is empty or not usable (NA).
[2026-07-03 09:13:03] Updated row 18: ECO=CA89851HB Submitted=18 Jun 2026 Released=20 Jun 2026
[2026-07-03 09:13:03] Updated row 19: ECO=CA89851HB Submitted=18 Jun 2026 Released=20 Jun 2026
[2026-07-03 09:13:03] Updated row 20: ECO=CA89851HB Submitted=18 Jun 2026 Released=20 Jun 2026
[2026-07-03 09:13:04] Updated row 21: ECO=CA89905HB Submitted=20 Jun 2026 Released=23 Jun 2026
[2026-07-03 09:13:05] Updated row 22: ECO=CA89878HB Submitted=18 Jun 2026 Released=19 Jun 2026
[2026-07-03 09:13:05] Updated row 23: ECO=CA89878HB Submitted=18 Jun 2026 Released=19 Jun 2026
[2026-07-03 09:13:06] Updated row 24: ECO=CA89886HB Submitted=19 Jun 2026 Released=20 Jun 2026
[2026-07-03 09:13:08] Updated row 25: ECO=CA89881HB Submitted=19 Jun 2026 Released=20 Jun 2026
[2026-07-03 09:13:09] Updated row 26: ECO=CA89910HB Submitted=18 Jun 2026 Released=19 Jun 2026
[2026-07-03 09:13:09] Updated row 27: ECO=CA89910HB Submitted=18 Jun 2026 Released=19 Jun 2026
[2026-07-03 09:13:09] Updated row 28: ECO=CA89910HB Submitted=18 Jun 2026 Released=19 Jun 2026
[2026-07-03 09:13:10] Updated row 29: ECO=CA89966HB Submitted=23 Jun 2026 Released=25 Jun 2026
[2026-07-03 09:13:10] Updated row 30: ECO=CA89966HB Submitted=23 Jun 2026 Released=25 Jun 2026
[2026-07-03 09:13:12] Updated row 31: ECO=CA89497HB Submitted=30 May 2026 Released=02 Jun 2026
[2026-07-03 09:13:13] Updated row 32: ECO=CA90044HB Submitted=24 Jun 2026 Released=25 Jun 2026
[2026-07-03 09:13:13] Updated row 33: ECO=CA90044HB Submitted=24 Jun 2026 Released=25 Jun 2026
[2026-07-03 09:13:13] Updated row 34: ECO=CA90044HB Submitted=24 Jun 2026 Released=25 Jun 2026
[2026-07-03 09:13:13] Updated row 35: ECO=CA90044HB Submitted=24 Jun 2026 Released=25 Jun 2026
[2026-07-03 09:13:14] Updated row 36: ECO=DSM25989 Submitted=23 Jun 2026 Released=25 Jun 2026
[2026-07-03 09:13:14] Updated row 37: ECO=DSM25989 Submitted=23 Jun 2026 Released=25 Jun 2026
[2026-07-03 09:13:14] Updated row 38: ECO=DSM25989 Submitted=23 Jun 2026 Released=25 Jun 2026
[2026-07-03 09:13:16] Updated row 39: ECO=DSM26016 Submitted=25 Jun 2026 Released=26 Jun 2026
[2026-07-03 09:13:16] Updated row 40: ECO=DSM26016 Submitted=25 Jun 2026 Released=26 Jun 2026
[2026-07-03 09:13:16] Updated row 41: ECO=DSM26016 Submitted=25 Jun 2026 Released=26 Jun 2026
[2026-07-03 09:13:17] Updated row 42: ECO=DSM25993 Submitted=30 Jun 2026 Released=02 Jul 2026
[2026-07-03 09:13:17] Updated row 43: ECO=DSM25993 Submitted=30 Jun 2026 Released=02 Jul 2026
[2026-07-03 09:13:19] Updated row 44: ECO=DSM25983 Submitted=24 Jun 2026 Released=25 Jun 2026
[2026-07-03 09:13:19] Updated row 45: ECO=DSM25983 Submitted=24 Jun 2026 Released=25 Jun 2026
[2026-07-03 09:13:19] Updated row 46: ECO=DSM25983 Submitted=24 Jun 2026 Released=25 Jun 2026
[2026-07-03 09:13:20] Updated row 47: ECO=DSM25980 Submitted=24 Jun 2026 Released=25 Jun 2026
[2026-07-03 09:13:20] Updated row 48: ECO=DSM25980 Submitted=24 Jun 2026 Released=25 Jun 2026
[2026-07-03 09:13:20] Updated row 49: ECO=DSM25980 Submitted=24 Jun 2026 Released=25 Jun 2026
[2026-07-03 09:13:21] Updated row 50: ECO=DSM25982 Submitted=24 Jun 2026 Released=25 Jun 2026
[2026-07-03 09:13:21] Updated row 51: ECO=DSM25982 Submitted=24 Jun 2026 Released=25 Jun 2026
[2026-07-03 09:13:21] Updated row 52: ECO=DSM25982 Submitted=24 Jun 2026 Released=25 Jun 2026
[2026-07-03 09:13:22] Updated row 53: ECO=DSM25996 Submitted=24 Jun 2026 Released=25 Jun 2026
[2026-07-03 09:13:22] Updated row 54: ECO=DSM25996 Submitted=24 Jun 2026 Released=25 Jun 2026
[2026-07-03 09:13:22] Updated row 55: ECO=DSM25996 Submitted=24 Jun 2026 Released=25 Jun 2026
[2026-07-03 09:13:23] Updated row 56: ECO=DSM26004 Submitted=24 Jun 2026 Released=25 Jun 2026
[2026-07-03 09:13:24] Updated row 57: ECO=DSM26001 Submitted=24 Jun 2026 Released=25 Jun 2026
[2026-07-03 09:13:24] Updated row 58: ECO=DSM26001 Submitted=24 Jun 2026 Released=25 Jun 2026
[2026-07-03 09:13:24] Updated row 59: ECO=DSM26001 Submitted=24 Jun 2026 Released=25 Jun 2026
[2026-07-03 09:13:25] Updated row 60: ECO=DSM25998 Submitted=24 Jun 2026 Released=25 Jun 2026
[2026-07-03 09:13:26] Updated row 61: ECO=DSM25987 Submitted=23 Jun 2026 Released=25 Jun 2026
[2026-07-03 09:13:26] Updated row 62: ECO=DSM25987 Submitted=23 Jun 2026 Released=25 Jun 2026
[2026-07-03 09:13:26] Updated row 63: ECO=DSM25987 Submitted=23 Jun 2026 Released=25 Jun 2026
[2026-07-03 09:13:27] Updated row 64: ECO=DSM25990 Submitted=24 Jun 2026 Released=25 Jun 2026
[2026-07-03 09:13:29] Updated row 65: ECO=DSM25984 Submitted=23 Jun 2026 Released=25 Jun 2026
[2026-07-03 09:13:29] Updated row 66: ECO=DSM25984 Submitted=23 Jun 2026 Released=25 Jun 2026
[2026-07-03 09:13:29] Updated row 67: ECO=DSM25984 Submitted=23 Jun 2026 Released=25 Jun 2026
[2026-07-03 09:13:30] Updated row 68: ECO=DSM25986 Submitted=23 Jun 2026 Released=25 Jun 2026
[2026-07-03 09:13:31] Updated row 69: ECO=DSM25994 Submitted=23 Jun 2026 Released=25 Jun 2026
[2026-07-03 09:13:31] Updated row 70: ECO=DSM25994 Submitted=23 Jun 2026 Released=25 Jun 2026
[2026-07-03 09:13:31] Updated row 71: ECO=DSM25994 Submitted=23 Jun 2026 Released=25 Jun 2026
[2026-07-03 09:13:32] Updated row 72: ECO=DSM25995 Submitted=23 Jun 2026 Released=25 Jun 2026
[2026-07-03 09:13:32] Updated row 73: ECO=DSM25987 Submitted=23 Jun 2026 Released=25 Jun 2026
[2026-07-03 09:13:33] Updated row 74: ECO=DSM26002 Submitted=24 Jun 2026 Released=25 Jun 2026
[2026-07-03 09:13:34] Updated row 75: ECO=DSM26011 Submitted=26 Jun 2026 Released=30 Jun 2026
[2026-07-03 09:13:34] Updated row 76: ECO=DSM26011 Submitted=26 Jun 2026 Released=30 Jun 2026
[2026-07-03 09:13:34] Updated row 77: ECO=DSM26011 Submitted=26 Jun 2026 Released=30 Jun 2026
[2026-07-03 09:13:34] Updated row 78: ECO=DSM26011 Submitted=26 Jun 2026 Released=30 Jun 2026
[2026-07-03 09:13:34] Updated row 79: ECO=DSM26011 Submitted=26 Jun 2026 Released=30 Jun 2026
[2026-07-03 09:13:35] Updated row 80: ECO=DSM25991 Submitted=24 Jun 2026 Released=25 Jun 2026
[2026-07-03 09:13:36] Updated row 81: ECO=DSM26013 Submitted=25 Jun 2026 Released=26 Jun 2026
[2026-07-03 09:13:36] Updated row 82: ECO=DSM26013 Submitted=25 Jun 2026 Released=26 Jun 2026
[2026-07-03 09:13:36] Updated row 83: ECO=DSM26013 Submitted=25 Jun 2026 Released=26 Jun 2026
[2026-07-03 09:13:37] Updated row 84: ECO=DSM25988 Submitted=23 Jun 2026 Released=25 Jun 2026
[2026-07-03 09:13:38] Updated row 85: ECO=DSM26008 Submitted=24 Jun 2026 Released=26 Jun 2026
[2026-07-03 09:13:38] Updated row 86: ECO=DSM26008 Submitted=24 Jun 2026 Released=26 Jun 2026
[2026-07-03 09:13:38] Updated row 87: ECO=DSM26008 Submitted=24 Jun 2026 Released=26 Jun 2026
[2026-07-03 09:13:39] Updated row 88: ECO=DSM26003 Submitted=24 Jun 2026 Released=25 Jun 2026
[2026-07-03 09:13:40] Updated row 89: ECO=DSM26000 Submitted=24 Jun 2026 Released=25 Jun 2026
[2026-07-03 09:13:40] Updated row 90: ECO=DSM26000 Submitted=24 Jun 2026 Released=25 Jun 2026
[2026-07-03 09:13:40] Updated row 91: ECO=DSM26000 Submitted=24 Jun 2026 Released=25 Jun 2026
[2026-07-03 09:13:41] Updated row 92: ECO=DSM26005 Submitted=24 Jun 2026 Released=25 Jun 2026
[2026-07-03 09:13:42] Updated row 93: ECO=DSM26006 Submitted=24 Jun 2026 Released=25 Jun 2026
[2026-07-03 09:13:43] Updated row 94: ECO=CA90084HB Submitted=24 Jun 2026 Released=26 Jun 2026
[2026-07-03 09:13:44] Updated row 95: ECO=CA90087HB Submitted=25 Jun 2026 Released=26 Jun 2026
[2026-07-03 09:13:45] Updated row 96: ECO=CA90080HB Submitted=25 Jun 2026 Released=26 Jun 2026
[2026-07-03 09:13:45] Updated row 97: ECO=CA90080HB Submitted=25 Jun 2026 Released=26 Jun 2026
[2026-07-03 09:13:45] Updated row 98: ECO=CA90080HB Submitted=25 Jun 2026 Released=26 Jun 2026
[2026-07-03 09:13:45] Updated row 99: ECO=CA90080HB Submitted=25 Jun 2026 Released=26 Jun 2026
[2026-07-03 09:13:46] Updated row 100: ECO=CA90088HB Submitted=25 Jun 2026 Released=26 Jun 2026
[2026-07-03 09:13:47] Updated row 101: ECO=CA90075HB Submitted=27 Jun 2026 Released=30 Jun 2026
[2026-07-03 09:13:47] Updated row 102: ECO=CA90075HB Submitted=27 Jun 2026 Released=30 Jun 2026
[2026-07-03 09:13:47] Updated row 103: ECO=CA90075HB Submitted=27 Jun 2026 Released=30 Jun 2026
[2026-07-03 09:13:48] Updated row 104: ECO=CA90068HB Submitted=25 Jun 2026 Released=26 Jun 2026
[2026-07-03 09:13:48] Updated row 105: ECO=CA90068HB Submitted=25 Jun 2026 Released=26 Jun 2026
[2026-07-03 09:13:48] Updated row 106: ECO=CA90068HB Submitted=25 Jun 2026 Released=26 Jun 2026
[2026-07-03 09:13:48] Updated row 107: ECO=CA90068HB Submitted=25 Jun 2026 Released=26 Jun 2026
[2026-07-03 09:13:49] Updated row 108: ECO=CA90078HB Submitted=25 Jun 2026 Released=26 Jun 2026
[2026-07-03 09:13:50] Updated row 109: ECO=CA90083HB Submitted=25 Jun 2026 Released=26 Jun 2026
[2026-07-03 09:13:51] Updated row 110: ECO=CA90081HB Submitted=25 Jun 2026 Released=26 Jun 2026
[2026-07-03 09:13:52] Updated row 111: ECO=CA90082HB Submitted=25 Jun 2026 Released=26 Jun 2026
[2026-07-03 09:13:54] Updated row 112: ECO=CA90073HB Submitted=30 Jun 2026 Released=02 Jul 2026
[2026-07-03 09:13:55] Updated row 113: ECO=CA90070HB Submitted=25 Jun 2026 Released=25 Jun 2026
[2026-07-03 09:13:55] Updated row 114: ECO=CA90070HB Submitted=25 Jun 2026 Released=25 Jun 2026
[2026-07-03 09:13:55] Updated row 115: ECO=CA90070HB Submitted=25 Jun 2026 Released=25 Jun 2026
[2026-07-03 09:13:55] Updated row 116: ECO=CA90070HB Submitted=25 Jun 2026 Released=25 Jun 2026
[2026-07-03 09:13:56] Updated row 117: ECO=DSM26017 Submitted=25 Jun 2026 Released=26 Jun 2026
[2026-07-03 09:13:56] Updated row 118: ECO=DSM26017 Submitted=25 Jun 2026 Released=26 Jun 2026
[2026-07-03 09:13:56] Updated row 119: ECO=DSM26017 Submitted=25 Jun 2026 Released=26 Jun 2026
[2026-07-03 09:13:56] Skipping row 120: ECO value is empty or not usable (N/A).
[2026-07-03 09:13:57] Updated row 121: ECO=CA90109HB Submitted=25 Jun 2026 Released=26 Jun 2026
[2026-07-03 09:13:58] Updated row 122: ECO=CA90104HB Submitted=25 Jun 2026 Released=26 Jun 2026
[2026-07-03 09:13:58] Updated row 123: ECO=CA90104HB Submitted=25 Jun 2026 Released=26 Jun 2026
[2026-07-03 09:13:59] Updated row 124: ECO=CA90141HB Submitted=02 Jul 2026 Released=None
[2026-07-03 09:14:00] Updated row 125: ECO=CA90142HB Submitted=02 Jul 2026 Released=None
[2026-07-03 09:14:01] Updated row 126: ECO=CA90137HB Submitted=02 Jul 2026 Released=None
[2026-07-03 09:14:02] Updated row 127: ECO=DSM26022 Submitted=02 Jul 2026 Released=03 Jul 2026
[2026-07-03 09:14:02] Updated row 128: ECO=DSM26022 Submitted=02 Jul 2026 Released=03 Jul 2026
[2026-07-03 09:14:02] Updated row 129: ECO=DSM26022 Submitted=02 Jul 2026 Released=03 Jul 2026
[2026-07-03 09:14:03] Updated row 130: ECO=DSM26023 Submitted=01 Jul 2026 Released=02 Jul 2026
[2026-07-03 09:14:03] Updated row 131: ECO=DSM26023 Submitted=01 Jul 2026 Released=02 Jul 2026
[2026-07-03 09:14:03] Updated row 132: ECO=DSM26023 Submitted=01 Jul 2026 Released=02 Jul 2026
[2026-07-03 09:14:04] Updated row 133: ECO=DSM26038 Submitted=01 Jul 2026 Released=02 Jul 2026
[2026-07-03 09:14:05] Updated row 134: ECO=DSM26040 Submitted=01 Jul 2026 Released=02 Jul 2026
[2026-07-03 09:14:05] Updated row 135: ECO=DSM26040 Submitted=01 Jul 2026 Released=02 Jul 2026
[2026-07-03 09:14:05] Updated row 136: ECO=DSM26040 Submitted=01 Jul 2026 Released=02 Jul 2026
[2026-07-03 09:14:06] Updated row 137: ECO=DSM26041 Submitted=01 Jul 2026 Released=02 Jul 2026
[2026-07-03 09:14:07] Updated row 138: ECO=DSM26024 Submitted=30 Jun 2026 Released=02 Jul 2026
[2026-07-03 09:14:08] Updated row 139: ECO=DSM26027 Submitted=30 Jun 2026 Released=02 Jul 2026
[2026-07-03 09:14:09] Updated row 140: ECO=DSM26045 Submitted=01 Jul 2026 Released=03 Jul 2026
[2026-07-03 09:14:09] Updated row 141: ECO=DSM26045 Submitted=01 Jul 2026 Released=03 Jul 2026
[2026-07-03 09:14:09] Updated row 142: ECO=DSM26045 Submitted=01 Jul 2026 Released=03 Jul 2026
[2026-07-03 09:14:12] Row 143: ECO lookup failed for DSM26037; treating as not submitted yet. Could not find Submitted/Released workflow dates for DSM26037.
Tried classes=['Change', 'ECO', 'Change Orders'] tables=['History', 'Workflow', 'Workflow Status']
No matching workflow rows found.
[2026-07-03 09:14:12] Updated row 143: ECO=DSM26037 Submitted=None Released=None
[2026-07-03 09:14:14] Row 144: ECO lookup failed for DSM26036; treating as not submitted yet. Could not find Submitted/Released workflow dates for DSM26036.
Tried classes=['Change', 'ECO', 'Change Orders'] tables=['History', 'Workflow', 'Workflow Status']
No matching workflow rows found.
[2026-07-03 09:14:14] Updated row 144: ECO=DSM26036 Submitted=None Released=None
[2026-07-03 09:14:14] Updated row 145: ECO=DSM26036 Submitted=None Released=None
[2026-07-03 09:14:14] Updated row 146: ECO=DSM26037 Submitted=None Released=None
[2026-07-03 09:14:14] Updated row 147: ECO=DSM26036 Submitted=None Released=None
[2026-07-03 09:14:14] Updated row 148: ECO=DSM26037 Submitted=None Released=None
[2026-07-03 09:14:15] Updated row 149: ECO=DSM26026 Submitted=02 Jul 2026 Released=None
[2026-07-03 09:14:17] Row 150: ECO lookup failed for DSM26028; treating as not submitted yet. Could not find Submitted/Released workflow dates for DSM26028.
Tried classes=['Change', 'ECO', 'Change Orders'] tables=['History', 'Workflow', 'Workflow Status']
No matching workflow rows found.
[2026-07-03 09:14:17] Updated row 150: ECO=DSM26028 Submitted=None Released=None
[2026-07-03 09:14:20] Row 151: ECO lookup failed for DSM26030; treating as not submitted yet. Could not find Submitted/Released workflow dates for DSM26030.
Tried classes=['Change', 'ECO', 'Change Orders'] tables=['History', 'Workflow', 'Workflow Status']
No matching workflow rows found.
[2026-07-03 09:14:20] Updated row 151: ECO=DSM26030 Submitted=None Released=None
[2026-07-03 09:14:22] Row 152: ECO lookup failed for DSM26033; treating as not submitted yet. Could not find Submitted/Released workflow dates for DSM26033.
Tried classes=['Change', 'ECO', 'Change Orders'] tables=['History', 'Workflow', 'Workflow Status']
No matching workflow rows found.
[2026-07-03 09:14:22] Updated row 152: ECO=DSM26033 Submitted=None Released=None
[2026-07-03 09:14:22] Updated row 153: ECO=DSM26028 Submitted=None Released=None
[2026-07-03 09:14:22] Updated row 154: ECO=DSM26030 Submitted=None Released=None
[2026-07-03 09:14:22] Updated row 155: ECO=DSM26033 Submitted=None Released=None
[2026-07-03 09:14:22] Updated row 156: ECO=DSM26033 Submitted=None Released=None
[2026-07-03 09:14:22] Updated row 157: ECO=DSM26028 Submitted=None Released=None
[2026-07-03 09:14:22] Updated row 158: ECO=DSM26030 Submitted=None Released=None
[2026-07-03 09:14:23] Updated row 159: ECO=DSM26034 Submitted=01 Jul 2026 Released=02 Jul 2026
[2026-07-03 09:14:23] Updated row 160: ECO=DSM26034 Submitted=01 Jul 2026 Released=02 Jul 2026
[2026-07-03 09:14:23] Updated row 161: ECO=DSM26034 Submitted=01 Jul 2026 Released=02 Jul 2026
[2026-07-03 09:14:24] Updated row 162: ECO=DSM26035 Submitted=01 Jul 2026 Released=02 Jul 2026
[2026-07-03 09:14:25] Updated row 163: ECO=DSM26021 Submitted=02 Jul 2026 Released=03 Jul 2026
[2026-07-03 09:14:25] Updated row 164: ECO=DSM26035 Submitted=01 Jul 2026 Released=02 Jul 2026
[2026-07-03 09:14:25] Updated row 165: ECO=DSM26021 Submitted=02 Jul 2026 Released=03 Jul 2026
[2026-07-03 09:14:25] Updated row 166: ECO=DSM26035 Submitted=01 Jul 2026 Released=02 Jul 2026
[2026-07-03 09:14:25] Updated row 167: ECO=DSM26021 Submitted=02 Jul 2026 Released=03 Jul 2026
[2026-07-03 09:14:25] Updated row 168: ECO=DSM26035 Submitted=01 Jul 2026 Released=02 Jul 2026
[2026-07-03 09:14:25] Updated row 169: ECO=DSM26021 Submitted=02 Jul 2026 Released=03 Jul 2026
[2026-07-03 09:14:25] Updated row 170: ECO=DSM26035 Submitted=01 Jul 2026 Released=02 Jul 2026
[2026-07-03 09:14:25] Updated row 171: ECO=DSM26021 Submitted=02 Jul 2026 Released=03 Jul 2026
[2026-07-03 09:14:26] Updated row 172: ECO=DSM26025 Submitted=01 Jul 2026 Released=02 Jul 2026
[2026-07-03 09:14:26] Updated row 173: ECO=DSM26025 Submitted=01 Jul 2026 Released=02 Jul 2026
[2026-07-03 09:14:26] Updated row 174: ECO=DSM26025 Submitted=01 Jul 2026 Released=02 Jul 2026
[2026-07-03 09:14:28] Updated row 175: ECO=DSM26029 Submitted=02 Jul 2026 Released=03 Jul 2026
[2026-07-03 09:14:30] Row 176: ECO lookup failed for DSM26031; treating as not submitted yet. Could not find Submitted/Released workflow dates for DSM26031.
Tried classes=['Change', 'ECO', 'Change Orders'] tables=['History', 'Workflow', 'Workflow Status']
No matching workflow rows found.
[2026-07-03 09:14:30] Updated row 176: ECO=DSM26031 Submitted=None Released=None
[2026-07-03 09:14:33] Row 177: ECO lookup failed for DSM26039; treating as not submitted yet. Could not find Submitted/Released workflow dates for DSM26039.
Tried classes=['Change', 'ECO', 'Change Orders'] tables=['History', 'Workflow', 'Workflow Status']
No matching workflow rows found.
[2026-07-03 09:14:33] Updated row 177: ECO=DSM26039 Submitted=None Released=None
[2026-07-03 09:14:35] Row 178: ECO lookup failed for DSM26043; treating as not submitted yet. Could not find Submitted/Released workflow dates for DSM26043.
Tried classes=['Change', 'ECO', 'Change Orders'] tables=['History', 'Workflow', 'Workflow Status']
No matching workflow rows found.
[2026-07-03 09:14:35] Updated row 178: ECO=DSM26043 Submitted=None Released=None
[2026-07-03 09:14:37] Row 179: ECO lookup failed for DSM26044; treating as not submitted yet. Could not find Submitted/Released workflow dates for DSM26044.
Tried classes=['Change', 'ECO', 'Change Orders'] tables=['History', 'Workflow', 'Workflow Status']
No matching workflow rows found.
[2026-07-03 09:14:37] Updated row 179: ECO=DSM26044 Submitted=None Released=None
[2026-07-03 09:14:39] Row 180: ECO lookup failed for DSM26042; treating as not submitted yet. Could not find Submitted/Released workflow dates for DSM26042.
Tried classes=['Change', 'ECO', 'Change Orders'] tables=['History', 'Workflow', 'Workflow Status']
No matching workflow rows found.
[2026-07-03 09:14:39] Updated row 180: ECO=DSM26042 Submitted=None Released=None
[2026-07-03 09:14:39] Updated row 181: ECO=DSM26029 Submitted=02 Jul 2026 Released=03 Jul 2026
[2026-07-03 09:14:39] Updated row 182: ECO=DSM26031 Submitted=None Released=None
[2026-07-03 09:14:39] Updated row 183: ECO=DSM26039 Submitted=None Released=None
[2026-07-03 09:14:39] Updated row 184: ECO=DSM26043 Submitted=None Released=None
[2026-07-03 09:14:39] Updated row 185: ECO=DSM26044 Submitted=None Released=None
[2026-07-03 09:14:39] Updated row 186: ECO=DSM26042 Submitted=None Released=None
[2026-07-03 09:14:39] Updated row 187: ECO=DSM26029 Submitted=02 Jul 2026 Released=03 Jul 2026
[2026-07-03 09:14:39] Updated row 188: ECO=DSM26031 Submitted=None Released=None
[2026-07-03 09:14:39] Updated row 189: ECO=DSM26039 Submitted=None Released=None
[2026-07-03 09:14:39] Updated row 190: ECO=DSM26043 Submitted=None Released=None
[2026-07-03 09:14:39] Updated row 191: ECO=DSM26044 Submitted=None Released=None
[2026-07-03 09:14:39] Updated row 192: ECO=DSM26042 Submitted=None Released=None
[2026-07-03 09:14:40] Updated row 193: ECO=CA90162HB Submitted=01 Jul 2026 Released=02 Jul 2026
[2026-07-03 09:14:41] Updated row 194: ECO=CA90167HB Submitted=02 Jul 2026 Released=03 Jul 2026
[2026-07-03 09:14:42] Updated row 195: ECO=CA90173HB Submitted=03 Jul 2026 Released=None
[2026-07-03 09:14:42] Updated row 196: ECO=CA90173HB Submitted=03 Jul 2026 Released=None
[2026-07-03 09:14:42] Updated row 197: ECO=CA90173HB Submitted=03 Jul 2026 Released=None
[2026-07-03 09:14:44] Row 198: ECO lookup failed for CA90176HB; treating as not submitted yet. Could not find Submitted/Released workflow dates for CA90176HB.
Tried classes=['Change', 'ECO', 'Change Orders'] tables=['History', 'Workflow', 'Workflow Status']
No matching workflow rows found.
[2026-07-03 09:14:44] Updated row 198: ECO=CA90176HB Submitted=None Released=None
[2026-07-03 09:14:44] Updated row 199: ECO=CA90176HB Submitted=None Released=None
[2026-07-03 09:14:44] Updated row 200: ECO=CA90176HB Submitted=None Released=None
[2026-07-03 09:14:47] Row 201: ECO lookup failed for CA90181HB; treating as not submitted yet. Could not find Submitted/Released workflow dates for CA90181HB.
Tried classes=['Change', 'ECO', 'Change Orders'] tables=['History', 'Workflow', 'Workflow Status']
No matching workflow rows found.
[2026-07-03 09:14:47] Updated row 201: ECO=CA90181HB Submitted=None Released=None
[2026-07-03 09:14:47] Updated row 202: ECO=CA90181HB Submitted=None Released=None
[2026-07-03 09:14:47] Updated row 203: ECO=CA90181HB Submitted=None Released=None
[2026-07-03 09:14:49] Row 204: ECO lookup failed for CA90172HB; treating as not submitted yet. Could not find Submitted/Released workflow dates for CA90172HB.
Tried classes=['Change', 'ECO', 'Change Orders'] tables=['History', 'Workflow', 'Workflow Status']
No matching workflow rows found.
[2026-07-03 09:14:49] Updated row 204: ECO=CA90172HB Submitted=None Released=None
[2026-07-03 09:14:49] Updated row 205: ECO=CA90172HB Submitted=None Released=None
[2026-07-03 09:14:49] Updated row 206: ECO=CA90172HB Submitted=None Released=None
[2026-07-03 09:14:51] Row 207: ECO lookup failed for CA90174HB; treating as not submitted yet. Could not find Submitted/Released workflow dates for CA90174HB.
Tried classes=['Change', 'ECO', 'Change Orders'] tables=['History', 'Workflow', 'Workflow Status']
No matching workflow rows found.
[2026-07-03 09:14:51] Updated row 207: ECO=CA90174HB Submitted=None Released=None
[2026-07-03 09:14:51] Updated row 208: ECO=CA90174HB Submitted=None Released=None
[2026-07-03 09:14:51] Updated row 209: ECO=CA90174HB Submitted=None Released=None
[2026-07-03 09:14:52] Updated row 210: ECO=CA90170HB Submitted=02 Jul 2026 Released=None
[2026-07-03 09:14:52] Updated row 211: ECO=CA90170HB Submitted=02 Jul 2026 Released=None
[2026-07-03 09:14:52] Updated row 212: ECO=CA90170HB Submitted=02 Jul 2026 Released=None
[2026-07-03 09:14:54] Row 213: ECO lookup failed for CA90171HB; treating as not submitted yet. Could not find Submitted/Released workflow dates for CA90171HB.
Tried classes=['Change', 'ECO', 'Change Orders'] tables=['History', 'Workflow', 'Workflow Status']
No matching workflow rows found.
[2026-07-03 09:14:54] Updated row 213: ECO=CA90171HB Submitted=None Released=None
[2026-07-03 09:14:54] Updated row 214: ECO=CA90171HB Submitted=None Released=None
[2026-07-03 09:14:54] Updated row 215: ECO=CA90171HB Submitted=None Released=None
[2026-07-03 09:14:57] Row 216: ECO lookup failed for CA90183HB; treating as not submitted yet. Could not find Submitted/Released workflow dates for CA90183HB.
Tried classes=['Change', 'ECO', 'Change Orders'] tables=['History', 'Workflow', 'Workflow Status']
No matching workflow rows found.
[2026-07-03 09:14:57] Updated row 216: ECO=CA90183HB Submitted=None Released=None
[2026-07-03 09:14:57] Updated row 217: ECO=CA90183HB Submitted=None Released=None
[2026-07-03 09:14:57] Updated row 218: ECO=CA90183HB Submitted=None Released=None
[2026-07-03 09:14:58] Updated row 219: ECO=CA90184HB Submitted=02 Jul 2026 Released=03 Jul 2026
[2026-07-03 09:14:58] Updated row 220: ECO=CA90184HB Submitted=02 Jul 2026 Released=03 Jul 2026
[2026-07-03 09:14:59] Updated row 221: ECO=CA90182HB Submitted=01 Jul 2026 Released=03 Jul 2026
[2026-07-03 09:14:59] Updated row 222: ECO=CA90182HB Submitted=01 Jul 2026 Released=03 Jul 2026
[2026-07-03 09:14:59] Updated row 223: ECO=CA90182HB Submitted=01 Jul 2026 Released=03 Jul 2026
[2026-07-03 09:14:59] Updated row 224: ECO=CA90182HB Submitted=01 Jul 2026 Released=03 Jul 2026
[2026-07-03 09:15:00] Updated row 225: ECO=CA90177HB Submitted=01 Jul 2026 Released=03 Jul 2026
[2026-07-03 09:15:01] Updated row 226: ECO=CA90175HB Submitted=02 Jul 2026 Released=03 Jul 2026
[2026-07-03 09:15:02] Updated row 227: ECO=CA90178HB Submitted=01 Jul 2026 Released=03 Jul 2026
[2026-07-03 09:15:02] Updated row 228: ECO=CA90178HB Submitted=01 Jul 2026 Released=03 Jul 2026
[2026-07-03 09:15:02] Updated row 229: ECO=CA90178HB Submitted=01 Jul 2026 Released=03 Jul 2026
[2026-07-03 09:15:03] Updated row 230: ECO=CA90185HB Submitted=02 Jul 2026 Released=03 Jul 2026
[2026-07-03 09:15:04] Updated row 231: ECO=CA90186HB Submitted=02 Jul 2026 Released=03 Jul 2026
[2026-07-03 09:15:05] Updated row 232: ECO=CA90187HB Submitted=02 Jul 2026 Released=03 Jul 2026
[2026-07-03 09:15:05] Workbook looks free. Waiting 30 seconds for OneDrive to settle...
[2026-07-03 09:15:35] Saving workbook to C:\Users\kmageshkumar\OneDrive - Ichor Systems\AMAT SGP ECO Tracker.xlsx...
[2026-07-03 09:15:35] Workbook protection and editable-range metadata preserved.
[2026-07-03 09:15:35] Workbook save complete.
[2026-07-03 09:15:35] Workbook updated: C:\Users\kmageshkumar\OneDrive - Ichor Systems\AMAT SGP ECO Tracker.xlsx
[2026-07-03 09:15:35] Workbook looks free. Waiting 30 seconds for OneDrive to settle...
[2026-07-03 09:16:07] Skipping row 2: CRF value is empty or not usable (blank).
[2026-07-03 09:16:07] Workbook looks free. Waiting 30 seconds for OneDrive to settle...
[2026-07-03 09:16:37] Saving workbook to C:\Users\kmageshkumar\OneDrive - Ichor Systems\AMAT SGP CRF Tracker.xlsx...
[2026-07-03 09:16:37] Workbook protection and editable-range metadata preserved.
[2026-07-03 09:16:37] Workbook save complete.
[2026-07-03 09:16:37] CRF workbook updated: C:\Users\kmageshkumar\OneDrive - Ichor Systems\AMAT SGP CRF Tracker.xlsx
[2026-07-04 06:00:03] Workbook looks free. Waiting 30 seconds for OneDrive to settle...
[2026-07-04 06:00:36] Updated row 2: ECO=CA89812HB Submitted=17 Jun 2026 Released=18 Jun 2026
[2026-07-04 06:00:36] Updated row 3: ECO=CA89812HB Submitted=17 Jun 2026 Released=18 Jun 2026
[2026-07-04 06:00:37] Updated row 4: ECO=CA89800HB Submitted=17 Jun 2026 Released=18 Jun 2026
[2026-07-04 06:00:37] Updated row 5: ECO=CA89800HB Submitted=17 Jun 2026 Released=18 Jun 2026
[2026-07-04 06:00:37] Updated row 6: ECO=CA89800HB Submitted=17 Jun 2026 Released=18 Jun 2026
[2026-07-04 06:00:39] Updated row 7: ECO=CA89823HB Submitted=16 Jun 2026 Released=17 Jun 2026
[2026-07-04 06:00:40] Updated row 8: ECO=CA89799HB Submitted=17 Jun 2026 Released=18 Jun 2026
[2026-07-04 06:00:41] Updated row 9: ECO=CA89813HB Submitted=17 Jun 2026 Released=18 Jun 2026
[2026-07-04 06:00:42] Updated row 10: ECO=CA89819HB Submitted=16 Jun 2026 Released=17 Jun 2026
[2026-07-04 06:00:43] Updated row 11: ECO=CA89817HB Submitted=17 Jun 2026 Released=18 Jun 2026
[2026-07-04 06:00:44] Updated row 12: ECO=CA89801HB Submitted=17 Jun 2026 Released=18 Jun 2026
[2026-07-04 06:00:45] Updated row 13: ECO=CA89804HB Submitted=17 Jun 2026 Released=18 Jun 2026
[2026-07-04 06:00:46] Updated row 14: ECO=CA89818HB Submitted=17 Jun 2026 Released=18 Jun 2026
[2026-07-04 06:00:46] Skipping row 15: ECO value is empty or not usable (NA).
[2026-07-04 06:00:46] Skipping row 16: ECO value is empty or not usable (NA).
[2026-07-04 06:00:46] Skipping row 17: ECO value is empty or not usable (NA).
[2026-07-04 06:00:47] Updated row 18: ECO=CA89851HB Submitted=18 Jun 2026 Released=20 Jun 2026
[2026-07-04 06:00:47] Updated row 19: ECO=CA89851HB Submitted=18 Jun 2026 Released=20 Jun 2026
[2026-07-04 06:00:47] Updated row 20: ECO=CA89851HB Submitted=18 Jun 2026 Released=20 Jun 2026
[2026-07-04 06:00:48] Updated row 21: ECO=CA89905HB Submitted=20 Jun 2026 Released=23 Jun 2026
[2026-07-04 06:00:49] Updated row 22: ECO=CA89878HB Submitted=18 Jun 2026 Released=19 Jun 2026
[2026-07-04 06:00:49] Updated row 23: ECO=CA89878HB Submitted=18 Jun 2026 Released=19 Jun 2026
[2026-07-04 06:00:50] Updated row 24: ECO=CA89886HB Submitted=19 Jun 2026 Released=20 Jun 2026
[2026-07-04 06:00:51] Updated row 25: ECO=CA89881HB Submitted=19 Jun 2026 Released=20 Jun 2026
[2026-07-04 06:00:52] Updated row 26: ECO=CA89910HB Submitted=18 Jun 2026 Released=19 Jun 2026
[2026-07-04 06:00:52] Updated row 27: ECO=CA89910HB Submitted=18 Jun 2026 Released=19 Jun 2026
[2026-07-04 06:00:52] Updated row 28: ECO=CA89910HB Submitted=18 Jun 2026 Released=19 Jun 2026
[2026-07-04 06:00:53] Updated row 29: ECO=CA89966HB Submitted=23 Jun 2026 Released=25 Jun 2026
[2026-07-04 06:00:53] Updated row 30: ECO=CA89966HB Submitted=23 Jun 2026 Released=25 Jun 2026
[2026-07-04 06:00:54] Updated row 31: ECO=CA89497HB Submitted=30 May 2026 Released=02 Jun 2026
[2026-07-04 06:00:55] Updated row 32: ECO=CA90044HB Submitted=24 Jun 2026 Released=25 Jun 2026
[2026-07-04 06:00:55] Updated row 33: ECO=CA90044HB Submitted=24 Jun 2026 Released=25 Jun 2026
[2026-07-04 06:00:55] Updated row 34: ECO=CA90044HB Submitted=24 Jun 2026 Released=25 Jun 2026
[2026-07-04 06:00:55] Updated row 35: ECO=CA90044HB Submitted=24 Jun 2026 Released=25 Jun 2026
[2026-07-04 06:00:56] Updated row 36: ECO=DSM25989 Submitted=23 Jun 2026 Released=25 Jun 2026
[2026-07-04 06:00:56] Updated row 37: ECO=DSM25989 Submitted=23 Jun 2026 Released=25 Jun 2026
[2026-07-04 06:00:56] Updated row 38: ECO=DSM25989 Submitted=23 Jun 2026 Released=25 Jun 2026
[2026-07-04 06:00:57] Updated row 39: ECO=DSM26016 Submitted=25 Jun 2026 Released=26 Jun 2026
[2026-07-04 06:00:57] Updated row 40: ECO=DSM26016 Submitted=25 Jun 2026 Released=26 Jun 2026
[2026-07-04 06:00:57] Updated row 41: ECO=DSM26016 Submitted=25 Jun 2026 Released=26 Jun 2026
[2026-07-04 06:00:59] Updated row 42: ECO=DSM25993 Submitted=30 Jun 2026 Released=02 Jul 2026
[2026-07-04 06:00:59] Updated row 43: ECO=DSM25993 Submitted=30 Jun 2026 Released=02 Jul 2026
[2026-07-04 06:01:00] Updated row 44: ECO=DSM25983 Submitted=24 Jun 2026 Released=25 Jun 2026
[2026-07-04 06:01:00] Updated row 45: ECO=DSM25983 Submitted=24 Jun 2026 Released=25 Jun 2026
[2026-07-04 06:01:00] Updated row 46: ECO=DSM25983 Submitted=24 Jun 2026 Released=25 Jun 2026
[2026-07-04 06:01:01] Updated row 47: ECO=DSM25980 Submitted=24 Jun 2026 Released=25 Jun 2026
[2026-07-04 06:01:01] Updated row 48: ECO=DSM25980 Submitted=24 Jun 2026 Released=25 Jun 2026
[2026-07-04 06:01:01] Updated row 49: ECO=DSM25980 Submitted=24 Jun 2026 Released=25 Jun 2026
[2026-07-04 06:01:02] Updated row 50: ECO=DSM25982 Submitted=24 Jun 2026 Released=25 Jun 2026
[2026-07-04 06:01:02] Updated row 51: ECO=DSM25982 Submitted=24 Jun 2026 Released=25 Jun 2026
[2026-07-04 06:01:02] Updated row 52: ECO=DSM25982 Submitted=24 Jun 2026 Released=25 Jun 2026
[2026-07-04 06:01:03] Updated row 53: ECO=DSM25996 Submitted=24 Jun 2026 Released=25 Jun 2026
[2026-07-04 06:01:03] Updated row 54: ECO=DSM25996 Submitted=24 Jun 2026 Released=25 Jun 2026
[2026-07-04 06:01:03] Updated row 55: ECO=DSM25996 Submitted=24 Jun 2026 Released=25 Jun 2026
[2026-07-04 06:01:04] Updated row 56: ECO=DSM26004 Submitted=24 Jun 2026 Released=25 Jun 2026
[2026-07-04 06:01:05] Updated row 57: ECO=DSM26001 Submitted=24 Jun 2026 Released=25 Jun 2026
[2026-07-04 06:01:05] Updated row 58: ECO=DSM26001 Submitted=24 Jun 2026 Released=25 Jun 2026
[2026-07-04 06:01:05] Updated row 59: ECO=DSM26001 Submitted=24 Jun 2026 Released=25 Jun 2026
[2026-07-04 06:01:06] Updated row 60: ECO=DSM25998 Submitted=24 Jun 2026 Released=25 Jun 2026
[2026-07-04 06:01:08] Updated row 61: ECO=DSM25987 Submitted=23 Jun 2026 Released=25 Jun 2026
[2026-07-04 06:01:08] Updated row 62: ECO=DSM25987 Submitted=23 Jun 2026 Released=25 Jun 2026
[2026-07-04 06:01:08] Updated row 63: ECO=DSM25987 Submitted=23 Jun 2026 Released=25 Jun 2026
[2026-07-04 06:01:09] Updated row 64: ECO=DSM25990 Submitted=24 Jun 2026 Released=25 Jun 2026
[2026-07-04 06:01:10] Updated row 65: ECO=DSM25984 Submitted=23 Jun 2026 Released=25 Jun 2026
[2026-07-04 06:01:10] Updated row 66: ECO=DSM25984 Submitted=23 Jun 2026 Released=25 Jun 2026
[2026-07-04 06:01:10] Updated row 67: ECO=DSM25984 Submitted=23 Jun 2026 Released=25 Jun 2026
[2026-07-04 06:01:11] Updated row 68: ECO=DSM25986 Submitted=23 Jun 2026 Released=25 Jun 2026
[2026-07-04 06:01:12] Updated row 69: ECO=DSM25994 Submitted=23 Jun 2026 Released=25 Jun 2026
[2026-07-04 06:01:12] Updated row 70: ECO=DSM25994 Submitted=23 Jun 2026 Released=25 Jun 2026
[2026-07-04 06:01:12] Updated row 71: ECO=DSM25994 Submitted=23 Jun 2026 Released=25 Jun 2026
[2026-07-04 06:01:13] Updated row 72: ECO=DSM25995 Submitted=23 Jun 2026 Released=25 Jun 2026
[2026-07-04 06:01:13] Updated row 73: ECO=DSM25987 Submitted=23 Jun 2026 Released=25 Jun 2026
[2026-07-04 06:01:14] Updated row 74: ECO=DSM26002 Submitted=24 Jun 2026 Released=25 Jun 2026
[2026-07-04 06:01:15] Updated row 75: ECO=DSM26011 Submitted=26 Jun 2026 Released=30 Jun 2026
[2026-07-04 06:01:15] Updated row 76: ECO=DSM26011 Submitted=26 Jun 2026 Released=30 Jun 2026
[2026-07-04 06:01:15] Updated row 77: ECO=DSM26011 Submitted=26 Jun 2026 Released=30 Jun 2026
[2026-07-04 06:01:15] Updated row 78: ECO=DSM26011 Submitted=26 Jun 2026 Released=30 Jun 2026
[2026-07-04 06:01:15] Updated row 79: ECO=DSM26011 Submitted=26 Jun 2026 Released=30 Jun 2026
[2026-07-04 06:01:16] Updated row 80: ECO=DSM25991 Submitted=24 Jun 2026 Released=25 Jun 2026
[2026-07-04 06:01:17] Updated row 81: ECO=DSM26013 Submitted=25 Jun 2026 Released=26 Jun 2026
[2026-07-04 06:01:17] Updated row 82: ECO=DSM26013 Submitted=25 Jun 2026 Released=26 Jun 2026
[2026-07-04 06:01:17] Updated row 83: ECO=DSM26013 Submitted=25 Jun 2026 Released=26 Jun 2026
[2026-07-04 06:01:18] Updated row 84: ECO=DSM25988 Submitted=23 Jun 2026 Released=25 Jun 2026
[2026-07-04 06:01:19] Updated row 85: ECO=DSM26008 Submitted=24 Jun 2026 Released=26 Jun 2026
[2026-07-04 06:01:19] Updated row 86: ECO=DSM26008 Submitted=24 Jun 2026 Released=26 Jun 2026
[2026-07-04 06:01:19] Updated row 87: ECO=DSM26008 Submitted=24 Jun 2026 Released=26 Jun 2026
[2026-07-04 06:01:20] Updated row 88: ECO=DSM26003 Submitted=24 Jun 2026 Released=25 Jun 2026
[2026-07-04 06:01:21] Updated row 89: ECO=DSM26000 Submitted=24 Jun 2026 Released=25 Jun 2026
[2026-07-04 06:01:21] Updated row 90: ECO=DSM26000 Submitted=24 Jun 2026 Released=25 Jun 2026
[2026-07-04 06:01:21] Updated row 91: ECO=DSM26000 Submitted=24 Jun 2026 Released=25 Jun 2026
[2026-07-04 06:01:22] Updated row 92: ECO=DSM26005 Submitted=24 Jun 2026 Released=25 Jun 2026
[2026-07-04 06:01:23] Updated row 93: ECO=DSM26006 Submitted=24 Jun 2026 Released=25 Jun 2026
[2026-07-04 06:01:24] Updated row 94: ECO=CA90084HB Submitted=24 Jun 2026 Released=26 Jun 2026
[2026-07-04 06:01:26] Updated row 95: ECO=CA90087HB Submitted=25 Jun 2026 Released=26 Jun 2026
[2026-07-04 06:01:27] Updated row 96: ECO=CA90080HB Submitted=25 Jun 2026 Released=26 Jun 2026
[2026-07-04 06:01:27] Updated row 97: ECO=CA90080HB Submitted=25 Jun 2026 Released=26 Jun 2026
[2026-07-04 06:01:27] Updated row 98: ECO=CA90080HB Submitted=25 Jun 2026 Released=26 Jun 2026
[2026-07-04 06:01:27] Updated row 99: ECO=CA90080HB Submitted=25 Jun 2026 Released=26 Jun 2026
[2026-07-04 06:01:28] Updated row 100: ECO=CA90088HB Submitted=25 Jun 2026 Released=26 Jun 2026
[2026-07-04 06:01:29] Updated row 101: ECO=CA90075HB Submitted=27 Jun 2026 Released=30 Jun 2026
[2026-07-04 06:01:29] Updated row 102: ECO=CA90075HB Submitted=27 Jun 2026 Released=30 Jun 2026
[2026-07-04 06:01:29] Updated row 103: ECO=CA90075HB Submitted=27 Jun 2026 Released=30 Jun 2026
[2026-07-04 06:01:30] Updated row 104: ECO=CA90068HB Submitted=25 Jun 2026 Released=26 Jun 2026
[2026-07-04 06:01:30] Updated row 105: ECO=CA90068HB Submitted=25 Jun 2026 Released=26 Jun 2026
[2026-07-04 06:01:30] Updated row 106: ECO=CA90068HB Submitted=25 Jun 2026 Released=26 Jun 2026
[2026-07-04 06:01:30] Updated row 107: ECO=CA90068HB Submitted=25 Jun 2026 Released=26 Jun 2026
[2026-07-04 06:01:31] Updated row 108: ECO=CA90078HB Submitted=25 Jun 2026 Released=26 Jun 2026
[2026-07-04 06:01:32] Updated row 109: ECO=CA90083HB Submitted=25 Jun 2026 Released=26 Jun 2026
[2026-07-04 06:01:33] Updated row 110: ECO=CA90081HB Submitted=25 Jun 2026 Released=26 Jun 2026
[2026-07-04 06:01:34] Updated row 111: ECO=CA90082HB Submitted=25 Jun 2026 Released=26 Jun 2026
[2026-07-04 06:01:35] Updated row 112: ECO=CA90073HB Submitted=30 Jun 2026 Released=02 Jul 2026
[2026-07-04 06:01:36] Updated row 113: ECO=CA90070HB Submitted=25 Jun 2026 Released=25 Jun 2026
[2026-07-04 06:01:36] Updated row 114: ECO=CA90070HB Submitted=25 Jun 2026 Released=25 Jun 2026
[2026-07-04 06:01:36] Updated row 115: ECO=CA90070HB Submitted=25 Jun 2026 Released=25 Jun 2026
[2026-07-04 06:01:36] Updated row 116: ECO=CA90070HB Submitted=25 Jun 2026 Released=25 Jun 2026
[2026-07-04 06:01:37] Updated row 117: ECO=DSM26017 Submitted=25 Jun 2026 Released=26 Jun 2026
[2026-07-04 06:01:37] Updated row 118: ECO=DSM26017 Submitted=25 Jun 2026 Released=26 Jun 2026
[2026-07-04 06:01:37] Updated row 119: ECO=DSM26017 Submitted=25 Jun 2026 Released=26 Jun 2026
[2026-07-04 06:01:37] Skipping row 120: ECO value is empty or not usable (N/A).
[2026-07-04 06:01:38] Updated row 121: ECO=CA90109HB Submitted=25 Jun 2026 Released=26 Jun 2026
[2026-07-04 06:01:39] Updated row 122: ECO=CA90104HB Submitted=25 Jun 2026 Released=26 Jun 2026
[2026-07-04 06:01:39] Updated row 123: ECO=CA90104HB Submitted=25 Jun 2026 Released=26 Jun 2026
[2026-07-04 06:01:40] Updated row 124: ECO=CA90141HB Submitted=02 Jul 2026 Released=None
[2026-07-04 06:01:41] Updated row 125: ECO=CA90142HB Submitted=02 Jul 2026 Released=None
[2026-07-04 06:01:42] Updated row 126: ECO=CA90137HB Submitted=02 Jul 2026 Released=None
[2026-07-04 06:01:43] Updated row 127: ECO=DSM26022 Submitted=02 Jul 2026 Released=03 Jul 2026
[2026-07-04 06:01:43] Updated row 128: ECO=DSM26022 Submitted=02 Jul 2026 Released=03 Jul 2026
[2026-07-04 06:01:43] Updated row 129: ECO=DSM26022 Submitted=02 Jul 2026 Released=03 Jul 2026
[2026-07-04 06:01:44] Updated row 130: ECO=DSM26023 Submitted=01 Jul 2026 Released=02 Jul 2026
[2026-07-04 06:01:44] Updated row 131: ECO=DSM26023 Submitted=01 Jul 2026 Released=02 Jul 2026
[2026-07-04 06:01:44] Updated row 132: ECO=DSM26023 Submitted=01 Jul 2026 Released=02 Jul 2026
[2026-07-04 06:01:45] Updated row 133: ECO=DSM26038 Submitted=01 Jul 2026 Released=02 Jul 2026
[2026-07-04 06:01:46] Updated row 134: ECO=DSM26040 Submitted=01 Jul 2026 Released=02 Jul 2026
[2026-07-04 06:01:46] Updated row 135: ECO=DSM26040 Submitted=01 Jul 2026 Released=02 Jul 2026
[2026-07-04 06:01:46] Updated row 136: ECO=DSM26040 Submitted=01 Jul 2026 Released=02 Jul 2026
[2026-07-04 06:01:47] Updated row 137: ECO=DSM26041 Submitted=01 Jul 2026 Released=02 Jul 2026
[2026-07-04 06:01:48] Updated row 138: ECO=DSM26024 Submitted=30 Jun 2026 Released=02 Jul 2026
[2026-07-04 06:01:49] Updated row 139: ECO=DSM26027 Submitted=30 Jun 2026 Released=02 Jul 2026
[2026-07-04 06:01:50] Updated row 140: ECO=DSM26045 Submitted=01 Jul 2026 Released=03 Jul 2026
[2026-07-04 06:01:50] Updated row 141: ECO=DSM26045 Submitted=01 Jul 2026 Released=03 Jul 2026
[2026-07-04 06:01:50] Updated row 142: ECO=DSM26045 Submitted=01 Jul 2026 Released=03 Jul 2026
[2026-07-04 06:01:51] Updated row 143: ECO=DSM26037 Submitted=03 Jul 2026 Released=None
[2026-07-04 06:01:52] Updated row 144: ECO=DSM26036 Submitted=03 Jul 2026 Released=None
[2026-07-04 06:01:52] Updated row 145: ECO=DSM26036 Submitted=03 Jul 2026 Released=None
[2026-07-04 06:01:52] Updated row 146: ECO=DSM26037 Submitted=03 Jul 2026 Released=None
[2026-07-04 06:01:52] Updated row 147: ECO=DSM26036 Submitted=03 Jul 2026 Released=None
[2026-07-04 06:01:52] Updated row 148: ECO=DSM26037 Submitted=03 Jul 2026 Released=None
[2026-07-04 06:01:53] Updated row 149: ECO=DSM26026 Submitted=02 Jul 2026 Released=None
[2026-07-04 06:01:55] Row 150: ECO lookup failed for DSM26028; treating as not submitted yet. Could not find Submitted/Released workflow dates for DSM26028.
Tried classes=['Change', 'ECO', 'Change Orders'] tables=['History', 'Workflow', 'Workflow Status']
No matching workflow rows found.
[2026-07-04 06:01:55] Updated row 150: ECO=DSM26028 Submitted=None Released=None
[2026-07-04 06:01:57] Row 151: ECO lookup failed for DSM26030; treating as not submitted yet. Could not find Submitted/Released workflow dates for DSM26030.
Tried classes=['Change', 'ECO', 'Change Orders'] tables=['History', 'Workflow', 'Workflow Status']
No matching workflow rows found.
[2026-07-04 06:01:57] Updated row 151: ECO=DSM26030 Submitted=None Released=None
[2026-07-04 06:01:58] Updated row 152: ECO=DSM26033 Submitted=03 Jul 2026 Released=None
[2026-07-04 06:01:58] Updated row 153: ECO=DSM26028 Submitted=None Released=None
[2026-07-04 06:01:58] Updated row 154: ECO=DSM26030 Submitted=None Released=None
[2026-07-04 06:01:58] Updated row 155: ECO=DSM26033 Submitted=03 Jul 2026 Released=None
[2026-07-04 06:01:58] Updated row 156: ECO=DSM26033 Submitted=03 Jul 2026 Released=None
[2026-07-04 06:01:58] Updated row 157: ECO=DSM26028 Submitted=None Released=None
[2026-07-04 06:01:58] Updated row 158: ECO=DSM26030 Submitted=None Released=None
[2026-07-04 06:01:59] Updated row 159: ECO=DSM26034 Submitted=01 Jul 2026 Released=02 Jul 2026
[2026-07-04 06:01:59] Updated row 160: ECO=DSM26034 Submitted=01 Jul 2026 Released=02 Jul 2026
[2026-07-04 06:01:59] Updated row 161: ECO=DSM26034 Submitted=01 Jul 2026 Released=02 Jul 2026
[2026-07-04 06:02:00] Updated row 162: ECO=DSM26035 Submitted=01 Jul 2026 Released=02 Jul 2026
[2026-07-04 06:02:01] Updated row 163: ECO=DSM26021 Submitted=02 Jul 2026 Released=03 Jul 2026
[2026-07-04 06:02:01] Updated row 164: ECO=DSM26035 Submitted=01 Jul 2026 Released=02 Jul 2026
[2026-07-04 06:02:01] Updated row 165: ECO=DSM26021 Submitted=02 Jul 2026 Released=03 Jul 2026
[2026-07-04 06:02:01] Updated row 166: ECO=DSM26035 Submitted=01 Jul 2026 Released=02 Jul 2026
[2026-07-04 06:02:01] Updated row 167: ECO=DSM26021 Submitted=02 Jul 2026 Released=03 Jul 2026
[2026-07-04 06:02:01] Updated row 168: ECO=DSM26035 Submitted=01 Jul 2026 Released=02 Jul 2026
[2026-07-04 06:02:01] Updated row 169: ECO=DSM26021 Submitted=02 Jul 2026 Released=03 Jul 2026
[2026-07-04 06:02:01] Updated row 170: ECO=DSM26035 Submitted=01 Jul 2026 Released=02 Jul 2026
[2026-07-04 06:02:01] Updated row 171: ECO=DSM26021 Submitted=02 Jul 2026 Released=03 Jul 2026
[2026-07-04 06:02:02] Updated row 172: ECO=DSM26025 Submitted=01 Jul 2026 Released=02 Jul 2026
[2026-07-04 06:02:02] Updated row 173: ECO=DSM26025 Submitted=01 Jul 2026 Released=02 Jul 2026
[2026-07-04 06:02:02] Updated row 174: ECO=DSM26025 Submitted=01 Jul 2026 Released=02 Jul 2026
[2026-07-04 06:02:03] Updated row 175: ECO=DSM26029 Submitted=02 Jul 2026 Released=03 Jul 2026
[2026-07-04 06:02:04] Updated row 176: ECO=DSM26031 Submitted=04 Jul 2026 Released=None
[2026-07-04 06:02:05] Updated row 177: ECO=DSM26039 Submitted=03 Jul 2026 Released=None
[2026-07-04 06:02:06] Updated row 178: ECO=DSM26043 Submitted=03 Jul 2026 Released=None
[2026-07-04 06:02:08] Updated row 179: ECO=DSM26044 Submitted=03 Jul 2026 Released=None
[2026-07-04 06:02:08] Updated row 180: ECO=DSM26042 Submitted=03 Jul 2026 Released=None
[2026-07-04 06:02:08] Updated row 181: ECO=DSM26029 Submitted=02 Jul 2026 Released=03 Jul 2026
[2026-07-04 06:02:08] Updated row 182: ECO=DSM26031 Submitted=04 Jul 2026 Released=None
[2026-07-04 06:02:08] Updated row 183: ECO=DSM26039 Submitted=03 Jul 2026 Released=None
[2026-07-04 06:02:08] Updated row 184: ECO=DSM26043 Submitted=03 Jul 2026 Released=None
[2026-07-04 06:02:08] Updated row 185: ECO=DSM26044 Submitted=03 Jul 2026 Released=None
[2026-07-04 06:02:08] Updated row 186: ECO=DSM26042 Submitted=03 Jul 2026 Released=None
[2026-07-04 06:02:08] Updated row 187: ECO=DSM26029 Submitted=02 Jul 2026 Released=03 Jul 2026
[2026-07-04 06:02:08] Updated row 188: ECO=DSM26031 Submitted=04 Jul 2026 Released=None
[2026-07-04 06:02:08] Updated row 189: ECO=DSM26039 Submitted=03 Jul 2026 Released=None
[2026-07-04 06:02:08] Updated row 190: ECO=DSM26043 Submitted=03 Jul 2026 Released=None
[2026-07-04 06:02:08] Updated row 191: ECO=DSM26044 Submitted=03 Jul 2026 Released=None
[2026-07-04 06:02:08] Updated row 192: ECO=DSM26042 Submitted=03 Jul 2026 Released=None
[2026-07-04 06:02:10] Updated row 193: ECO=CA90162HB Submitted=01 Jul 2026 Released=02 Jul 2026
[2026-07-04 06:02:10] Updated row 194: ECO=CA90167HB Submitted=02 Jul 2026 Released=03 Jul 2026
[2026-07-04 06:02:11] Updated row 195: ECO=CA90173HB Submitted=03 Jul 2026 Released=None
[2026-07-04 06:02:11] Updated row 196: ECO=CA90173HB Submitted=03 Jul 2026 Released=None
[2026-07-04 06:02:11] Updated row 197: ECO=CA90173HB Submitted=03 Jul 2026 Released=None
[2026-07-04 06:02:14] Row 198: ECO lookup failed for CA90176HB; treating as not submitted yet. Could not find Submitted/Released workflow dates for CA90176HB.
Tried classes=['Change', 'ECO', 'Change Orders'] tables=['History', 'Workflow', 'Workflow Status']
No matching workflow rows found.
[2026-07-04 06:02:14] Updated row 198: ECO=CA90176HB Submitted=None Released=None
[2026-07-04 06:02:14] Updated row 199: ECO=CA90176HB Submitted=None Released=None
[2026-07-04 06:02:14] Updated row 200: ECO=CA90176HB Submitted=None Released=None
[2026-07-04 06:02:16] Row 201: ECO lookup failed for CA90181HB; treating as not submitted yet. Could not find Submitted/Released workflow dates for CA90181HB.
Tried classes=['Change', 'ECO', 'Change Orders'] tables=['History', 'Workflow', 'Workflow Status']
No matching workflow rows found.
[2026-07-04 06:02:16] Updated row 201: ECO=CA90181HB Submitted=None Released=None
[2026-07-04 06:02:16] Updated row 202: ECO=CA90181HB Submitted=None Released=None
[2026-07-04 06:02:16] Updated row 203: ECO=CA90181HB Submitted=None Released=None
[2026-07-04 06:02:18] Row 204: ECO lookup failed for CA90172HB; treating as not submitted yet. Could not find Submitted/Released workflow dates for CA90172HB.
Tried classes=['Change', 'ECO', 'Change Orders'] tables=['History', 'Workflow', 'Workflow Status']
No matching workflow rows found.
[2026-07-04 06:02:18] Updated row 204: ECO=CA90172HB Submitted=None Released=None
[2026-07-04 06:02:18] Updated row 205: ECO=CA90172HB Submitted=None Released=None
[2026-07-04 06:02:18] Updated row 206: ECO=CA90172HB Submitted=None Released=None
[2026-07-04 06:02:20] Row 207: ECO lookup failed for CA90174HB; treating as not submitted yet. Could not find Submitted/Released workflow dates for CA90174HB.
Tried classes=['Change', 'ECO', 'Change Orders'] tables=['History', 'Workflow', 'Workflow Status']
No matching workflow rows found.
[2026-07-04 06:02:20] Updated row 207: ECO=CA90174HB Submitted=None Released=None
[2026-07-04 06:02:20] Updated row 208: ECO=CA90174HB Submitted=None Released=None
[2026-07-04 06:02:20] Updated row 209: ECO=CA90174HB Submitted=None Released=None
[2026-07-04 06:02:21] Updated row 210: ECO=CA90170HB Submitted=02 Jul 2026 Released=None
[2026-07-04 06:02:21] Updated row 211: ECO=CA90170HB Submitted=02 Jul 2026 Released=None
[2026-07-04 06:02:21] Updated row 212: ECO=CA90170HB Submitted=02 Jul 2026 Released=None
[2026-07-04 06:02:23] Row 213: ECO lookup failed for CA90171HB; treating as not submitted yet. Could not find Submitted/Released workflow dates for CA90171HB.
Tried classes=['Change', 'ECO', 'Change Orders'] tables=['History', 'Workflow', 'Workflow Status']
No matching workflow rows found.
[2026-07-04 06:02:23] Updated row 213: ECO=CA90171HB Submitted=None Released=None
[2026-07-04 06:02:23] Updated row 214: ECO=CA90171HB Submitted=None Released=None
[2026-07-04 06:02:23] Updated row 215: ECO=CA90171HB Submitted=None Released=None
[2026-07-04 06:02:26] Row 216: ECO lookup failed for CA90183HB; treating as not submitted yet. Could not find Submitted/Released workflow dates for CA90183HB.
Tried classes=['Change', 'ECO', 'Change Orders'] tables=['History', 'Workflow', 'Workflow Status']
No matching workflow rows found.
[2026-07-04 06:02:26] Updated row 216: ECO=CA90183HB Submitted=None Released=None
[2026-07-04 06:02:26] Updated row 217: ECO=CA90183HB Submitted=None Released=None
[2026-07-04 06:02:26] Updated row 218: ECO=CA90183HB Submitted=None Released=None
[2026-07-04 06:02:27] Updated row 219: ECO=CA90184HB Submitted=02 Jul 2026 Released=03 Jul 2026
[2026-07-04 06:02:27] Updated row 220: ECO=CA90184HB Submitted=02 Jul 2026 Released=03 Jul 2026
[2026-07-04 06:02:28] Updated row 221: ECO=CA90182HB Submitted=01 Jul 2026 Released=03 Jul 2026
[2026-07-04 06:02:28] Updated row 222: ECO=CA90182HB Submitted=01 Jul 2026 Released=03 Jul 2026
[2026-07-04 06:02:28] Updated row 223: ECO=CA90182HB Submitted=01 Jul 2026 Released=03 Jul 2026
[2026-07-04 06:02:28] Updated row 224: ECO=CA90182HB Submitted=01 Jul 2026 Released=03 Jul 2026
[2026-07-04 06:02:29] Updated row 225: ECO=CA90177HB Submitted=01 Jul 2026 Released=03 Jul 2026
[2026-07-04 06:02:30] Updated row 226: ECO=CA90175HB Submitted=02 Jul 2026 Released=03 Jul 2026
[2026-07-04 06:02:31] Updated row 227: ECO=CA90178HB Submitted=01 Jul 2026 Released=03 Jul 2026
[2026-07-04 06:02:31] Updated row 228: ECO=CA90178HB Submitted=01 Jul 2026 Released=03 Jul 2026
[2026-07-04 06:02:31] Updated row 229: ECO=CA90178HB Submitted=01 Jul 2026 Released=03 Jul 2026
[2026-07-04 06:02:32] Updated row 230: ECO=CA90185HB Submitted=02 Jul 2026 Released=03 Jul 2026
[2026-07-04 06:02:33] Updated row 231: ECO=CA90186HB Submitted=02 Jul 2026 Released=03 Jul 2026
[2026-07-04 06:02:33] Updated row 232: ECO=CA90187HB Submitted=02 Jul 2026 Released=03 Jul 2026
[2026-07-04 06:02:33] Skipping row 233: ECO value is empty or not usable (NA).
[2026-07-04 06:02:33] Workbook looks free. Waiting 30 seconds for OneDrive to settle...
[2026-07-04 06:03:03] Saving workbook to C:\Users\kmageshkumar\OneDrive - Ichor Systems\AMAT SGP ECO Tracker.xlsx...
[2026-07-04 06:03:04] Workbook protection and editable-range metadata preserved.
[2026-07-04 06:03:04] Workbook save complete.
[2026-07-04 06:03:04] Workbook updated: C:\Users\kmageshkumar\OneDrive - Ichor Systems\AMAT SGP ECO Tracker.xlsx
[2026-07-04 06:03:04] Workbook looks free. Waiting 30 seconds for OneDrive to settle...
[2026-07-04 06:03:37] Row 2: CRF lookup failed for 1382230; treating as not submitted yet. Could not find Submitted/Released workflow dates for 1382230.
Tried classes=['Change', 'ECO', 'Change Orders'] tables=['History', 'Workflow', 'Workflow Status']
No matching workflow rows found.
[2026-07-04 06:03:37] Updated row 2: CRF=1382230 Submitted=None Released=None
[2026-07-04 06:03:40] Row 3: CRF lookup failed for 1386239; treating as not submitted yet. Could not find Submitted/Released workflow dates for 1386239.
Tried classes=['Change', 'ECO', 'Change Orders'] tables=['History', 'Workflow', 'Workflow Status']
No matching workflow rows found.
[2026-07-04 06:03:40] Updated row 3: CRF=1386239 Submitted=None Released=None
[2026-07-04 06:03:40] Workbook looks free. Waiting 30 seconds for OneDrive to settle...
[2026-07-04 06:04:10] Saving workbook to C:\Users\kmageshkumar\OneDrive - Ichor Systems\AMAT SGP CRF Tracker.xlsx...
[2026-07-04 06:04:10] Workbook protection and editable-range metadata preserved.
[2026-07-04 06:04:10] Workbook save complete.
[2026-07-04 06:04:10] CRF workbook updated: C:\Users\kmageshkumar\OneDrive - Ichor Systems\AMAT SGP CRF Tracker.xlsx
[2026-07-05 06:00:04] Workbook looks free. Waiting 30 seconds for OneDrive to settle...
[2026-07-05 06:00:37] Updated row 2: ECO=CA89812HB Submitted=17 Jun 2026 Released=18 Jun 2026
[2026-07-05 06:00:37] Updated row 3: ECO=CA89812HB Submitted=17 Jun 2026 Released=18 Jun 2026
[2026-07-05 06:00:38] Updated row 4: ECO=CA89800HB Submitted=17 Jun 2026 Released=18 Jun 2026
[2026-07-05 06:00:38] Updated row 5: ECO=CA89800HB Submitted=17 Jun 2026 Released=18 Jun 2026
[2026-07-05 06:00:38] Updated row 6: ECO=CA89800HB Submitted=17 Jun 2026 Released=18 Jun 2026
[2026-07-05 06:00:39] Updated row 7: ECO=CA89823HB Submitted=16 Jun 2026 Released=17 Jun 2026
[2026-07-05 06:00:40] Updated row 8: ECO=CA89799HB Submitted=17 Jun 2026 Released=18 Jun 2026
[2026-07-05 06:00:41] Updated row 9: ECO=CA89813HB Submitted=17 Jun 2026 Released=18 Jun 2026
[2026-07-05 06:00:42] Updated row 10: ECO=CA89819HB Submitted=16 Jun 2026 Released=17 Jun 2026
[2026-07-05 06:00:43] Updated row 11: ECO=CA89817HB Submitted=17 Jun 2026 Released=18 Jun 2026
[2026-07-05 06:00:44] Updated row 12: ECO=CA89801HB Submitted=17 Jun 2026 Released=18 Jun 2026
[2026-07-05 06:00:45] Updated row 13: ECO=CA89804HB Submitted=17 Jun 2026 Released=18 Jun 2026
[2026-07-05 06:00:46] Updated row 14: ECO=CA89818HB Submitted=17 Jun 2026 Released=18 Jun 2026
[2026-07-05 06:00:46] Skipping row 15: ECO value is empty or not usable (NA).
[2026-07-05 06:00:46] Skipping row 16: ECO value is empty or not usable (NA).
[2026-07-05 06:00:46] Skipping row 17: ECO value is empty or not usable (NA).
[2026-07-05 06:00:48] Updated row 18: ECO=CA89851HB Submitted=18 Jun 2026 Released=20 Jun 2026
[2026-07-05 06:00:48] Updated row 19: ECO=CA89851HB Submitted=18 Jun 2026 Released=20 Jun 2026
[2026-07-05 06:00:48] Updated row 20: ECO=CA89851HB Submitted=18 Jun 2026 Released=20 Jun 2026
[2026-07-05 06:00:49] Updated row 21: ECO=CA89905HB Submitted=20 Jun 2026 Released=23 Jun 2026
[2026-07-05 06:00:52] Updated row 22: ECO=CA89878HB Submitted=18 Jun 2026 Released=19 Jun 2026
[2026-07-05 06:00:52] Updated row 23: ECO=CA89878HB Submitted=18 Jun 2026 Released=19 Jun 2026
[2026-07-05 06:00:54] Updated row 24: ECO=CA89886HB Submitted=19 Jun 2026 Released=20 Jun 2026
[2026-07-05 06:00:55] Updated row 25: ECO=CA89881HB Submitted=19 Jun 2026 Released=20 Jun 2026
[2026-07-05 06:00:56] Updated row 26: ECO=CA89910HB Submitted=18 Jun 2026 Released=19 Jun 2026
[2026-07-05 06:00:56] Updated row 27: ECO=CA89910HB Submitted=18 Jun 2026 Released=19 Jun 2026
[2026-07-05 06:00:56] Updated row 28: ECO=CA89910HB Submitted=18 Jun 2026 Released=19 Jun 2026
[2026-07-05 06:00:57] Updated row 29: ECO=CA89966HB Submitted=23 Jun 2026 Released=25 Jun 2026
[2026-07-05 06:00:57] Updated row 30: ECO=CA89966HB Submitted=23 Jun 2026 Released=25 Jun 2026
[2026-07-05 06:00:58] Updated row 31: ECO=CA89497HB Submitted=30 May 2026 Released=02 Jun 2026
[2026-07-05 06:00:59] Updated row 32: ECO=CA90044HB Submitted=24 Jun 2026 Released=25 Jun 2026
[2026-07-05 06:00:59] Updated row 33: ECO=CA90044HB Submitted=24 Jun 2026 Released=25 Jun 2026
[2026-07-05 06:00:59] Updated row 34: ECO=CA90044HB Submitted=24 Jun 2026 Released=25 Jun 2026
[2026-07-05 06:00:59] Updated row 35: ECO=CA90044HB Submitted=24 Jun 2026 Released=25 Jun 2026
[2026-07-05 06:01:00] Updated row 36: ECO=DSM25989 Submitted=23 Jun 2026 Released=25 Jun 2026
[2026-07-05 06:01:00] Updated row 37: ECO=DSM25989 Submitted=23 Jun 2026 Released=25 Jun 2026
[2026-07-05 06:01:00] Updated row 38: ECO=DSM25989 Submitted=23 Jun 2026 Released=25 Jun 2026
[2026-07-05 06:01:02] Updated row 39: ECO=DSM26016 Submitted=25 Jun 2026 Released=26 Jun 2026
[2026-07-05 06:01:02] Updated row 40: ECO=DSM26016 Submitted=25 Jun 2026 Released=26 Jun 2026
[2026-07-05 06:01:02] Updated row 41: ECO=DSM26016 Submitted=25 Jun 2026 Released=26 Jun 2026
[2026-07-05 06:01:04] Updated row 42: ECO=DSM25993 Submitted=30 Jun 2026 Released=02 Jul 2026
[2026-07-05 06:01:04] Updated row 43: ECO=DSM25993 Submitted=30 Jun 2026 Released=02 Jul 2026
[2026-07-05 06:01:05] Updated row 44: ECO=DSM25983 Submitted=24 Jun 2026 Released=25 Jun 2026
[2026-07-05 06:01:05] Updated row 45: ECO=DSM25983 Submitted=24 Jun 2026 Released=25 Jun 2026
[2026-07-05 06:01:05] Updated row 46: ECO=DSM25983 Submitted=24 Jun 2026 Released=25 Jun 2026
[2026-07-05 06:01:06] Updated row 47: ECO=DSM25980 Submitted=24 Jun 2026 Released=25 Jun 2026
[2026-07-05 06:01:06] Updated row 48: ECO=DSM25980 Submitted=24 Jun 2026 Released=25 Jun 2026
[2026-07-05 06:01:06] Updated row 49: ECO=DSM25980 Submitted=24 Jun 2026 Released=25 Jun 2026
[2026-07-05 06:01:07] Updated row 50: ECO=DSM25982 Submitted=24 Jun 2026 Released=25 Jun 2026
[2026-07-05 06:01:07] Updated row 51: ECO=DSM25982 Submitted=24 Jun 2026 Released=25 Jun 2026
[2026-07-05 06:01:07] Updated row 52: ECO=DSM25982 Submitted=24 Jun 2026 Released=25 Jun 2026
[2026-07-05 06:01:08] Updated row 53: ECO=DSM25996 Submitted=24 Jun 2026 Released=25 Jun 2026
[2026-07-05 06:01:08] Updated row 54: ECO=DSM25996 Submitted=24 Jun 2026 Released=25 Jun 2026
[2026-07-05 06:01:08] Updated row 55: ECO=DSM25996 Submitted=24 Jun 2026 Released=25 Jun 2026
[2026-07-05 06:01:09] Updated row 56: ECO=DSM26004 Submitted=24 Jun 2026 Released=25 Jun 2026
[2026-07-05 06:01:10] Updated row 57: ECO=DSM26001 Submitted=24 Jun 2026 Released=25 Jun 2026
[2026-07-05 06:01:10] Updated row 58: ECO=DSM26001 Submitted=24 Jun 2026 Released=25 Jun 2026
[2026-07-05 06:01:10] Updated row 59: ECO=DSM26001 Submitted=24 Jun 2026 Released=25 Jun 2026
[2026-07-05 06:01:11] Updated row 60: ECO=DSM25998 Submitted=24 Jun 2026 Released=25 Jun 2026
[2026-07-05 06:01:13] Updated row 61: ECO=DSM25987 Submitted=23 Jun 2026 Released=25 Jun 2026
[2026-07-05 06:01:13] Updated row 62: ECO=DSM25987 Submitted=23 Jun 2026 Released=25 Jun 2026
[2026-07-05 06:01:13] Updated row 63: ECO=DSM25987 Submitted=23 Jun 2026 Released=25 Jun 2026
[2026-07-05 06:01:14] Updated row 64: ECO=DSM25990 Submitted=24 Jun 2026 Released=25 Jun 2026
[2026-07-05 06:01:15] Updated row 65: ECO=DSM25984 Submitted=23 Jun 2026 Released=25 Jun 2026
[2026-07-05 06:01:15] Updated row 66: ECO=DSM25984 Submitted=23 Jun 2026 Released=25 Jun 2026
[2026-07-05 06:01:15] Updated row 67: ECO=DSM25984 Submitted=23 Jun 2026 Released=25 Jun 2026
[2026-07-05 06:01:16] Updated row 68: ECO=DSM25986 Submitted=23 Jun 2026 Released=25 Jun 2026
[2026-07-05 06:01:17] Updated row 69: ECO=DSM25994 Submitted=23 Jun 2026 Released=25 Jun 2026
[2026-07-05 06:01:17] Updated row 70: ECO=DSM25994 Submitted=23 Jun 2026 Released=25 Jun 2026
[2026-07-05 06:01:17] Updated row 71: ECO=DSM25994 Submitted=23 Jun 2026 Released=25 Jun 2026
[2026-07-05 06:01:18] Updated row 72: ECO=DSM25995 Submitted=23 Jun 2026 Released=25 Jun 2026
[2026-07-05 06:01:18] Updated row 73: ECO=DSM25987 Submitted=23 Jun 2026 Released=25 Jun 2026
[2026-07-05 06:01:19] Updated row 74: ECO=DSM26002 Submitted=24 Jun 2026 Released=25 Jun 2026
[2026-07-05 06:01:20] Updated row 75: ECO=DSM26011 Submitted=26 Jun 2026 Released=30 Jun 2026
[2026-07-05 06:01:20] Updated row 76: ECO=DSM26011 Submitted=26 Jun 2026 Released=30 Jun 2026
[2026-07-05 06:01:20] Updated row 77: ECO=DSM26011 Submitted=26 Jun 2026 Released=30 Jun 2026
[2026-07-05 06:01:20] Updated row 78: ECO=DSM26011 Submitted=26 Jun 2026 Released=30 Jun 2026
[2026-07-05 06:01:20] Updated row 79: ECO=DSM26011 Submitted=26 Jun 2026 Released=30 Jun 2026
[2026-07-05 06:01:21] Updated row 80: ECO=DSM25991 Submitted=24 Jun 2026 Released=25 Jun 2026
[2026-07-05 06:01:22] Updated row 81: ECO=DSM26013 Submitted=25 Jun 2026 Released=26 Jun 2026
[2026-07-05 06:01:22] Updated row 82: ECO=DSM26013 Submitted=25 Jun 2026 Released=26 Jun 2026
[2026-07-05 06:01:22] Updated row 83: ECO=DSM26013 Submitted=25 Jun 2026 Released=26 Jun 2026
[2026-07-05 06:01:23] Updated row 84: ECO=DSM25988 Submitted=23 Jun 2026 Released=25 Jun 2026
[2026-07-05 06:01:24] Updated row 85: ECO=DSM26008 Submitted=24 Jun 2026 Released=26 Jun 2026
[2026-07-05 06:01:24] Updated row 86: ECO=DSM26008 Submitted=24 Jun 2026 Released=26 Jun 2026
[2026-07-05 06:01:24] Updated row 87: ECO=DSM26008 Submitted=24 Jun 2026 Released=26 Jun 2026
[2026-07-05 06:01:25] Updated row 88: ECO=DSM26003 Submitted=24 Jun 2026 Released=25 Jun 2026
[2026-07-05 06:01:26] Updated row 89: ECO=DSM26000 Submitted=24 Jun 2026 Released=25 Jun 2026
[2026-07-05 06:01:26] Updated row 90: ECO=DSM26000 Submitted=24 Jun 2026 Released=25 Jun 2026
[2026-07-05 06:01:26] Updated row 91: ECO=DSM26000 Submitted=24 Jun 2026 Released=25 Jun 2026
[2026-07-05 06:01:27] Updated row 92: ECO=DSM26005 Submitted=24 Jun 2026 Released=25 Jun 2026
[2026-07-05 06:01:28] Updated row 93: ECO=DSM26006 Submitted=24 Jun 2026 Released=25 Jun 2026
[2026-07-05 06:01:29] Updated row 94: ECO=CA90084HB Submitted=24 Jun 2026 Released=26 Jun 2026
[2026-07-05 06:01:30] Updated row 95: ECO=CA90087HB Submitted=25 Jun 2026 Released=26 Jun 2026
[2026-07-05 06:01:31] Updated row 96: ECO=CA90080HB Submitted=25 Jun 2026 Released=26 Jun 2026
[2026-07-05 06:01:31] Updated row 97: ECO=CA90080HB Submitted=25 Jun 2026 Released=26 Jun 2026
[2026-07-05 06:01:31] Updated row 98: ECO=CA90080HB Submitted=25 Jun 2026 Released=26 Jun 2026
[2026-07-05 06:01:31] Updated row 99: ECO=CA90080HB Submitted=25 Jun 2026 Released=26 Jun 2026
[2026-07-05 06:01:32] Updated row 100: ECO=CA90088HB Submitted=25 Jun 2026 Released=26 Jun 2026
[2026-07-05 06:01:33] Updated row 101: ECO=CA90075HB Submitted=27 Jun 2026 Released=30 Jun 2026
[2026-07-05 06:01:33] Updated row 102: ECO=CA90075HB Submitted=27 Jun 2026 Released=30 Jun 2026
[2026-07-05 06:01:33] Updated row 103: ECO=CA90075HB Submitted=27 Jun 2026 Released=30 Jun 2026
[2026-07-05 06:01:34] Updated row 104: ECO=CA90068HB Submitted=25 Jun 2026 Released=26 Jun 2026
[2026-07-05 06:01:34] Updated row 105: ECO=CA90068HB Submitted=25 Jun 2026 Released=26 Jun 2026
[2026-07-05 06:01:34] Updated row 106: ECO=CA90068HB Submitted=25 Jun 2026 Released=26 Jun 2026
[2026-07-05 06:01:34] Updated row 107: ECO=CA90068HB Submitted=25 Jun 2026 Released=26 Jun 2026
[2026-07-05 06:01:35] Updated row 108: ECO=CA90078HB Submitted=25 Jun 2026 Released=26 Jun 2026
[2026-07-05 06:01:36] Updated row 109: ECO=CA90083HB Submitted=25 Jun 2026 Released=26 Jun 2026
[2026-07-05 06:01:37] Updated row 110: ECO=CA90081HB Submitted=25 Jun 2026 Released=26 Jun 2026
[2026-07-05 06:01:38] Updated row 111: ECO=CA90082HB Submitted=25 Jun 2026 Released=26 Jun 2026
[2026-07-05 06:01:39] Updated row 112: ECO=CA90073HB Submitted=30 Jun 2026 Released=02 Jul 2026
[2026-07-05 06:01:41] Updated row 113: ECO=CA90070HB Submitted=25 Jun 2026 Released=25 Jun 2026
[2026-07-05 06:01:41] Updated row 114: ECO=CA90070HB Submitted=25 Jun 2026 Released=25 Jun 2026
[2026-07-05 06:01:41] Updated row 115: ECO=CA90070HB Submitted=25 Jun 2026 Released=25 Jun 2026
[2026-07-05 06:01:41] Updated row 116: ECO=CA90070HB Submitted=25 Jun 2026 Released=25 Jun 2026
[2026-07-05 06:01:42] Updated row 117: ECO=DSM26017 Submitted=25 Jun 2026 Released=26 Jun 2026
[2026-07-05 06:01:42] Updated row 118: ECO=DSM26017 Submitted=25 Jun 2026 Released=26 Jun 2026
[2026-07-05 06:01:42] Updated row 119: ECO=DSM26017 Submitted=25 Jun 2026 Released=26 Jun 2026
[2026-07-05 06:01:42] Skipping row 120: ECO value is empty or not usable (N/A).
[2026-07-05 06:01:43] Updated row 121: ECO=CA90109HB Submitted=25 Jun 2026 Released=26 Jun 2026
[2026-07-05 06:01:44] Updated row 122: ECO=CA90104HB Submitted=25 Jun 2026 Released=26 Jun 2026
[2026-07-05 06:01:44] Updated row 123: ECO=CA90104HB Submitted=25 Jun 2026 Released=26 Jun 2026
[2026-07-05 06:01:45] Updated row 124: ECO=CA90141HB Submitted=02 Jul 2026 Released=None
[2026-07-05 06:01:46] Updated row 125: ECO=CA90142HB Submitted=02 Jul 2026 Released=None
[2026-07-05 06:01:47] Updated row 126: ECO=CA90137HB Submitted=02 Jul 2026 Released=None
[2026-07-05 06:01:48] Updated row 127: ECO=DSM26022 Submitted=02 Jul 2026 Released=03 Jul 2026
[2026-07-05 06:01:48] Updated row 128: ECO=DSM26022 Submitted=02 Jul 2026 Released=03 Jul 2026
[2026-07-05 06:01:48] Updated row 129: ECO=DSM26022 Submitted=02 Jul 2026 Released=03 Jul 2026
[2026-07-05 06:01:49] Updated row 130: ECO=DSM26023 Submitted=01 Jul 2026 Released=02 Jul 2026
[2026-07-05 06:01:49] Updated row 131: ECO=DSM26023 Submitted=01 Jul 2026 Released=02 Jul 2026
[2026-07-05 06:01:49] Updated row 132: ECO=DSM26023 Submitted=01 Jul 2026 Released=02 Jul 2026
[2026-07-05 06:01:50] Updated row 133: ECO=DSM26038 Submitted=01 Jul 2026 Released=02 Jul 2026
[2026-07-05 06:01:51] Updated row 134: ECO=DSM26040 Submitted=01 Jul 2026 Released=02 Jul 2026
[2026-07-05 06:01:51] Updated row 135: ECO=DSM26040 Submitted=01 Jul 2026 Released=02 Jul 2026
[2026-07-05 06:01:51] Updated row 136: ECO=DSM26040 Submitted=01 Jul 2026 Released=02 Jul 2026
[2026-07-05 06:01:52] Updated row 137: ECO=DSM26041 Submitted=01 Jul 2026 Released=02 Jul 2026
[2026-07-05 06:01:53] Updated row 138: ECO=DSM26024 Submitted=30 Jun 2026 Released=02 Jul 2026
[2026-07-05 06:01:54] Updated row 139: ECO=DSM26027 Submitted=30 Jun 2026 Released=02 Jul 2026
[2026-07-05 06:01:55] Updated row 140: ECO=DSM26045 Submitted=01 Jul 2026 Released=03 Jul 2026
[2026-07-05 06:01:55] Updated row 141: ECO=DSM26045 Submitted=01 Jul 2026 Released=03 Jul 2026
[2026-07-05 06:01:55] Updated row 142: ECO=DSM26045 Submitted=01 Jul 2026 Released=03 Jul 2026
[2026-07-05 06:01:56] Updated row 143: ECO=DSM26037 Submitted=03 Jul 2026 Released=None
[2026-07-05 06:01:57] Updated row 144: ECO=DSM26036 Submitted=03 Jul 2026 Released=None
[2026-07-05 06:01:57] Updated row 145: ECO=DSM26036 Submitted=03 Jul 2026 Released=None
[2026-07-05 06:01:57] Updated row 146: ECO=DSM26037 Submitted=03 Jul 2026 Released=None
[2026-07-05 06:01:57] Updated row 147: ECO=DSM26036 Submitted=03 Jul 2026 Released=None
[2026-07-05 06:01:57] Updated row 148: ECO=DSM26037 Submitted=03 Jul 2026 Released=None
[2026-07-05 06:01:58] Updated row 149: ECO=DSM26026 Submitted=02 Jul 2026 Released=None
[2026-07-05 06:02:00] Row 150: ECO lookup failed for DSM26028; treating as not submitted yet. Could not find Submitted/Released workflow dates for DSM26028.
Tried classes=['Change', 'ECO', 'Change Orders'] tables=['History', 'Workflow', 'Workflow Status']
No matching workflow rows found.
[2026-07-05 06:02:00] Updated row 150: ECO=DSM26028 Submitted=None Released=None
[2026-07-05 06:02:02] Row 151: ECO lookup failed for DSM26030; treating as not submitted yet. Could not find Submitted/Released workflow dates for DSM26030.
Tried classes=['Change', 'ECO', 'Change Orders'] tables=['History', 'Workflow', 'Workflow Status']
No matching workflow rows found.
[2026-07-05 06:02:02] Updated row 151: ECO=DSM26030 Submitted=None Released=None
[2026-07-05 06:02:03] Updated row 152: ECO=DSM26033 Submitted=03 Jul 2026 Released=None
[2026-07-05 06:02:03] Updated row 153: ECO=DSM26028 Submitted=None Released=None
[2026-07-05 06:02:03] Updated row 154: ECO=DSM26030 Submitted=None Released=None
[2026-07-05 06:02:03] Updated row 155: ECO=DSM26033 Submitted=03 Jul 2026 Released=None
[2026-07-05 06:02:03] Updated row 156: ECO=DSM26033 Submitted=03 Jul 2026 Released=None
[2026-07-05 06:02:03] Updated row 157: ECO=DSM26028 Submitted=None Released=None
[2026-07-05 06:02:03] Updated row 158: ECO=DSM26030 Submitted=None Released=None
[2026-07-05 06:02:04] Updated row 159: ECO=DSM26034 Submitted=01 Jul 2026 Released=02 Jul 2026
[2026-07-05 06:02:04] Updated row 160: ECO=DSM26034 Submitted=01 Jul 2026 Released=02 Jul 2026
[2026-07-05 06:02:04] Updated row 161: ECO=DSM26034 Submitted=01 Jul 2026 Released=02 Jul 2026
[2026-07-05 06:02:05] Updated row 162: ECO=DSM26035 Submitted=01 Jul 2026 Released=02 Jul 2026
[2026-07-05 06:02:06] Updated row 163: ECO=DSM26021 Submitted=02 Jul 2026 Released=03 Jul 2026
[2026-07-05 06:02:06] Updated row 164: ECO=DSM26035 Submitted=01 Jul 2026 Released=02 Jul 2026
[2026-07-05 06:02:06] Updated row 165: ECO=DSM26021 Submitted=02 Jul 2026 Released=03 Jul 2026
[2026-07-05 06:02:06] Updated row 166: ECO=DSM26035 Submitted=01 Jul 2026 Released=02 Jul 2026
[2026-07-05 06:02:06] Updated row 167: ECO=DSM26021 Submitted=02 Jul 2026 Released=03 Jul 2026
[2026-07-05 06:02:06] Updated row 168: ECO=DSM26035 Submitted=01 Jul 2026 Released=02 Jul 2026
[2026-07-05 06:02:06] Updated row 169: ECO=DSM26021 Submitted=02 Jul 2026 Released=03 Jul 2026
[2026-07-05 06:02:06] Updated row 170: ECO=DSM26035 Submitted=01 Jul 2026 Released=02 Jul 2026
[2026-07-05 06:02:06] Updated row 171: ECO=DSM26021 Submitted=02 Jul 2026 Released=03 Jul 2026
[2026-07-05 06:02:07] Updated row 172: ECO=DSM26025 Submitted=01 Jul 2026 Released=02 Jul 2026
[2026-07-05 06:02:07] Updated row 173: ECO=DSM26025 Submitted=01 Jul 2026 Released=02 Jul 2026
[2026-07-05 06:02:07] Updated row 174: ECO=DSM26025 Submitted=01 Jul 2026 Released=02 Jul 2026
[2026-07-05 06:02:08] Updated row 175: ECO=DSM26029 Submitted=02 Jul 2026 Released=03 Jul 2026
[2026-07-05 06:02:09] Updated row 176: ECO=DSM26031 Submitted=04 Jul 2026 Released=None
[2026-07-05 06:02:10] Updated row 177: ECO=DSM26039 Submitted=03 Jul 2026 Released=None
[2026-07-05 06:02:11] Updated row 178: ECO=DSM26043 Submitted=03 Jul 2026 Released=None
[2026-07-05 06:02:12] Updated row 179: ECO=DSM26044 Submitted=03 Jul 2026 Released=None
[2026-07-05 06:02:13] Updated row 180: ECO=DSM26042 Submitted=03 Jul 2026 Released=None
[2026-07-05 06:02:13] Updated row 181: ECO=DSM26029 Submitted=02 Jul 2026 Released=03 Jul 2026
[2026-07-05 06:02:13] Updated row 182: ECO=DSM26031 Submitted=04 Jul 2026 Released=None
[2026-07-05 06:02:13] Updated row 183: ECO=DSM26039 Submitted=03 Jul 2026 Released=None
[2026-07-05 06:02:13] Updated row 184: ECO=DSM26043 Submitted=03 Jul 2026 Released=None
[2026-07-05 06:02:13] Updated row 185: ECO=DSM26044 Submitted=03 Jul 2026 Released=None
[2026-07-05 06:02:13] Updated row 186: ECO=DSM26042 Submitted=03 Jul 2026 Released=None
[2026-07-05 06:02:13] Updated row 187: ECO=DSM26029 Submitted=02 Jul 2026 Released=03 Jul 2026
[2026-07-05 06:02:13] Updated row 188: ECO=DSM26031 Submitted=04 Jul 2026 Released=None
[2026-07-05 06:02:13] Updated row 189: ECO=DSM26039 Submitted=03 Jul 2026 Released=None
[2026-07-05 06:02:13] Updated row 190: ECO=DSM26043 Submitted=03 Jul 2026 Released=None
[2026-07-05 06:02:13] Updated row 191: ECO=DSM26044 Submitted=03 Jul 2026 Released=None
[2026-07-05 06:02:13] Updated row 192: ECO=DSM26042 Submitted=03 Jul 2026 Released=None
[2026-07-05 06:02:14] Updated row 193: ECO=CA90162HB Submitted=01 Jul 2026 Released=02 Jul 2026
[2026-07-05 06:02:15] Updated row 194: ECO=CA90167HB Submitted=02 Jul 2026 Released=03 Jul 2026
[2026-07-05 06:02:16] Updated row 195: ECO=CA90173HB Submitted=03 Jul 2026 Released=None
[2026-07-05 06:02:16] Updated row 196: ECO=CA90173HB Submitted=03 Jul 2026 Released=None
[2026-07-05 06:02:16] Updated row 197: ECO=CA90173HB Submitted=03 Jul 2026 Released=None
[2026-07-05 06:02:18] Row 198: ECO lookup failed for CA90176HB; treating as not submitted yet. Could not find Submitted/Released workflow dates for CA90176HB.
Tried classes=['Change', 'ECO', 'Change Orders'] tables=['History', 'Workflow', 'Workflow Status']
No matching workflow rows found.
[2026-07-05 06:02:18] Updated row 198: ECO=CA90176HB Submitted=None Released=None
[2026-07-05 06:02:18] Updated row 199: ECO=CA90176HB Submitted=None Released=None
[2026-07-05 06:02:18] Updated row 200: ECO=CA90176HB Submitted=None Released=None
[2026-07-05 06:02:20] Row 201: ECO lookup failed for CA90181HB; treating as not submitted yet. Could not find Submitted/Released workflow dates for CA90181HB.
Tried classes=['Change', 'ECO', 'Change Orders'] tables=['History', 'Workflow', 'Workflow Status']
No matching workflow rows found.
[2026-07-05 06:02:20] Updated row 201: ECO=CA90181HB Submitted=None Released=None
[2026-07-05 06:02:20] Updated row 202: ECO=CA90181HB Submitted=None Released=None
[2026-07-05 06:02:20] Updated row 203: ECO=CA90181HB Submitted=None Released=None
[2026-07-05 06:02:23] Row 204: ECO lookup failed for CA90172HB; treating as not submitted yet. Could not find Submitted/Released workflow dates for CA90172HB.
Tried classes=['Change', 'ECO', 'Change Orders'] tables=['History', 'Workflow', 'Workflow Status']
No matching workflow rows found.
[2026-07-05 06:02:23] Updated row 204: ECO=CA90172HB Submitted=None Released=None
[2026-07-05 06:02:23] Updated row 205: ECO=CA90172HB Submitted=None Released=None
[2026-07-05 06:02:23] Updated row 206: ECO=CA90172HB Submitted=None Released=None
[2026-07-05 06:02:25] Row 207: ECO lookup failed for CA90174HB; treating as not submitted yet. Could not find Submitted/Released workflow dates for CA90174HB.
Tried classes=['Change', 'ECO', 'Change Orders'] tables=['History', 'Workflow', 'Workflow Status']
No matching workflow rows found.
[2026-07-05 06:02:25] Updated row 207: ECO=CA90174HB Submitted=None Released=None
[2026-07-05 06:02:25] Updated row 208: ECO=CA90174HB Submitted=None Released=None
[2026-07-05 06:02:25] Updated row 209: ECO=CA90174HB Submitted=None Released=None
[2026-07-05 06:02:26] Updated row 210: ECO=CA90170HB Submitted=02 Jul 2026 Released=None
[2026-07-05 06:02:26] Updated row 211: ECO=CA90170HB Submitted=02 Jul 2026 Released=None
[2026-07-05 06:02:26] Updated row 212: ECO=CA90170HB Submitted=02 Jul 2026 Released=None
[2026-07-05 06:02:28] Row 213: ECO lookup failed for CA90171HB; treating as not submitted yet. Could not find Submitted/Released workflow dates for CA90171HB.
Tried classes=['Change', 'ECO', 'Change Orders'] tables=['History', 'Workflow', 'Workflow Status']
No matching workflow rows found.
[2026-07-05 06:02:28] Updated row 213: ECO=CA90171HB Submitted=None Released=None
[2026-07-05 06:02:28] Updated row 214: ECO=CA90171HB Submitted=None Released=None
[2026-07-05 06:02:28] Updated row 215: ECO=CA90171HB Submitted=None Released=None
[2026-07-05 06:02:30] Row 216: ECO lookup failed for CA90183HB; treating as not submitted yet. Could not find Submitted/Released workflow dates for CA90183HB.
Tried classes=['Change', 'ECO', 'Change Orders'] tables=['History', 'Workflow', 'Workflow Status']
No matching workflow rows found.
[2026-07-05 06:02:30] Updated row 216: ECO=CA90183HB Submitted=None Released=None
[2026-07-05 06:02:30] Updated row 217: ECO=CA90183HB Submitted=None Released=None
[2026-07-05 06:02:30] Updated row 218: ECO=CA90183HB Submitted=None Released=None
[2026-07-05 06:02:31] Updated row 219: ECO=CA90184HB Submitted=02 Jul 2026 Released=03 Jul 2026
[2026-07-05 06:02:31] Updated row 220: ECO=CA90184HB Submitted=02 Jul 2026 Released=03 Jul 2026
[2026-07-05 06:02:32] Updated row 221: ECO=CA90182HB Submitted=01 Jul 2026 Released=03 Jul 2026
[2026-07-05 06:02:32] Updated row 222: ECO=CA90182HB Submitted=01 Jul 2026 Released=03 Jul 2026
[2026-07-05 06:02:32] Updated row 223: ECO=CA90182HB Submitted=01 Jul 2026 Released=03 Jul 2026
[2026-07-05 06:02:32] Updated row 224: ECO=CA90182HB Submitted=01 Jul 2026 Released=03 Jul 2026
[2026-07-05 06:02:33] Updated row 225: ECO=CA90177HB Submitted=01 Jul 2026 Released=03 Jul 2026
[2026-07-05 06:02:34] Updated row 226: ECO=CA90175HB Submitted=02 Jul 2026 Released=03 Jul 2026
[2026-07-05 06:02:35] Updated row 227: ECO=CA90178HB Submitted=01 Jul 2026 Released=03 Jul 2026
[2026-07-05 06:02:35] Updated row 228: ECO=CA90178HB Submitted=01 Jul 2026 Released=03 Jul 2026
[2026-07-05 06:02:35] Updated row 229: ECO=CA90178HB Submitted=01 Jul 2026 Released=03 Jul 2026
[2026-07-05 06:02:36] Updated row 230: ECO=CA90185HB Submitted=02 Jul 2026 Released=03 Jul 2026
[2026-07-05 06:02:37] Updated row 231: ECO=CA90186HB Submitted=02 Jul 2026 Released=03 Jul 2026
[2026-07-05 06:02:38] Updated row 232: ECO=CA90187HB Submitted=02 Jul 2026 Released=03 Jul 2026
[2026-07-05 06:02:38] Skipping row 233: ECO value is empty or not usable (NA).
[2026-07-05 06:02:38] Workbook looks free. Waiting 30 seconds for OneDrive to settle...
[2026-07-05 06:03:08] Saving workbook to C:\Users\kmageshkumar\OneDrive - Ichor Systems\AMAT SGP ECO Tracker.xlsx...
[2026-07-05 06:03:08] Workbook protection and editable-range metadata preserved.
[2026-07-05 06:03:08] Workbook save complete.
[2026-07-05 06:03:08] Workbook updated: C:\Users\kmageshkumar\OneDrive - Ichor Systems\AMAT SGP ECO Tracker.xlsx
[2026-07-05 06:03:08] Workbook looks free. Waiting 30 seconds for OneDrive to settle...
[2026-07-05 06:03:42] Row 2: CRF lookup failed for 1382230; treating as not submitted yet. Could not find Submitted/Released workflow dates for 1382230.
Tried classes=['Change', 'ECO', 'Change Orders'] tables=['History', 'Workflow', 'Workflow Status']
No matching workflow rows found.
[2026-07-05 06:03:42] Updated row 2: CRF=1382230 Submitted=None Released=None
[2026-07-05 06:03:44] Row 3: CRF lookup failed for 1386239; treating as not submitted yet. Could not find Submitted/Released workflow dates for 1386239.
Tried classes=['Change', 'ECO', 'Change Orders'] tables=['History', 'Workflow', 'Workflow Status']
No matching workflow rows found.
[2026-07-05 06:03:44] Updated row 3: CRF=1386239 Submitted=None Released=None
[2026-07-05 06:03:44] Workbook looks free. Waiting 30 seconds for OneDrive to settle...
[2026-07-05 06:04:14] Saving workbook to C:\Users\kmageshkumar\OneDrive - Ichor Systems\AMAT SGP CRF Tracker.xlsx...
[2026-07-05 06:04:14] Workbook protection and editable-range metadata preserved.
[2026-07-05 06:04:14] Workbook save complete.
[2026-07-05 06:04:14] CRF workbook updated: C:\Users\kmageshkumar\OneDrive - Ichor Systems\AMAT SGP CRF Tracker.xlsx
[2026-07-06 06:00:03] Workbook looks free. Waiting 30 seconds for OneDrive to settle...
[2026-07-06 06:00:36] Updated row 2: ECO=CA89812HB Submitted=17 Jun 2026 Released=18 Jun 2026
[2026-07-06 06:00:36] Updated row 3: ECO=CA89812HB Submitted=17 Jun 2026 Released=18 Jun 2026
[2026-07-06 06:00:37] Updated row 4: ECO=CA89800HB Submitted=17 Jun 2026 Released=18 Jun 2026
[2026-07-06 06:00:37] Updated row 5: ECO=CA89800HB Submitted=17 Jun 2026 Released=18 Jun 2026
[2026-07-06 06:00:37] Updated row 6: ECO=CA89800HB Submitted=17 Jun 2026 Released=18 Jun 2026
[2026-07-06 06:00:38] Updated row 7: ECO=CA89823HB Submitted=16 Jun 2026 Released=17 Jun 2026
[2026-07-06 06:00:39] Updated row 8: ECO=CA89799HB Submitted=17 Jun 2026 Released=18 Jun 2026
[2026-07-06 06:00:40] Updated row 9: ECO=CA89813HB Submitted=17 Jun 2026 Released=18 Jun 2026
[2026-07-06 06:00:41] Updated row 10: ECO=CA89819HB Submitted=16 Jun 2026 Released=17 Jun 2026
[2026-07-06 06:00:42] Updated row 11: ECO=CA89817HB Submitted=17 Jun 2026 Released=18 Jun 2026
[2026-07-06 06:00:43] Updated row 12: ECO=CA89801HB Submitted=17 Jun 2026 Released=18 Jun 2026
[2026-07-06 06:00:44] Updated row 13: ECO=CA89804HB Submitted=17 Jun 2026 Released=18 Jun 2026
[2026-07-06 06:00:45] Updated row 14: ECO=CA89818HB Submitted=17 Jun 2026 Released=18 Jun 2026
[2026-07-06 06:00:45] Skipping row 15: ECO value is empty or not usable (NA).
[2026-07-06 06:00:45] Skipping row 16: ECO value is empty or not usable (NA).
[2026-07-06 06:00:45] Skipping row 17: ECO value is empty or not usable (NA).
[2026-07-06 06:00:47] Updated row 18: ECO=CA89851HB Submitted=18 Jun 2026 Released=20 Jun 2026
[2026-07-06 06:00:47] Updated row 19: ECO=CA89851HB Submitted=18 Jun 2026 Released=20 Jun 2026
[2026-07-06 06:00:47] Updated row 20: ECO=CA89851HB Submitted=18 Jun 2026 Released=20 Jun 2026
[2026-07-06 06:00:48] Updated row 21: ECO=CA89905HB Submitted=20 Jun 2026 Released=23 Jun 2026
[2026-07-06 06:00:49] Updated row 22: ECO=CA89878HB Submitted=18 Jun 2026 Released=19 Jun 2026
[2026-07-06 06:00:49] Updated row 23: ECO=CA89878HB Submitted=18 Jun 2026 Released=19 Jun 2026
[2026-07-06 06:00:50] Updated row 24: ECO=CA89886HB Submitted=19 Jun 2026 Released=20 Jun 2026
[2026-07-06 06:00:51] Updated row 25: ECO=CA89881HB Submitted=19 Jun 2026 Released=20 Jun 2026
[2026-07-06 06:00:52] Updated row 26: ECO=CA89910HB Submitted=18 Jun 2026 Released=19 Jun 2026
[2026-07-06 06:00:52] Updated row 27: ECO=CA89910HB Submitted=18 Jun 2026 Released=19 Jun 2026
[2026-07-06 06:00:52] Updated row 28: ECO=CA89910HB Submitted=18 Jun 2026 Released=19 Jun 2026
[2026-07-06 06:00:53] Updated row 29: ECO=CA89966HB Submitted=23 Jun 2026 Released=25 Jun 2026
[2026-07-06 06:00:53] Updated row 30: ECO=CA89966HB Submitted=23 Jun 2026 Released=25 Jun 2026
[2026-07-06 06:00:54] Updated row 31: ECO=CA89497HB Submitted=30 May 2026 Released=02 Jun 2026
[2026-07-06 06:00:55] Updated row 32: ECO=CA90044HB Submitted=24 Jun 2026 Released=25 Jun 2026
[2026-07-06 06:00:55] Updated row 33: ECO=CA90044HB Submitted=24 Jun 2026 Released=25 Jun 2026
[2026-07-06 06:00:55] Updated row 34: ECO=CA90044HB Submitted=24 Jun 2026 Released=25 Jun 2026
[2026-07-06 06:00:55] Updated row 35: ECO=CA90044HB Submitted=24 Jun 2026 Released=25 Jun 2026
[2026-07-06 06:00:56] Updated row 36: ECO=DSM25989 Submitted=23 Jun 2026 Released=25 Jun 2026
[2026-07-06 06:00:56] Updated row 37: ECO=DSM25989 Submitted=23 Jun 2026 Released=25 Jun 2026
[2026-07-06 06:00:56] Updated row 38: ECO=DSM25989 Submitted=23 Jun 2026 Released=25 Jun 2026
[2026-07-06 06:00:57] Updated row 39: ECO=DSM26016 Submitted=25 Jun 2026 Released=26 Jun 2026
[2026-07-06 06:00:57] Updated row 40: ECO=DSM26016 Submitted=25 Jun 2026 Released=26 Jun 2026
[2026-07-06 06:00:57] Updated row 41: ECO=DSM26016 Submitted=25 Jun 2026 Released=26 Jun 2026
[2026-07-06 06:00:58] Updated row 42: ECO=DSM25993 Submitted=30 Jun 2026 Released=02 Jul 2026
[2026-07-06 06:00:58] Updated row 43: ECO=DSM25993 Submitted=30 Jun 2026 Released=02 Jul 2026
[2026-07-06 06:00:59] Updated row 44: ECO=DSM25983 Submitted=24 Jun 2026 Released=25 Jun 2026
[2026-07-06 06:00:59] Updated row 45: ECO=DSM25983 Submitted=24 Jun 2026 Released=25 Jun 2026
[2026-07-06 06:00:59] Updated row 46: ECO=DSM25983 Submitted=24 Jun 2026 Released=25 Jun 2026
[2026-07-06 06:01:00] Updated row 47: ECO=DSM25980 Submitted=24 Jun 2026 Released=25 Jun 2026
[2026-07-06 06:01:00] Updated row 48: ECO=DSM25980 Submitted=24 Jun 2026 Released=25 Jun 2026
[2026-07-06 06:01:00] Updated row 49: ECO=DSM25980 Submitted=24 Jun 2026 Released=25 Jun 2026
[2026-07-06 06:01:02] Updated row 50: ECO=DSM25982 Submitted=24 Jun 2026 Released=25 Jun 2026
[2026-07-06 06:01:02] Updated row 51: ECO=DSM25982 Submitted=24 Jun 2026 Released=25 Jun 2026
[2026-07-06 06:01:02] Updated row 52: ECO=DSM25982 Submitted=24 Jun 2026 Released=25 Jun 2026
[2026-07-06 06:01:03] Updated row 53: ECO=DSM25996 Submitted=24 Jun 2026 Released=25 Jun 2026
[2026-07-06 06:01:03] Updated row 54: ECO=DSM25996 Submitted=24 Jun 2026 Released=25 Jun 2026
[2026-07-06 06:01:03] Updated row 55: ECO=DSM25996 Submitted=24 Jun 2026 Released=25 Jun 2026
[2026-07-06 06:01:04] Updated row 56: ECO=DSM26004 Submitted=24 Jun 2026 Released=25 Jun 2026
[2026-07-06 06:01:05] Updated row 57: ECO=DSM26001 Submitted=24 Jun 2026 Released=25 Jun 2026
[2026-07-06 06:01:05] Updated row 58: ECO=DSM26001 Submitted=24 Jun 2026 Released=25 Jun 2026
[2026-07-06 06:01:05] Updated row 59: ECO=DSM26001 Submitted=24 Jun 2026 Released=25 Jun 2026
[2026-07-06 06:01:06] Updated row 60: ECO=DSM25998 Submitted=24 Jun 2026 Released=25 Jun 2026
[2026-07-06 06:01:07] Updated row 61: ECO=DSM25987 Submitted=23 Jun 2026 Released=25 Jun 2026
[2026-07-06 06:01:07] Updated row 62: ECO=DSM25987 Submitted=23 Jun 2026 Released=25 Jun 2026
[2026-07-06 06:01:07] Updated row 63: ECO=DSM25987 Submitted=23 Jun 2026 Released=25 Jun 2026
[2026-07-06 06:01:08] Updated row 64: ECO=DSM25990 Submitted=24 Jun 2026 Released=25 Jun 2026
[2026-07-06 06:01:09] Updated row 65: ECO=DSM25984 Submitted=23 Jun 2026 Released=25 Jun 2026
[2026-07-06 06:01:09] Updated row 66: ECO=DSM25984 Submitted=23 Jun 2026 Released=25 Jun 2026
[2026-07-06 06:01:09] Updated row 67: ECO=DSM25984 Submitted=23 Jun 2026 Released=25 Jun 2026
[2026-07-06 06:01:10] Updated row 68: ECO=DSM25986 Submitted=23 Jun 2026 Released=25 Jun 2026
[2026-07-06 06:01:11] Updated row 69: ECO=DSM25994 Submitted=23 Jun 2026 Released=25 Jun 2026
[2026-07-06 06:01:11] Updated row 70: ECO=DSM25994 Submitted=23 Jun 2026 Released=25 Jun 2026
[2026-07-06 06:01:11] Updated row 71: ECO=DSM25994 Submitted=23 Jun 2026 Released=25 Jun 2026
[2026-07-06 06:01:12] Updated row 72: ECO=DSM25995 Submitted=23 Jun 2026 Released=25 Jun 2026
[2026-07-06 06:01:12] Updated row 73: ECO=DSM25987 Submitted=23 Jun 2026 Released=25 Jun 2026
[2026-07-06 06:01:13] Updated row 74: ECO=DSM26002 Submitted=24 Jun 2026 Released=25 Jun 2026
[2026-07-06 06:01:14] Updated row 75: ECO=DSM26011 Submitted=26 Jun 2026 Released=30 Jun 2026
[2026-07-06 06:01:14] Updated row 76: ECO=DSM26011 Submitted=26 Jun 2026 Released=30 Jun 2026
[2026-07-06 06:01:14] Updated row 77: ECO=DSM26011 Submitted=26 Jun 2026 Released=30 Jun 2026
[2026-07-06 06:01:14] Updated row 78: ECO=DSM26011 Submitted=26 Jun 2026 Released=30 Jun 2026
[2026-07-06 06:01:14] Updated row 79: ECO=DSM26011 Submitted=26 Jun 2026 Released=30 Jun 2026
[2026-07-06 06:01:15] Updated row 80: ECO=DSM25991 Submitted=24 Jun 2026 Released=25 Jun 2026
[2026-07-06 06:01:16] Updated row 81: ECO=DSM26013 Submitted=25 Jun 2026 Released=26 Jun 2026
[2026-07-06 06:01:16] Updated row 82: ECO=DSM26013 Submitted=25 Jun 2026 Released=26 Jun 2026
[2026-07-06 06:01:16] Updated row 83: ECO=DSM26013 Submitted=25 Jun 2026 Released=26 Jun 2026
[2026-07-06 06:01:17] Updated row 84: ECO=DSM25988 Submitted=23 Jun 2026 Released=25 Jun 2026
[2026-07-06 06:01:18] Updated row 85: ECO=DSM26008 Submitted=24 Jun 2026 Released=26 Jun 2026
[2026-07-06 06:01:18] Updated row 86: ECO=DSM26008 Submitted=24 Jun 2026 Released=26 Jun 2026
[2026-07-06 06:01:18] Updated row 87: ECO=DSM26008 Submitted=24 Jun 2026 Released=26 Jun 2026
[2026-07-06 06:01:19] Updated row 88: ECO=DSM26003 Submitted=24 Jun 2026 Released=25 Jun 2026
[2026-07-06 06:01:20] Updated row 89: ECO=DSM26000 Submitted=24 Jun 2026 Released=25 Jun 2026
[2026-07-06 06:01:20] Updated row 90: ECO=DSM26000 Submitted=24 Jun 2026 Released=25 Jun 2026
[2026-07-06 06:01:20] Updated row 91: ECO=DSM26000 Submitted=24 Jun 2026 Released=25 Jun 2026
[2026-07-06 06:01:21] Updated row 92: ECO=DSM26005 Submitted=24 Jun 2026 Released=25 Jun 2026
[2026-07-06 06:01:22] Updated row 93: ECO=DSM26006 Submitted=24 Jun 2026 Released=25 Jun 2026
[2026-07-06 06:01:23] Updated row 94: ECO=CA90084HB Submitted=24 Jun 2026 Released=26 Jun 2026
[2026-07-06 06:01:24] Updated row 95: ECO=CA90087HB Submitted=25 Jun 2026 Released=26 Jun 2026
[2026-07-06 06:01:26] Updated row 96: ECO=CA90080HB Submitted=25 Jun 2026 Released=26 Jun 2026
[2026-07-06 06:01:26] Updated row 97: ECO=CA90080HB Submitted=25 Jun 2026 Released=26 Jun 2026
[2026-07-06 06:01:26] Updated row 98: ECO=CA90080HB Submitted=25 Jun 2026 Released=26 Jun 2026
[2026-07-06 06:01:26] Updated row 99: ECO=CA90080HB Submitted=25 Jun 2026 Released=26 Jun 2026
[2026-07-06 06:01:26] Updated row 100: ECO=CA90088HB Submitted=25 Jun 2026 Released=26 Jun 2026
[2026-07-06 06:01:28] Updated row 101: ECO=CA90075HB Submitted=27 Jun 2026 Released=30 Jun 2026
[2026-07-06 06:01:28] Updated row 102: ECO=CA90075HB Submitted=27 Jun 2026 Released=30 Jun 2026
[2026-07-06 06:01:28] Updated row 103: ECO=CA90075HB Submitted=27 Jun 2026 Released=30 Jun 2026
[2026-07-06 06:01:29] Updated row 104: ECO=CA90068HB Submitted=25 Jun 2026 Released=26 Jun 2026
[2026-07-06 06:01:29] Updated row 105: ECO=CA90068HB Submitted=25 Jun 2026 Released=26 Jun 2026
[2026-07-06 06:01:29] Updated row 106: ECO=CA90068HB Submitted=25 Jun 2026 Released=26 Jun 2026
[2026-07-06 06:01:29] Updated row 107: ECO=CA90068HB Submitted=25 Jun 2026 Released=26 Jun 2026
[2026-07-06 06:01:30] Updated row 108: ECO=CA90078HB Submitted=25 Jun 2026 Released=26 Jun 2026
[2026-07-06 06:01:31] Updated row 109: ECO=CA90083HB Submitted=25 Jun 2026 Released=26 Jun 2026
[2026-07-06 06:01:32] Updated row 110: ECO=CA90081HB Submitted=25 Jun 2026 Released=26 Jun 2026
[2026-07-06 06:01:33] Updated row 111: ECO=CA90082HB Submitted=25 Jun 2026 Released=26 Jun 2026
[2026-07-06 06:01:34] Updated row 112: ECO=CA90073HB Submitted=30 Jun 2026 Released=02 Jul 2026
[2026-07-06 06:01:35] Updated row 113: ECO=CA90070HB Submitted=25 Jun 2026 Released=25 Jun 2026
[2026-07-06 06:01:35] Updated row 114: ECO=CA90070HB Submitted=25 Jun 2026 Released=25 Jun 2026
[2026-07-06 06:01:35] Updated row 115: ECO=CA90070HB Submitted=25 Jun 2026 Released=25 Jun 2026
[2026-07-06 06:01:35] Updated row 116: ECO=CA90070HB Submitted=25 Jun 2026 Released=25 Jun 2026
[2026-07-06 06:01:36] Updated row 117: ECO=DSM26017 Submitted=25 Jun 2026 Released=26 Jun 2026
[2026-07-06 06:01:36] Updated row 118: ECO=DSM26017 Submitted=25 Jun 2026 Released=26 Jun 2026
[2026-07-06 06:01:36] Updated row 119: ECO=DSM26017 Submitted=25 Jun 2026 Released=26 Jun 2026
[2026-07-06 06:01:36] Skipping row 120: ECO value is empty or not usable (N/A).
[2026-07-06 06:01:37] Updated row 121: ECO=CA90109HB Submitted=25 Jun 2026 Released=26 Jun 2026
[2026-07-06 06:01:38] Updated row 122: ECO=CA90104HB Submitted=25 Jun 2026 Released=26 Jun 2026
[2026-07-06 06:01:38] Updated row 123: ECO=CA90104HB Submitted=25 Jun 2026 Released=26 Jun 2026
[2026-07-06 06:01:39] Updated row 124: ECO=CA90141HB Submitted=02 Jul 2026 Released=None
[2026-07-06 06:01:40] Updated row 125: ECO=CA90142HB Submitted=02 Jul 2026 Released=None
[2026-07-06 06:01:41] Updated row 126: ECO=CA90137HB Submitted=02 Jul 2026 Released=None
[2026-07-06 06:01:42] Updated row 127: ECO=DSM26022 Submitted=02 Jul 2026 Released=03 Jul 2026
[2026-07-06 06:01:42] Updated row 128: ECO=DSM26022 Submitted=02 Jul 2026 Released=03 Jul 2026
[2026-07-06 06:01:42] Updated row 129: ECO=DSM26022 Submitted=02 Jul 2026 Released=03 Jul 2026
[2026-07-06 06:01:43] Updated row 130: ECO=DSM26023 Submitted=01 Jul 2026 Released=02 Jul 2026
[2026-07-06 06:01:43] Updated row 131: ECO=DSM26023 Submitted=01 Jul 2026 Released=02 Jul 2026
[2026-07-06 06:01:43] Updated row 132: ECO=DSM26023 Submitted=01 Jul 2026 Released=02 Jul 2026
[2026-07-06 06:01:44] Updated row 133: ECO=DSM26038 Submitted=01 Jul 2026 Released=02 Jul 2026
[2026-07-06 06:01:45] Updated row 134: ECO=DSM26040 Submitted=01 Jul 2026 Released=02 Jul 2026
[2026-07-06 06:01:45] Updated row 135: ECO=DSM26040 Submitted=01 Jul 2026 Released=02 Jul 2026
[2026-07-06 06:01:45] Updated row 136: ECO=DSM26040 Submitted=01 Jul 2026 Released=02 Jul 2026
[2026-07-06 06:01:46] Updated row 137: ECO=DSM26041 Submitted=01 Jul 2026 Released=02 Jul 2026
[2026-07-06 06:01:47] Updated row 138: ECO=DSM26024 Submitted=30 Jun 2026 Released=02 Jul 2026
[2026-07-06 06:01:48] Updated row 139: ECO=DSM26027 Submitted=30 Jun 2026 Released=02 Jul 2026
[2026-07-06 06:01:49] Updated row 140: ECO=DSM26045 Submitted=01 Jul 2026 Released=03 Jul 2026
[2026-07-06 06:01:49] Updated row 141: ECO=DSM26045 Submitted=01 Jul 2026 Released=03 Jul 2026
[2026-07-06 06:01:49] Updated row 142: ECO=DSM26045 Submitted=01 Jul 2026 Released=03 Jul 2026
[2026-07-06 06:01:50] Updated row 143: ECO=DSM26037 Submitted=03 Jul 2026 Released=None
[2026-07-06 06:01:51] Updated row 144: ECO=DSM26036 Submitted=03 Jul 2026 Released=None
[2026-07-06 06:01:51] Updated row 145: ECO=DSM26036 Submitted=03 Jul 2026 Released=None
[2026-07-06 06:01:51] Updated row 146: ECO=DSM26037 Submitted=03 Jul 2026 Released=None
[2026-07-06 06:01:51] Updated row 147: ECO=DSM26036 Submitted=03 Jul 2026 Released=None
[2026-07-06 06:01:51] Updated row 148: ECO=DSM26037 Submitted=03 Jul 2026 Released=None
[2026-07-06 06:01:52] Updated row 149: ECO=DSM26026 Submitted=02 Jul 2026 Released=None
[2026-07-06 06:01:54] Row 150: ECO lookup failed for DSM26028; treating as not submitted yet. Could not find Submitted/Released workflow dates for DSM26028.
Tried classes=['Change', 'ECO', 'Change Orders'] tables=['History', 'Workflow', 'Workflow Status']
No matching workflow rows found.
[2026-07-06 06:01:54] Updated row 150: ECO=DSM26028 Submitted=None Released=None
[2026-07-06 06:01:57] Row 151: ECO lookup failed for DSM26030; treating as not submitted yet. Could not find Submitted/Released workflow dates for DSM26030.
Tried classes=['Change', 'ECO', 'Change Orders'] tables=['History', 'Workflow', 'Workflow Status']
No matching workflow rows found.
[2026-07-06 06:01:57] Updated row 151: ECO=DSM26030 Submitted=None Released=None
[2026-07-06 06:01:57] Updated row 152: ECO=DSM26033 Submitted=03 Jul 2026 Released=None
[2026-07-06 06:01:57] Updated row 153: ECO=DSM26028 Submitted=None Released=None
[2026-07-06 06:01:57] Updated row 154: ECO=DSM26030 Submitted=None Released=None
[2026-07-06 06:01:57] Updated row 155: ECO=DSM26033 Submitted=03 Jul 2026 Released=None
[2026-07-06 06:01:57] Updated row 156: ECO=DSM26033 Submitted=03 Jul 2026 Released=None
[2026-07-06 06:01:57] Updated row 157: ECO=DSM26028 Submitted=None Released=None
[2026-07-06 06:01:57] Updated row 158: ECO=DSM26030 Submitted=None Released=None
[2026-07-06 06:01:59] Updated row 159: ECO=DSM26034 Submitted=01 Jul 2026 Released=02 Jul 2026
[2026-07-06 06:01:59] Updated row 160: ECO=DSM26034 Submitted=01 Jul 2026 Released=02 Jul 2026
[2026-07-06 06:01:59] Updated row 161: ECO=DSM26034 Submitted=01 Jul 2026 Released=02 Jul 2026
[2026-07-06 06:02:00] Updated row 162: ECO=DSM26035 Submitted=01 Jul 2026 Released=02 Jul 2026
[2026-07-06 06:02:01] Updated row 163: ECO=DSM26021 Submitted=02 Jul 2026 Released=03 Jul 2026
[2026-07-06 06:02:01] Updated row 164: ECO=DSM26035 Submitted=01 Jul 2026 Released=02 Jul 2026
[2026-07-06 06:02:01] Updated row 165: ECO=DSM26021 Submitted=02 Jul 2026 Released=03 Jul 2026
[2026-07-06 06:02:01] Updated row 166: ECO=DSM26035 Submitted=01 Jul 2026 Released=02 Jul 2026
[2026-07-06 06:02:01] Updated row 167: ECO=DSM26021 Submitted=02 Jul 2026 Released=03 Jul 2026
[2026-07-06 06:02:01] Updated row 168: ECO=DSM26035 Submitted=01 Jul 2026 Released=02 Jul 2026
[2026-07-06 06:02:01] Updated row 169: ECO=DSM26021 Submitted=02 Jul 2026 Released=03 Jul 2026
[2026-07-06 06:02:01] Updated row 170: ECO=DSM26035 Submitted=01 Jul 2026 Released=02 Jul 2026
[2026-07-06 06:02:01] Updated row 171: ECO=DSM26021 Submitted=02 Jul 2026 Released=03 Jul 2026
[2026-07-06 06:02:02] Updated row 172: ECO=DSM26025 Submitted=01 Jul 2026 Released=02 Jul 2026
[2026-07-06 06:02:02] Updated row 173: ECO=DSM26025 Submitted=01 Jul 2026 Released=02 Jul 2026
[2026-07-06 06:02:02] Updated row 174: ECO=DSM26025 Submitted=01 Jul 2026 Released=02 Jul 2026
[2026-07-06 06:02:03] Updated row 175: ECO=DSM26029 Submitted=02 Jul 2026 Released=03 Jul 2026
[2026-07-06 06:02:04] Updated row 176: ECO=DSM26031 Submitted=04 Jul 2026 Released=None
[2026-07-06 06:02:05] Updated row 177: ECO=DSM26039 Submitted=03 Jul 2026 Released=None
[2026-07-06 06:02:06] Updated row 178: ECO=DSM26043 Submitted=03 Jul 2026 Released=None
[2026-07-06 06:02:07] Updated row 179: ECO=DSM26044 Submitted=03 Jul 2026 Released=None
[2026-07-06 06:02:08] Updated row 180: ECO=DSM26042 Submitted=03 Jul 2026 Released=None
[2026-07-06 06:02:08] Updated row 181: ECO=DSM26029 Submitted=02 Jul 2026 Released=03 Jul 2026
[2026-07-06 06:02:08] Updated row 182: ECO=DSM26031 Submitted=04 Jul 2026 Released=None
[2026-07-06 06:02:08] Updated row 183: ECO=DSM26039 Submitted=03 Jul 2026 Released=None
[2026-07-06 06:02:08] Updated row 184: ECO=DSM26043 Submitted=03 Jul 2026 Released=None
[2026-07-06 06:02:08] Updated row 185: ECO=DSM26044 Submitted=03 Jul 2026 Released=None
[2026-07-06 06:02:08] Updated row 186: ECO=DSM26042 Submitted=03 Jul 2026 Released=None
[2026-07-06 06:02:08] Updated row 187: ECO=DSM26029 Submitted=02 Jul 2026 Released=03 Jul 2026
[2026-07-06 06:02:08] Updated row 188: ECO=DSM26031 Submitted=04 Jul 2026 Released=None
[2026-07-06 06:02:08] Updated row 189: ECO=DSM26039 Submitted=03 Jul 2026 Released=None
[2026-07-06 06:02:08] Updated row 190: ECO=DSM26043 Submitted=03 Jul 2026 Released=None
[2026-07-06 06:02:08] Updated row 191: ECO=DSM26044 Submitted=03 Jul 2026 Released=None
[2026-07-06 06:02:08] Updated row 192: ECO=DSM26042 Submitted=03 Jul 2026 Released=None
[2026-07-06 06:02:09] Updated row 193: ECO=CA90162HB Submitted=01 Jul 2026 Released=02 Jul 2026
[2026-07-06 06:02:10] Updated row 194: ECO=CA90167HB Submitted=02 Jul 2026 Released=03 Jul 2026
[2026-07-06 06:02:11] Updated row 195: ECO=CA90173HB Submitted=03 Jul 2026 Released=None
[2026-07-06 06:02:11] Updated row 196: ECO=CA90173HB Submitted=03 Jul 2026 Released=None
[2026-07-06 06:02:11] Updated row 197: ECO=CA90173HB Submitted=03 Jul 2026 Released=None
[2026-07-06 06:02:13] Row 198: ECO lookup failed for CA90176HB; treating as not submitted yet. Could not find Submitted/Released workflow dates for CA90176HB.
Tried classes=['Change', 'ECO', 'Change Orders'] tables=['History', 'Workflow', 'Workflow Status']
No matching workflow rows found.
[2026-07-06 06:02:13] Updated row 198: ECO=CA90176HB Submitted=None Released=None
[2026-07-06 06:02:13] Updated row 199: ECO=CA90176HB Submitted=None Released=None
[2026-07-06 06:02:13] Updated row 200: ECO=CA90176HB Submitted=None Released=None
[2026-07-06 06:02:15] Row 201: ECO lookup failed for CA90181HB; treating as not submitted yet. Could not find Submitted/Released workflow dates for CA90181HB.
Tried classes=['Change', 'ECO', 'Change Orders'] tables=['History', 'Workflow', 'Workflow Status']
No matching workflow rows found.
[2026-07-06 06:02:15] Updated row 201: ECO=CA90181HB Submitted=None Released=None
[2026-07-06 06:02:15] Updated row 202: ECO=CA90181HB Submitted=None Released=None
[2026-07-06 06:02:15] Updated row 203: ECO=CA90181HB Submitted=None Released=None
[2026-07-06 06:02:17] Row 204: ECO lookup failed for CA90172HB; treating as not submitted yet. Could not find Submitted/Released workflow dates for CA90172HB.
Tried classes=['Change', 'ECO', 'Change Orders'] tables=['History', 'Workflow', 'Workflow Status']
No matching workflow rows found.
[2026-07-06 06:02:17] Updated row 204: ECO=CA90172HB Submitted=None Released=None
[2026-07-06 06:02:17] Updated row 205: ECO=CA90172HB Submitted=None Released=None
[2026-07-06 06:02:17] Updated row 206: ECO=CA90172HB Submitted=None Released=None
[2026-07-06 06:02:19] Row 207: ECO lookup failed for CA90174HB; treating as not submitted yet. Could not find Submitted/Released workflow dates for CA90174HB.
Tried classes=['Change', 'ECO', 'Change Orders'] tables=['History', 'Workflow', 'Workflow Status']
No matching workflow rows found.
[2026-07-06 06:02:19] Updated row 207: ECO=CA90174HB Submitted=None Released=None
[2026-07-06 06:02:19] Updated row 208: ECO=CA90174HB Submitted=None Released=None
[2026-07-06 06:02:19] Updated row 209: ECO=CA90174HB Submitted=None Released=None
[2026-07-06 06:02:20] Updated row 210: ECO=CA90170HB Submitted=02 Jul 2026 Released=None
[2026-07-06 06:02:20] Updated row 211: ECO=CA90170HB Submitted=02 Jul 2026 Released=None
[2026-07-06 06:02:20] Updated row 212: ECO=CA90170HB Submitted=02 Jul 2026 Released=None
[2026-07-06 06:02:22] Row 213: ECO lookup failed for CA90171HB; treating as not submitted yet. Could not find Submitted/Released workflow dates for CA90171HB.
Tried classes=['Change', 'ECO', 'Change Orders'] tables=['History', 'Workflow', 'Workflow Status']
No matching workflow rows found.
[2026-07-06 06:02:22] Updated row 213: ECO=CA90171HB Submitted=None Released=None
[2026-07-06 06:02:22] Updated row 214: ECO=CA90171HB Submitted=None Released=None
[2026-07-06 06:02:22] Updated row 215: ECO=CA90171HB Submitted=None Released=None
[2026-07-06 06:02:24] Row 216: ECO lookup failed for CA90183HB; treating as not submitted yet. Could not find Submitted/Released workflow dates for CA90183HB.
Tried classes=['Change', 'ECO', 'Change Orders'] tables=['History', 'Workflow', 'Workflow Status']
No matching workflow rows found.
[2026-07-06 06:02:24] Updated row 216: ECO=CA90183HB Submitted=None Released=None
[2026-07-06 06:02:24] Updated row 217: ECO=CA90183HB Submitted=None Released=None
[2026-07-06 06:02:24] Updated row 218: ECO=CA90183HB Submitted=None Released=None
[2026-07-06 06:02:25] Updated row 219: ECO=CA90184HB Submitted=02 Jul 2026 Released=03 Jul 2026
[2026-07-06 06:02:25] Updated row 220: ECO=CA90184HB Submitted=02 Jul 2026 Released=03 Jul 2026
[2026-07-06 06:02:26] Updated row 221: ECO=CA90182HB Submitted=01 Jul 2026 Released=03 Jul 2026
[2026-07-06 06:02:26] Updated row 222: ECO=CA90182HB Submitted=01 Jul 2026 Released=03 Jul 2026
[2026-07-06 06:02:26] Updated row 223: ECO=CA90182HB Submitted=01 Jul 2026 Released=03 Jul 2026
[2026-07-06 06:02:26] Updated row 224: ECO=CA90182HB Submitted=01 Jul 2026 Released=03 Jul 2026
[2026-07-06 06:02:27] Updated row 225: ECO=CA90177HB Submitted=01 Jul 2026 Released=03 Jul 2026
[2026-07-06 06:02:28] Updated row 226: ECO=CA90175HB Submitted=02 Jul 2026 Released=03 Jul 2026
[2026-07-06 06:02:29] Updated row 227: ECO=CA90178HB Submitted=01 Jul 2026 Released=03 Jul 2026
[2026-07-06 06:02:29] Updated row 228: ECO=CA90178HB Submitted=01 Jul 2026 Released=03 Jul 2026
[2026-07-06 06:02:29] Updated row 229: ECO=CA90178HB Submitted=01 Jul 2026 Released=03 Jul 2026
[2026-07-06 06:02:31] Updated row 230: ECO=CA90185HB Submitted=02 Jul 2026 Released=03 Jul 2026
[2026-07-06 06:02:31] Updated row 231: ECO=CA90186HB Submitted=02 Jul 2026 Released=03 Jul 2026
[2026-07-06 06:02:33] Updated row 232: ECO=CA90187HB Submitted=02 Jul 2026 Released=03 Jul 2026
[2026-07-06 06:02:33] Skipping row 233: ECO value is empty or not usable (NA).
[2026-07-06 06:02:33] Workbook looks free. Waiting 30 seconds for OneDrive to settle...
[2026-07-06 06:03:03] Saving workbook to C:\Users\kmageshkumar\OneDrive - Ichor Systems\AMAT SGP ECO Tracker.xlsx...
[2026-07-06 06:03:03] Workbook protection and editable-range metadata preserved.
[2026-07-06 06:03:03] Workbook save complete.
[2026-07-06 06:03:03] Workbook updated: C:\Users\kmageshkumar\OneDrive - Ichor Systems\AMAT SGP ECO Tracker.xlsx
[2026-07-06 06:03:03] Workbook looks free. Waiting 30 seconds for OneDrive to settle...
[2026-07-06 06:03:37] Row 2: CRF lookup failed for 1382230; treating as not submitted yet. Could not find Submitted/Released workflow dates for 1382230.
Tried classes=['Change', 'ECO', 'Change Orders'] tables=['History', 'Workflow', 'Workflow Status']
No matching workflow rows found.
[2026-07-06 06:03:37] Updated row 2: CRF=1382230 Submitted=None Released=None
[2026-07-06 06:03:39] Row 3: CRF lookup failed for 1386239; treating as not submitted yet. Could not find Submitted/Released workflow dates for 1386239.
Tried classes=['Change', 'ECO', 'Change Orders'] tables=['History', 'Workflow', 'Workflow Status']
No matching workflow rows found.
[2026-07-06 06:03:39] Updated row 3: CRF=1386239 Submitted=None Released=None
[2026-07-06 06:03:39] Workbook looks free. Waiting 30 seconds for OneDrive to settle...
[2026-07-06 06:04:09] Saving workbook to C:\Users\kmageshkumar\OneDrive - Ichor Systems\AMAT SGP CRF Tracker.xlsx...
[2026-07-06 06:04:09] Workbook protection and editable-range metadata preserved.
[2026-07-06 06:04:09] Workbook save complete.
[2026-07-06 06:04:09] CRF workbook updated: C:\Users\kmageshkumar\OneDrive - Ichor Systems\AMAT SGP CRF Tracker.xlsx
[2026-07-07 06:00:03] Workbook looks free. Waiting 30 seconds for OneDrive to settle...
[2026-07-07 06:00:37] Updated row 2: ECO=CA89812HB Submitted=17 Jun 2026 Released=18 Jun 2026
[2026-07-07 06:00:37] Updated row 3: ECO=CA89812HB Submitted=17 Jun 2026 Released=18 Jun 2026
[2026-07-07 06:00:38] Updated row 4: ECO=CA89800HB Submitted=17 Jun 2026 Released=18 Jun 2026
[2026-07-07 06:00:38] Updated row 5: ECO=CA89800HB Submitted=17 Jun 2026 Released=18 Jun 2026
[2026-07-07 06:00:38] Updated row 6: ECO=CA89800HB Submitted=17 Jun 2026 Released=18 Jun 2026
[2026-07-07 06:00:39] Updated row 7: ECO=CA89823HB Submitted=16 Jun 2026 Released=17 Jun 2026
[2026-07-07 06:00:40] Updated row 8: ECO=CA89799HB Submitted=17 Jun 2026 Released=18 Jun 2026
[2026-07-07 06:00:41] Updated row 9: ECO=CA89813HB Submitted=17 Jun 2026 Released=18 Jun 2026
[2026-07-07 06:00:42] Updated row 10: ECO=CA89819HB Submitted=16 Jun 2026 Released=17 Jun 2026
[2026-07-07 06:00:43] Updated row 11: ECO=CA89817HB Submitted=17 Jun 2026 Released=18 Jun 2026
[2026-07-07 06:00:44] Updated row 12: ECO=CA89801HB Submitted=17 Jun 2026 Released=18 Jun 2026
[2026-07-07 06:00:45] Updated row 13: ECO=CA89804HB Submitted=17 Jun 2026 Released=18 Jun 2026
[2026-07-07 06:00:46] Updated row 14: ECO=CA89818HB Submitted=17 Jun 2026 Released=18 Jun 2026
[2026-07-07 06:00:46] Skipping row 15: ECO value is empty or not usable (NA).
[2026-07-07 06:00:46] Skipping row 16: ECO value is empty or not usable (NA).
[2026-07-07 06:00:46] Skipping row 17: ECO value is empty or not usable (NA).
[2026-07-07 06:00:47] Updated row 18: ECO=CA89851HB Submitted=18 Jun 2026 Released=20 Jun 2026
[2026-07-07 06:00:47] Updated row 19: ECO=CA89851HB Submitted=18 Jun 2026 Released=20 Jun 2026
[2026-07-07 06:00:47] Updated row 20: ECO=CA89851HB Submitted=18 Jun 2026 Released=20 Jun 2026
[2026-07-07 06:00:48] Updated row 21: ECO=CA89905HB Submitted=20 Jun 2026 Released=23 Jun 2026
[2026-07-07 06:00:49] Updated row 22: ECO=CA89878HB Submitted=18 Jun 2026 Released=19 Jun 2026
[2026-07-07 06:00:49] Updated row 23: ECO=CA89878HB Submitted=18 Jun 2026 Released=19 Jun 2026
[2026-07-07 06:00:50] Updated row 24: ECO=CA89886HB Submitted=19 Jun 2026 Released=20 Jun 2026
[2026-07-07 06:00:52] Updated row 25: ECO=CA89881HB Submitted=19 Jun 2026 Released=20 Jun 2026
[2026-07-07 06:00:53] Updated row 26: ECO=CA89910HB Submitted=18 Jun 2026 Released=19 Jun 2026
[2026-07-07 06:00:53] Updated row 27: ECO=CA89910HB Submitted=18 Jun 2026 Released=19 Jun 2026
[2026-07-07 06:00:53] Updated row 28: ECO=CA89910HB Submitted=18 Jun 2026 Released=19 Jun 2026
[2026-07-07 06:00:54] Updated row 29: ECO=CA89966HB Submitted=23 Jun 2026 Released=25 Jun 2026
[2026-07-07 06:00:54] Updated row 30: ECO=CA89966HB Submitted=23 Jun 2026 Released=25 Jun 2026
[2026-07-07 06:00:55] Updated row 31: ECO=CA89497HB Submitted=30 May 2026 Released=02 Jun 2026
[2026-07-07 06:00:56] Updated row 32: ECO=CA90044HB Submitted=24 Jun 2026 Released=25 Jun 2026
[2026-07-07 06:00:56] Updated row 33: ECO=CA90044HB Submitted=24 Jun 2026 Released=25 Jun 2026
[2026-07-07 06:00:56] Updated row 34: ECO=CA90044HB Submitted=24 Jun 2026 Released=25 Jun 2026
[2026-07-07 06:00:56] Updated row 35: ECO=CA90044HB Submitted=24 Jun 2026 Released=25 Jun 2026
[2026-07-07 06:00:57] Updated row 36: ECO=DSM25989 Submitted=23 Jun 2026 Released=25 Jun 2026
[2026-07-07 06:00:57] Updated row 37: ECO=DSM25989 Submitted=23 Jun 2026 Released=25 Jun 2026
[2026-07-07 06:00:57] Updated row 38: ECO=DSM25989 Submitted=23 Jun 2026 Released=25 Jun 2026
[2026-07-07 06:00:58] Updated row 39: ECO=DSM26016 Submitted=25 Jun 2026 Released=26 Jun 2026
[2026-07-07 06:00:58] Updated row 40: ECO=DSM26016 Submitted=25 Jun 2026 Released=26 Jun 2026
[2026-07-07 06:00:58] Updated row 41: ECO=DSM26016 Submitted=25 Jun 2026 Released=26 Jun 2026
[2026-07-07 06:01:00] Updated row 42: ECO=DSM25993 Submitted=30 Jun 2026 Released=02 Jul 2026
[2026-07-07 06:01:00] Updated row 43: ECO=DSM25993 Submitted=30 Jun 2026 Released=02 Jul 2026
[2026-07-07 06:01:01] Updated row 44: ECO=DSM25983 Submitted=24 Jun 2026 Released=25 Jun 2026
[2026-07-07 06:01:01] Updated row 45: ECO=DSM25983 Submitted=24 Jun 2026 Released=25 Jun 2026
[2026-07-07 06:01:01] Updated row 46: ECO=DSM25983 Submitted=24 Jun 2026 Released=25 Jun 2026
[2026-07-07 06:01:02] Updated row 47: ECO=DSM25980 Submitted=24 Jun 2026 Released=25 Jun 2026
[2026-07-07 06:01:02] Updated row 48: ECO=DSM25980 Submitted=24 Jun 2026 Released=25 Jun 2026
[2026-07-07 06:01:02] Updated row 49: ECO=DSM25980 Submitted=24 Jun 2026 Released=25 Jun 2026
[2026-07-07 06:01:03] Updated row 50: ECO=DSM25982 Submitted=24 Jun 2026 Released=25 Jun 2026
[2026-07-07 06:01:03] Updated row 51: ECO=DSM25982 Submitted=24 Jun 2026 Released=25 Jun 2026
[2026-07-07 06:01:03] Updated row 52: ECO=DSM25982 Submitted=24 Jun 2026 Released=25 Jun 2026
[2026-07-07 06:01:04] Updated row 53: ECO=DSM25996 Submitted=24 Jun 2026 Released=25 Jun 2026
[2026-07-07 06:01:04] Updated row 54: ECO=DSM25996 Submitted=24 Jun 2026 Released=25 Jun 2026
[2026-07-07 06:01:04] Updated row 55: ECO=DSM25996 Submitted=24 Jun 2026 Released=25 Jun 2026
[2026-07-07 06:01:05] Updated row 56: ECO=DSM26004 Submitted=24 Jun 2026 Released=25 Jun 2026
[2026-07-07 06:01:06] Updated row 57: ECO=DSM26001 Submitted=24 Jun 2026 Released=25 Jun 2026
[2026-07-07 06:01:06] Updated row 58: ECO=DSM26001 Submitted=24 Jun 2026 Released=25 Jun 2026
[2026-07-07 06:01:06] Updated row 59: ECO=DSM26001 Submitted=24 Jun 2026 Released=25 Jun 2026
[2026-07-07 06:01:09] Updated row 60: ECO=DSM25998 Submitted=24 Jun 2026 Released=25 Jun 2026
[2026-07-07 06:01:10] Updated row 61: ECO=DSM25987 Submitted=23 Jun 2026 Released=25 Jun 2026
[2026-07-07 06:01:10] Updated row 62: ECO=DSM25987 Submitted=23 Jun 2026 Released=25 Jun 2026
[2026-07-07 06:01:10] Updated row 63: ECO=DSM25987 Submitted=23 Jun 2026 Released=25 Jun 2026
[2026-07-07 06:01:11] Updated row 64: ECO=DSM25990 Submitted=24 Jun 2026 Released=25 Jun 2026
[2026-07-07 06:01:12] Updated row 65: ECO=DSM25984 Submitted=23 Jun 2026 Released=25 Jun 2026
[2026-07-07 06:01:12] Updated row 66: ECO=DSM25984 Submitted=23 Jun 2026 Released=25 Jun 2026
[2026-07-07 06:01:12] Updated row 67: ECO=DSM25984 Submitted=23 Jun 2026 Released=25 Jun 2026
[2026-07-07 06:01:13] Updated row 68: ECO=DSM25986 Submitted=23 Jun 2026 Released=25 Jun 2026
[2026-07-07 06:01:14] Updated row 69: ECO=DSM25994 Submitted=23 Jun 2026 Released=25 Jun 2026
[2026-07-07 06:01:14] Updated row 70: ECO=DSM25994 Submitted=23 Jun 2026 Released=25 Jun 2026
[2026-07-07 06:01:14] Updated row 71: ECO=DSM25994 Submitted=23 Jun 2026 Released=25 Jun 2026
[2026-07-07 06:01:15] Updated row 72: ECO=DSM25995 Submitted=23 Jun 2026 Released=25 Jun 2026
[2026-07-07 06:01:15] Updated row 73: ECO=DSM25987 Submitted=23 Jun 2026 Released=25 Jun 2026
[2026-07-07 06:01:16] Updated row 74: ECO=DSM26002 Submitted=24 Jun 2026 Released=25 Jun 2026
[2026-07-07 06:01:17] Updated row 75: ECO=DSM26011 Submitted=26 Jun 2026 Released=30 Jun 2026
[2026-07-07 06:01:17] Updated row 76: ECO=DSM26011 Submitted=26 Jun 2026 Released=30 Jun 2026
[2026-07-07 06:01:17] Updated row 77: ECO=DSM26011 Submitted=26 Jun 2026 Released=30 Jun 2026
[2026-07-07 06:01:17] Updated row 78: ECO=DSM26011 Submitted=26 Jun 2026 Released=30 Jun 2026
[2026-07-07 06:01:17] Updated row 79: ECO=DSM26011 Submitted=26 Jun 2026 Released=30 Jun 2026
[2026-07-07 06:01:18] Updated row 80: ECO=DSM25991 Submitted=24 Jun 2026 Released=25 Jun 2026
[2026-07-07 06:01:19] Updated row 81: ECO=DSM26013 Submitted=25 Jun 2026 Released=26 Jun 2026
[2026-07-07 06:01:19] Updated row 82: ECO=DSM26013 Submitted=25 Jun 2026 Released=26 Jun 2026
[2026-07-07 06:01:19] Updated row 83: ECO=DSM26013 Submitted=25 Jun 2026 Released=26 Jun 2026
[2026-07-07 06:01:20] Updated row 84: ECO=DSM25988 Submitted=23 Jun 2026 Released=25 Jun 2026
[2026-07-07 06:01:21] Updated row 85: ECO=DSM26008 Submitted=24 Jun 2026 Released=26 Jun 2026
[2026-07-07 06:01:21] Updated row 86: ECO=DSM26008 Submitted=24 Jun 2026 Released=26 Jun 2026
[2026-07-07 06:01:21] Updated row 87: ECO=DSM26008 Submitted=24 Jun 2026 Released=26 Jun 2026
[2026-07-07 06:01:22] Updated row 88: ECO=DSM26003 Submitted=24 Jun 2026 Released=25 Jun 2026
[2026-07-07 06:01:23] Updated row 89: ECO=DSM26000 Submitted=24 Jun 2026 Released=25 Jun 2026
[2026-07-07 06:01:23] Updated row 90: ECO=DSM26000 Submitted=24 Jun 2026 Released=25 Jun 2026
[2026-07-07 06:01:23] Updated row 91: ECO=DSM26000 Submitted=24 Jun 2026 Released=25 Jun 2026
[2026-07-07 06:01:24] Updated row 92: ECO=DSM26005 Submitted=24 Jun 2026 Released=25 Jun 2026
[2026-07-07 06:01:26] Updated row 93: ECO=DSM26006 Submitted=24 Jun 2026 Released=25 Jun 2026
[2026-07-07 06:01:27] Updated row 94: ECO=CA90084HB Submitted=24 Jun 2026 Released=26 Jun 2026
[2026-07-07 06:01:28] Updated row 95: ECO=CA90087HB Submitted=25 Jun 2026 Released=26 Jun 2026
[2026-07-07 06:01:29] Updated row 96: ECO=CA90080HB Submitted=25 Jun 2026 Released=26 Jun 2026
[2026-07-07 06:01:29] Updated row 97: ECO=CA90080HB Submitted=25 Jun 2026 Released=26 Jun 2026
[2026-07-07 06:01:29] Updated row 98: ECO=CA90080HB Submitted=25 Jun 2026 Released=26 Jun 2026
[2026-07-07 06:01:29] Updated row 99: ECO=CA90080HB Submitted=25 Jun 2026 Released=26 Jun 2026
[2026-07-07 06:01:30] Updated row 100: ECO=CA90088HB Submitted=25 Jun 2026 Released=26 Jun 2026
[2026-07-07 06:01:31] Updated row 101: ECO=CA90075HB Submitted=27 Jun 2026 Released=30 Jun 2026
[2026-07-07 06:01:31] Updated row 102: ECO=CA90075HB Submitted=27 Jun 2026 Released=30 Jun 2026
[2026-07-07 06:01:31] Updated row 103: ECO=CA90075HB Submitted=27 Jun 2026 Released=30 Jun 2026
[2026-07-07 06:01:32] Updated row 104: ECO=CA90068HB Submitted=25 Jun 2026 Released=26 Jun 2026
[2026-07-07 06:01:32] Updated row 105: ECO=CA90068HB Submitted=25 Jun 2026 Released=26 Jun 2026
[2026-07-07 06:01:32] Updated row 106: ECO=CA90068HB Submitted=25 Jun 2026 Released=26 Jun 2026
[2026-07-07 06:01:32] Updated row 107: ECO=CA90068HB Submitted=25 Jun 2026 Released=26 Jun 2026
[2026-07-07 06:01:33] Updated row 108: ECO=CA90078HB Submitted=25 Jun 2026 Released=26 Jun 2026
[2026-07-07 06:01:34] Updated row 109: ECO=CA90083HB Submitted=25 Jun 2026 Released=26 Jun 2026
[2026-07-07 06:01:35] Updated row 110: ECO=CA90081HB Submitted=25 Jun 2026 Released=26 Jun 2026
[2026-07-07 06:01:36] Updated row 111: ECO=CA90082HB Submitted=25 Jun 2026 Released=26 Jun 2026
[2026-07-07 06:01:37] Updated row 112: ECO=CA90073HB Submitted=30 Jun 2026 Released=02 Jul 2026
[2026-07-07 06:01:38] Updated row 113: ECO=CA90070HB Submitted=25 Jun 2026 Released=25 Jun 2026
[2026-07-07 06:01:38] Updated row 114: ECO=CA90070HB Submitted=25 Jun 2026 Released=25 Jun 2026
[2026-07-07 06:01:38] Updated row 115: ECO=CA90070HB Submitted=25 Jun 2026 Released=25 Jun 2026
[2026-07-07 06:01:38] Updated row 116: ECO=CA90070HB Submitted=25 Jun 2026 Released=25 Jun 2026
[2026-07-07 06:01:39] Updated row 117: ECO=DSM26017 Submitted=25 Jun 2026 Released=26 Jun 2026
[2026-07-07 06:01:39] Updated row 118: ECO=DSM26017 Submitted=25 Jun 2026 Released=26 Jun 2026
[2026-07-07 06:01:39] Updated row 119: ECO=DSM26017 Submitted=25 Jun 2026 Released=26 Jun 2026
[2026-07-07 06:01:39] Skipping row 120: ECO value is empty or not usable (N/A).
[2026-07-07 06:01:40] Updated row 121: ECO=CA90109HB Submitted=25 Jun 2026 Released=26 Jun 2026
[2026-07-07 06:01:41] Updated row 122: ECO=CA90104HB Submitted=25 Jun 2026 Released=26 Jun 2026
[2026-07-07 06:01:41] Updated row 123: ECO=CA90104HB Submitted=25 Jun 2026 Released=26 Jun 2026
[2026-07-07 06:01:42] Updated row 124: ECO=CA90141HB Submitted=02 Jul 2026 Released=07 Jul 2026
[2026-07-07 06:01:43] Updated row 125: ECO=CA90142HB Submitted=02 Jul 2026 Released=07 Jul 2026
[2026-07-07 06:01:44] Updated row 126: ECO=CA90137HB Submitted=02 Jul 2026 Released=07 Jul 2026
[2026-07-07 06:01:45] Updated row 127: ECO=DSM26022 Submitted=02 Jul 2026 Released=03 Jul 2026
[2026-07-07 06:01:45] Updated row 128: ECO=DSM26022 Submitted=02 Jul 2026 Released=03 Jul 2026
[2026-07-07 06:01:45] Updated row 129: ECO=DSM26022 Submitted=02 Jul 2026 Released=03 Jul 2026
[2026-07-07 06:01:46] Updated row 130: ECO=DSM26023 Submitted=01 Jul 2026 Released=02 Jul 2026
[2026-07-07 06:01:46] Updated row 131: ECO=DSM26023 Submitted=01 Jul 2026 Released=02 Jul 2026
[2026-07-07 06:01:46] Updated row 132: ECO=DSM26023 Submitted=01 Jul 2026 Released=02 Jul 2026
[2026-07-07 06:01:47] Updated row 133: ECO=DSM26038 Submitted=01 Jul 2026 Released=02 Jul 2026
[2026-07-07 06:01:48] Updated row 134: ECO=DSM26040 Submitted=01 Jul 2026 Released=02 Jul 2026
[2026-07-07 06:01:48] Updated row 135: ECO=DSM26040 Submitted=01 Jul 2026 Released=02 Jul 2026
[2026-07-07 06:01:48] Updated row 136: ECO=DSM26040 Submitted=01 Jul 2026 Released=02 Jul 2026
[2026-07-07 06:01:50] Updated row 137: ECO=DSM26041 Submitted=01 Jul 2026 Released=02 Jul 2026
[2026-07-07 06:01:51] Updated row 138: ECO=DSM26024 Submitted=30 Jun 2026 Released=02 Jul 2026
[2026-07-07 06:01:52] Updated row 139: ECO=DSM26027 Submitted=30 Jun 2026 Released=02 Jul 2026
[2026-07-07 06:01:53] Updated row 140: ECO=DSM26045 Submitted=01 Jul 2026 Released=03 Jul 2026
[2026-07-07 06:01:53] Updated row 141: ECO=DSM26045 Submitted=01 Jul 2026 Released=03 Jul 2026
[2026-07-07 06:01:53] Updated row 142: ECO=DSM26045 Submitted=01 Jul 2026 Released=03 Jul 2026
[2026-07-07 06:01:54] Updated row 143: ECO=DSM26037 Submitted=03 Jul 2026 Released=07 Jul 2026
[2026-07-07 06:01:55] Updated row 144: ECO=DSM26036 Submitted=03 Jul 2026 Released=07 Jul 2026
[2026-07-07 06:01:55] Updated row 145: ECO=DSM26036 Submitted=03 Jul 2026 Released=07 Jul 2026
[2026-07-07 06:01:55] Updated row 146: ECO=DSM26037 Submitted=03 Jul 2026 Released=07 Jul 2026
[2026-07-07 06:01:55] Updated row 147: ECO=DSM26036 Submitted=03 Jul 2026 Released=07 Jul 2026
[2026-07-07 06:01:55] Updated row 148: ECO=DSM26037 Submitted=03 Jul 2026 Released=07 Jul 2026
[2026-07-07 06:01:56] Updated row 149: ECO=DSM26026 Submitted=02 Jul 2026 Released=07 Jul 2026
[2026-07-07 06:01:58] Row 150: ECO lookup failed for DSM26028; treating as not submitted yet. Could not find Submitted/Released workflow dates for DSM26028.
Tried classes=['Change', 'ECO', 'Change Orders'] tables=['History', 'Workflow', 'Workflow Status']
No matching workflow rows found.
[2026-07-07 06:01:58] Updated row 150: ECO=DSM26028 Submitted=None Released=None
[2026-07-07 06:02:00] Row 151: ECO lookup failed for DSM26030; treating as not submitted yet. Could not find Submitted/Released workflow dates for DSM26030.
Tried classes=['Change', 'ECO', 'Change Orders'] tables=['History', 'Workflow', 'Workflow Status']
No matching workflow rows found.
[2026-07-07 06:02:00] Updated row 151: ECO=DSM26030 Submitted=None Released=None
[2026-07-07 06:02:01] Updated row 152: ECO=DSM26033 Submitted=03 Jul 2026 Released=07 Jul 2026
[2026-07-07 06:02:01] Updated row 153: ECO=DSM26028 Submitted=None Released=None
[2026-07-07 06:02:01] Updated row 154: ECO=DSM26030 Submitted=None Released=None
[2026-07-07 06:02:01] Updated row 155: ECO=DSM26033 Submitted=03 Jul 2026 Released=07 Jul 2026
[2026-07-07 06:02:01] Updated row 156: ECO=DSM26033 Submitted=03 Jul 2026 Released=07 Jul 2026
[2026-07-07 06:02:01] Updated row 157: ECO=DSM26028 Submitted=None Released=None
[2026-07-07 06:02:01] Updated row 158: ECO=DSM26030 Submitted=None Released=None
[2026-07-07 06:02:02] Updated row 159: ECO=DSM26034 Submitted=01 Jul 2026 Released=02 Jul 2026
[2026-07-07 06:02:02] Updated row 160: ECO=DSM26034 Submitted=01 Jul 2026 Released=02 Jul 2026
[2026-07-07 06:02:02] Updated row 161: ECO=DSM26034 Submitted=01 Jul 2026 Released=02 Jul 2026
[2026-07-07 06:02:03] Updated row 162: ECO=DSM26035 Submitted=01 Jul 2026 Released=02 Jul 2026
[2026-07-07 06:02:04] Updated row 163: ECO=DSM26021 Submitted=02 Jul 2026 Released=03 Jul 2026
[2026-07-07 06:02:04] Updated row 164: ECO=DSM26035 Submitted=01 Jul 2026 Released=02 Jul 2026
[2026-07-07 06:02:04] Updated row 165: ECO=DSM26021 Submitted=02 Jul 2026 Released=03 Jul 2026
[2026-07-07 06:02:04] Updated row 166: ECO=DSM26035 Submitted=01 Jul 2026 Released=02 Jul 2026
[2026-07-07 06:02:04] Updated row 167: ECO=DSM26021 Submitted=02 Jul 2026 Released=03 Jul 2026
[2026-07-07 06:02:04] Updated row 168: ECO=DSM26035 Submitted=01 Jul 2026 Released=02 Jul 2026
[2026-07-07 06:02:04] Updated row 169: ECO=DSM26021 Submitted=02 Jul 2026 Released=03 Jul 2026
[2026-07-07 06:02:04] Updated row 170: ECO=DSM26035 Submitted=01 Jul 2026 Released=02 Jul 2026
[2026-07-07 06:02:04] Updated row 171: ECO=DSM26021 Submitted=02 Jul 2026 Released=03 Jul 2026
[2026-07-07 06:02:05] Updated row 172: ECO=DSM26025 Submitted=01 Jul 2026 Released=02 Jul 2026
[2026-07-07 06:02:05] Updated row 173: ECO=DSM26025 Submitted=01 Jul 2026 Released=02 Jul 2026
[2026-07-07 06:02:05] Updated row 174: ECO=DSM26025 Submitted=01 Jul 2026 Released=02 Jul 2026
[2026-07-07 06:02:06] Updated row 175: ECO=DSM26029 Submitted=02 Jul 2026 Released=03 Jul 2026
[2026-07-07 06:02:07] Updated row 176: ECO=DSM26031 Submitted=04 Jul 2026 Released=07 Jul 2026
[2026-07-07 06:02:09] Updated row 177: ECO=DSM26039 Submitted=03 Jul 2026 Released=07 Jul 2026
[2026-07-07 06:02:10] Updated row 178: ECO=DSM26043 Submitted=03 Jul 2026 Released=07 Jul 2026
[2026-07-07 06:02:11] Updated row 179: ECO=DSM26044 Submitted=03 Jul 2026 Released=07 Jul 2026
[2026-07-07 06:02:12] Updated row 180: ECO=DSM26042 Submitted=03 Jul 2026 Released=07 Jul 2026
[2026-07-07 06:02:12] Updated row 181: ECO=DSM26029 Submitted=02 Jul 2026 Released=03 Jul 2026
[2026-07-07 06:02:12] Updated row 182: ECO=DSM26031 Submitted=04 Jul 2026 Released=07 Jul 2026
[2026-07-07 06:02:12] Updated row 183: ECO=DSM26039 Submitted=03 Jul 2026 Released=07 Jul 2026
[2026-07-07 06:02:12] Updated row 184: ECO=DSM26043 Submitted=03 Jul 2026 Released=07 Jul 2026
[2026-07-07 06:02:12] Updated row 185: ECO=DSM26044 Submitted=03 Jul 2026 Released=07 Jul 2026
[2026-07-07 06:02:12] Updated row 186: ECO=DSM26042 Submitted=03 Jul 2026 Released=07 Jul 2026
[2026-07-07 06:02:12] Updated row 187: ECO=DSM26029 Submitted=02 Jul 2026 Released=03 Jul 2026
[2026-07-07 06:02:12] Updated row 188: ECO=DSM26031 Submitted=04 Jul 2026 Released=07 Jul 2026
[2026-07-07 06:02:12] Updated row 189: ECO=DSM26039 Submitted=03 Jul 2026 Released=07 Jul 2026
[2026-07-07 06:02:12] Updated row 190: ECO=DSM26043 Submitted=03 Jul 2026 Released=07 Jul 2026
[2026-07-07 06:02:12] Updated row 191: ECO=DSM26044 Submitted=03 Jul 2026 Released=07 Jul 2026
[2026-07-07 06:02:12] Updated row 192: ECO=DSM26042 Submitted=03 Jul 2026 Released=07 Jul 2026
[2026-07-07 06:02:13] Updated row 193: ECO=CA90162HB Submitted=01 Jul 2026 Released=02 Jul 2026
[2026-07-07 06:02:14] Updated row 194: ECO=CA90167HB Submitted=02 Jul 2026 Released=03 Jul 2026
[2026-07-07 06:02:15] Updated row 195: ECO=CA90173HB Submitted=03 Jul 2026 Released=07 Jul 2026
[2026-07-07 06:02:15] Updated row 196: ECO=CA90173HB Submitted=03 Jul 2026 Released=07 Jul 2026
[2026-07-07 06:02:15] Updated row 197: ECO=CA90173HB Submitted=03 Jul 2026 Released=07 Jul 2026
[2026-07-07 06:02:17] Row 198: ECO lookup failed for CA90176HB; treating as not submitted yet. Could not find Submitted/Released workflow dates for CA90176HB.
Tried classes=['Change', 'ECO', 'Change Orders'] tables=['History', 'Workflow', 'Workflow Status']
No matching workflow rows found.
[2026-07-07 06:02:17] Updated row 198: ECO=CA90176HB Submitted=None Released=None
[2026-07-07 06:02:17] Updated row 199: ECO=CA90176HB Submitted=None Released=None
[2026-07-07 06:02:17] Updated row 200: ECO=CA90176HB Submitted=None Released=None
[2026-07-07 06:02:19] Row 201: ECO lookup failed for CA90181HB; treating as not submitted yet. Could not find Submitted/Released workflow dates for CA90181HB.
Tried classes=['Change', 'ECO', 'Change Orders'] tables=['History', 'Workflow', 'Workflow Status']
No matching workflow rows found.
[2026-07-07 06:02:19] Updated row 201: ECO=CA90181HB Submitted=None Released=None
[2026-07-07 06:02:19] Updated row 202: ECO=CA90181HB Submitted=None Released=None
[2026-07-07 06:02:19] Updated row 203: ECO=CA90181HB Submitted=None Released=None
[2026-07-07 06:02:21] Row 204: ECO lookup failed for CA90172HB; treating as not submitted yet. Could not find Submitted/Released workflow dates for CA90172HB.
Tried classes=['Change', 'ECO', 'Change Orders'] tables=['History', 'Workflow', 'Workflow Status']
No matching workflow rows found.
[2026-07-07 06:02:21] Updated row 204: ECO=CA90172HB Submitted=None Released=None
[2026-07-07 06:02:21] Updated row 205: ECO=CA90172HB Submitted=None Released=None
[2026-07-07 06:02:21] Updated row 206: ECO=CA90172HB Submitted=None Released=None
[2026-07-07 06:02:23] Row 207: ECO lookup failed for CA90174HB; treating as not submitted yet. Could not find Submitted/Released workflow dates for CA90174HB.
Tried classes=['Change', 'ECO', 'Change Orders'] tables=['History', 'Workflow', 'Workflow Status']
No matching workflow rows found.
[2026-07-07 06:02:23] Updated row 207: ECO=CA90174HB Submitted=None Released=None
[2026-07-07 06:02:23] Updated row 208: ECO=CA90174HB Submitted=None Released=None
[2026-07-07 06:02:23] Updated row 209: ECO=CA90174HB Submitted=None Released=None
[2026-07-07 06:02:25] Updated row 210: ECO=CA90170HB Submitted=02 Jul 2026 Released=07 Jul 2026
[2026-07-07 06:02:25] Updated row 211: ECO=CA90170HB Submitted=02 Jul 2026 Released=07 Jul 2026
[2026-07-07 06:02:25] Updated row 212: ECO=CA90170HB Submitted=02 Jul 2026 Released=07 Jul 2026
[2026-07-07 06:02:27] Row 213: ECO lookup failed for CA90171HB; treating as not submitted yet. Could not find Submitted/Released workflow dates for CA90171HB.
Tried classes=['Change', 'ECO', 'Change Orders'] tables=['History', 'Workflow', 'Workflow Status']
No matching workflow rows found.
[2026-07-07 06:02:27] Updated row 213: ECO=CA90171HB Submitted=None Released=None
[2026-07-07 06:02:27] Updated row 214: ECO=CA90171HB Submitted=None Released=None
[2026-07-07 06:02:27] Updated row 215: ECO=CA90171HB Submitted=None Released=None
[2026-07-07 06:02:29] Row 216: ECO lookup failed for CA90183HB; treating as not submitted yet. Could not find Submitted/Released workflow dates for CA90183HB.
Tried classes=['Change', 'ECO', 'Change Orders'] tables=['History', 'Workflow', 'Workflow Status']
No matching workflow rows found.
[2026-07-07 06:02:29] Updated row 216: ECO=CA90183HB Submitted=None Released=None
[2026-07-07 06:02:29] Updated row 217: ECO=CA90183HB Submitted=None Released=None
[2026-07-07 06:02:29] Updated row 218: ECO=CA90183HB Submitted=None Released=None
[2026-07-07 06:02:30] Updated row 219: ECO=CA90184HB Submitted=02 Jul 2026 Released=03 Jul 2026
[2026-07-07 06:02:30] Updated row 220: ECO=CA90184HB Submitted=02 Jul 2026 Released=03 Jul 2026
[2026-07-07 06:02:31] Updated row 221: ECO=CA90182HB Submitted=01 Jul 2026 Released=03 Jul 2026
[2026-07-07 06:02:31] Updated row 222: ECO=CA90182HB Submitted=01 Jul 2026 Released=03 Jul 2026
[2026-07-07 06:02:31] Updated row 223: ECO=CA90182HB Submitted=01 Jul 2026 Released=03 Jul 2026
[2026-07-07 06:02:31] Updated row 224: ECO=CA90182HB Submitted=01 Jul 2026 Released=03 Jul 2026
[2026-07-07 06:02:32] Updated row 225: ECO=CA90177HB Submitted=01 Jul 2026 Released=03 Jul 2026
[2026-07-07 06:02:33] Updated row 226: ECO=CA90175HB Submitted=02 Jul 2026 Released=03 Jul 2026
[2026-07-07 06:02:34] Updated row 227: ECO=CA90178HB Submitted=01 Jul 2026 Released=03 Jul 2026
[2026-07-07 06:02:34] Updated row 228: ECO=CA90178HB Submitted=01 Jul 2026 Released=03 Jul 2026
[2026-07-07 06:02:34] Updated row 229: ECO=CA90178HB Submitted=01 Jul 2026 Released=03 Jul 2026
[2026-07-07 06:02:35] Updated row 230: ECO=CA90185HB Submitted=02 Jul 2026 Released=03 Jul 2026
[2026-07-07 06:02:36] Updated row 231: ECO=CA90186HB Submitted=02 Jul 2026 Released=03 Jul 2026
[2026-07-07 06:02:37] Updated row 232: ECO=CA90187HB Submitted=02 Jul 2026 Released=03 Jul 2026
[2026-07-07 06:02:37] Skipping row 233: ECO value is empty or not usable (NA).
[2026-07-07 06:02:39] Row 234: ECO lookup failed for CA90217HB; treating as not submitted yet. Could not find Submitted/Released workflow dates for CA90217HB.
Tried classes=['Change', 'ECO', 'Change Orders'] tables=['History', 'Workflow', 'Workflow Status']
No matching workflow rows found.
[2026-07-07 06:02:39] Updated row 234: ECO=CA90217HB Submitted=None Released=None
[2026-07-07 06:02:40] Updated row 235: ECO=CA90226HB Submitted=06 Jul 2026 Released=None
[2026-07-07 06:02:40] Updated row 236: ECO=CA90226HB Submitted=06 Jul 2026 Released=None
[2026-07-07 06:02:40] Skipping row 237: ECO value is empty or not usable (N/A).
[2026-07-07 06:02:40] Skipping row 238: ECO value is empty or not usable (N/A).
[2026-07-07 06:02:40] Skipping row 239: ECO value is empty or not usable (N/A).
[2026-07-07 06:02:41] Updated row 240: ECO=CA90225HB Submitted=06 Jul 2026 Released=None
[2026-07-07 06:02:42] Updated row 241: ECO=CA90224HB Submitted=07 Jul 2026 Released=None
[2026-07-07 06:02:42] Skipping row 242: ECO value is empty or not usable (N/A).
[2026-07-07 06:02:42] Skipping row 243: ECO value is empty or not usable (N/A).
[2026-07-07 06:02:42] Skipping row 244: ECO value is empty or not usable (N/A).
[2026-07-07 06:02:43] Updated row 245: ECO=DSM26064 Submitted=06 Jul 2026 Released=None
[2026-07-07 06:02:43] Updated row 246: ECO=DSM26064 Submitted=06 Jul 2026 Released=None
[2026-07-07 06:02:43] Updated row 247: ECO=DSM26064 Submitted=06 Jul 2026 Released=None
[2026-07-07 06:02:44] Updated row 248: ECO=DSM26063 Submitted=07 Jul 2026 Released=None
[2026-07-07 06:02:44] Updated row 249: ECO=DSM26063 Submitted=07 Jul 2026 Released=None
[2026-07-07 06:02:44] Updated row 250: ECO=DSM26063 Submitted=07 Jul 2026 Released=None
[2026-07-07 06:02:44] Workbook looks free. Waiting 30 seconds for OneDrive to settle...
[2026-07-07 06:03:14] Saving workbook to C:\Users\kmageshkumar\OneDrive - Ichor Systems\AMAT SGP ECO Tracker.xlsx...
[2026-07-07 06:03:14] Workbook protection and editable-range metadata preserved.
[2026-07-07 06:03:14] Workbook save complete.
[2026-07-07 06:03:14] Workbook updated: C:\Users\kmageshkumar\OneDrive - Ichor Systems\AMAT SGP ECO Tracker.xlsx
[2026-07-07 06:03:14] Workbook looks free. Waiting 30 seconds for OneDrive to settle...
[2026-07-07 06:03:46] Skipping row 2: CRF value is empty or not usable (blank).
[2026-07-07 06:03:46] Workbook looks free. Waiting 30 seconds for OneDrive to settle...
[2026-07-07 06:04:16] Saving workbook to C:\Users\kmageshkumar\OneDrive - Ichor Systems\AMAT SGP CRF Tracker.xlsx...
[2026-07-07 06:04:16] Workbook protection and editable-range metadata preserved.
[2026-07-07 06:04:16] Workbook save complete.
[2026-07-07 06:04:16] CRF workbook updated: C:\Users\kmageshkumar\OneDrive - Ichor Systems\AMAT SGP CRF Tracker.xlsx
[2026-07-08 06:00:03] Workbook looks free. Waiting 30 seconds for OneDrive to settle...
[2026-07-08 06:00:37] Updated row 2: ECO=CA89812HB Submitted=17 Jun 2026 Released=18 Jun 2026
[2026-07-08 06:00:37] Updated row 3: ECO=CA89812HB Submitted=17 Jun 2026 Released=18 Jun 2026
[2026-07-08 06:00:38] Updated row 4: ECO=CA89800HB Submitted=17 Jun 2026 Released=18 Jun 2026
[2026-07-08 06:00:38] Updated row 5: ECO=CA89800HB Submitted=17 Jun 2026 Released=18 Jun 2026
[2026-07-08 06:00:38] Updated row 6: ECO=CA89800HB Submitted=17 Jun 2026 Released=18 Jun 2026
[2026-07-08 06:00:39] Updated row 7: ECO=CA89823HB Submitted=16 Jun 2026 Released=17 Jun 2026
[2026-07-08 06:00:41] Updated row 8: ECO=CA89799HB Submitted=17 Jun 2026 Released=18 Jun 2026
[2026-07-08 06:00:42] Updated row 9: ECO=CA89813HB Submitted=17 Jun 2026 Released=18 Jun 2026
[2026-07-08 06:00:43] Updated row 10: ECO=CA89819HB Submitted=16 Jun 2026 Released=17 Jun 2026
[2026-07-08 06:00:44] Updated row 11: ECO=CA89817HB Submitted=17 Jun 2026 Released=18 Jun 2026
[2026-07-08 06:00:45] Updated row 12: ECO=CA89801HB Submitted=17 Jun 2026 Released=18 Jun 2026
[2026-07-08 06:00:47] Updated row 13: ECO=CA89804HB Submitted=17 Jun 2026 Released=18 Jun 2026
[2026-07-08 06:00:48] Updated row 14: ECO=CA89818HB Submitted=17 Jun 2026 Released=18 Jun 2026
[2026-07-08 06:00:48] Skipping row 15: ECO value is empty or not usable (NA).
[2026-07-08 06:00:48] Skipping row 16: ECO value is empty or not usable (NA).
[2026-07-08 06:00:48] Skipping row 17: ECO value is empty or not usable (NA).
[2026-07-08 06:00:49] Updated row 18: ECO=CA89851HB Submitted=18 Jun 2026 Released=20 Jun 2026
[2026-07-08 06:00:49] Updated row 19: ECO=CA89851HB Submitted=18 Jun 2026 Released=20 Jun 2026
[2026-07-08 06:00:49] Updated row 20: ECO=CA89851HB Submitted=18 Jun 2026 Released=20 Jun 2026
[2026-07-08 06:00:51] Updated row 21: ECO=CA89905HB Submitted=20 Jun 2026 Released=23 Jun 2026
[2026-07-08 06:00:52] Updated row 22: ECO=CA89878HB Submitted=18 Jun 2026 Released=19 Jun 2026
[2026-07-08 06:00:52] Updated row 23: ECO=CA89878HB Submitted=18 Jun 2026 Released=19 Jun 2026
[2026-07-08 06:00:53] Updated row 24: ECO=CA89886HB Submitted=19 Jun 2026 Released=20 Jun 2026
[2026-07-08 06:00:54] Updated row 25: ECO=CA89881HB Submitted=19 Jun 2026 Released=20 Jun 2026
[2026-07-08 06:00:56] Updated row 26: ECO=CA89910HB Submitted=18 Jun 2026 Released=19 Jun 2026
[2026-07-08 06:00:56] Updated row 27: ECO=CA89910HB Submitted=18 Jun 2026 Released=19 Jun 2026
[2026-07-08 06:00:56] Updated row 28: ECO=CA89910HB Submitted=18 Jun 2026 Released=19 Jun 2026
[2026-07-08 06:00:57] Updated row 29: ECO=CA89966HB Submitted=23 Jun 2026 Released=25 Jun 2026
[2026-07-08 06:00:57] Updated row 30: ECO=CA89966HB Submitted=23 Jun 2026 Released=25 Jun 2026
[2026-07-08 06:00:58] Updated row 31: ECO=CA89497HB Submitted=30 May 2026 Released=02 Jun 2026
[2026-07-08 06:01:00] Updated row 32: ECO=CA90044HB Submitted=24 Jun 2026 Released=25 Jun 2026
[2026-07-08 06:01:00] Updated row 33: ECO=CA90044HB Submitted=24 Jun 2026 Released=25 Jun 2026
[2026-07-08 06:01:00] Updated row 34: ECO=CA90044HB Submitted=24 Jun 2026 Released=25 Jun 2026
[2026-07-08 06:01:00] Updated row 35: ECO=CA90044HB Submitted=24 Jun 2026 Released=25 Jun 2026
[2026-07-08 06:01:01] Updated row 36: ECO=DSM25989 Submitted=23 Jun 2026 Released=25 Jun 2026
[2026-07-08 06:01:01] Updated row 37: ECO=DSM25989 Submitted=23 Jun 2026 Released=25 Jun 2026
[2026-07-08 06:01:01] Updated row 38: ECO=DSM25989 Submitted=23 Jun 2026 Released=25 Jun 2026
[2026-07-08 06:01:02] Updated row 39: ECO=DSM26016 Submitted=25 Jun 2026 Released=26 Jun 2026
[2026-07-08 06:01:02] Updated row 40: ECO=DSM26016 Submitted=25 Jun 2026 Released=26 Jun 2026
[2026-07-08 06:01:02] Updated row 41: ECO=DSM26016 Submitted=25 Jun 2026 Released=26 Jun 2026
[2026-07-08 06:01:04] Updated row 42: ECO=DSM25993 Submitted=30 Jun 2026 Released=02 Jul 2026
[2026-07-08 06:01:04] Updated row 43: ECO=DSM25993 Submitted=30 Jun 2026 Released=02 Jul 2026
[2026-07-08 06:01:07] Updated row 44: ECO=DSM25983 Submitted=24 Jun 2026 Released=25 Jun 2026
[2026-07-08 06:01:07] Updated row 45: ECO=DSM25983 Submitted=24 Jun 2026 Released=25 Jun 2026
[2026-07-08 06:01:07] Updated row 46: ECO=DSM25983 Submitted=24 Jun 2026 Released=25 Jun 2026
[2026-07-08 06:01:08] Updated row 47: ECO=DSM25980 Submitted=24 Jun 2026 Released=25 Jun 2026
[2026-07-08 06:01:08] Updated row 48: ECO=DSM25980 Submitted=24 Jun 2026 Released=25 Jun 2026
[2026-07-08 06:01:08] Updated row 49: ECO=DSM25980 Submitted=24 Jun 2026 Released=25 Jun 2026
[2026-07-08 06:01:10] Updated row 50: ECO=DSM25982 Submitted=24 Jun 2026 Released=25 Jun 2026
[2026-07-08 06:01:10] Updated row 51: ECO=DSM25982 Submitted=24 Jun 2026 Released=25 Jun 2026
[2026-07-08 06:01:10] Updated row 52: ECO=DSM25982 Submitted=24 Jun 2026 Released=25 Jun 2026
[2026-07-08 06:01:13] Updated row 53: ECO=DSM25996 Submitted=24 Jun 2026 Released=25 Jun 2026
[2026-07-08 06:01:13] Updated row 54: ECO=DSM25996 Submitted=24 Jun 2026 Released=25 Jun 2026
[2026-07-08 06:01:13] Updated row 55: ECO=DSM25996 Submitted=24 Jun 2026 Released=25 Jun 2026
[2026-07-08 06:01:14] Updated row 56: ECO=DSM26004 Submitted=24 Jun 2026 Released=25 Jun 2026
[2026-07-08 06:01:15] Updated row 57: ECO=DSM26001 Submitted=24 Jun 2026 Released=25 Jun 2026
[2026-07-08 06:01:15] Updated row 58: ECO=DSM26001 Submitted=24 Jun 2026 Released=25 Jun 2026
[2026-07-08 06:01:15] Updated row 59: ECO=DSM26001 Submitted=24 Jun 2026 Released=25 Jun 2026
[2026-07-08 06:01:16] Updated row 60: ECO=DSM25998 Submitted=24 Jun 2026 Released=25 Jun 2026
[2026-07-08 06:01:17] Updated row 61: ECO=DSM25987 Submitted=23 Jun 2026 Released=25 Jun 2026
[2026-07-08 06:01:17] Updated row 62: ECO=DSM25987 Submitted=23 Jun 2026 Released=25 Jun 2026
[2026-07-08 06:01:17] Updated row 63: ECO=DSM25987 Submitted=23 Jun 2026 Released=25 Jun 2026
[2026-07-08 06:01:19] Updated row 64: ECO=DSM25990 Submitted=24 Jun 2026 Released=25 Jun 2026
[2026-07-08 06:01:20] Updated row 65: ECO=DSM25984 Submitted=23 Jun 2026 Released=25 Jun 2026
[2026-07-08 06:01:20] Updated row 66: ECO=DSM25984 Submitted=23 Jun 2026 Released=25 Jun 2026
[2026-07-08 06:01:20] Updated row 67: ECO=DSM25984 Submitted=23 Jun 2026 Released=25 Jun 2026
[2026-07-08 06:01:21] Updated row 68: ECO=DSM25986 Submitted=23 Jun 2026 Released=25 Jun 2026
[2026-07-08 06:01:25] Updated row 69: ECO=DSM25994 Submitted=23 Jun 2026 Released=25 Jun 2026
[2026-07-08 06:01:25] Updated row 70: ECO=DSM25994 Submitted=23 Jun 2026 Released=25 Jun 2026
[2026-07-08 06:01:25] Updated row 71: ECO=DSM25994 Submitted=23 Jun 2026 Released=25 Jun 2026
[2026-07-08 06:01:26] Updated row 72: ECO=DSM25995 Submitted=23 Jun 2026 Released=25 Jun 2026
[2026-07-08 06:01:26] Updated row 73: ECO=DSM25987 Submitted=23 Jun 2026 Released=25 Jun 2026
[2026-07-08 06:01:27] Updated row 74: ECO=DSM26002 Submitted=24 Jun 2026 Released=25 Jun 2026
[2026-07-08 06:01:28] Updated row 75: ECO=DSM26011 Submitted=26 Jun 2026 Released=30 Jun 2026
[2026-07-08 06:01:28] Updated row 76: ECO=DSM26011 Submitted=26 Jun 2026 Released=30 Jun 2026
[2026-07-08 06:01:28] Updated row 77: ECO=DSM26011 Submitted=26 Jun 2026 Released=30 Jun 2026
[2026-07-08 06:01:28] Updated row 78: ECO=DSM26011 Submitted=26 Jun 2026 Released=30 Jun 2026
[2026-07-08 06:01:28] Updated row 79: ECO=DSM26011 Submitted=26 Jun 2026 Released=30 Jun 2026
[2026-07-08 06:01:30] Updated row 80: ECO=DSM25991 Submitted=24 Jun 2026 Released=25 Jun 2026
[2026-07-08 06:01:31] Updated row 81: ECO=DSM26013 Submitted=25 Jun 2026 Released=26 Jun 2026
[2026-07-08 06:01:31] Updated row 82: ECO=DSM26013 Submitted=25 Jun 2026 Released=26 Jun 2026
[2026-07-08 06:01:31] Updated row 83: ECO=DSM26013 Submitted=25 Jun 2026 Released=26 Jun 2026
[2026-07-08 06:01:32] Updated row 84: ECO=DSM25988 Submitted=23 Jun 2026 Released=25 Jun 2026
[2026-07-08 06:01:33] Updated row 85: ECO=DSM26008 Submitted=24 Jun 2026 Released=26 Jun 2026
[2026-07-08 06:01:33] Updated row 86: ECO=DSM26008 Submitted=24 Jun 2026 Released=26 Jun 2026
[2026-07-08 06:01:33] Updated row 87: ECO=DSM26008 Submitted=24 Jun 2026 Released=26 Jun 2026
[2026-07-08 06:01:35] Updated row 88: ECO=DSM26003 Submitted=24 Jun 2026 Released=25 Jun 2026
[2026-07-08 06:01:36] Updated row 89: ECO=DSM26000 Submitted=24 Jun 2026 Released=25 Jun 2026
[2026-07-08 06:01:36] Updated row 90: ECO=DSM26000 Submitted=24 Jun 2026 Released=25 Jun 2026
[2026-07-08 06:01:36] Updated row 91: ECO=DSM26000 Submitted=24 Jun 2026 Released=25 Jun 2026
[2026-07-08 06:01:37] Updated row 92: ECO=DSM26005 Submitted=24 Jun 2026 Released=25 Jun 2026
[2026-07-08 06:01:38] Updated row 93: ECO=DSM26006 Submitted=24 Jun 2026 Released=25 Jun 2026
[2026-07-08 06:01:39] Updated row 94: ECO=CA90084HB Submitted=24 Jun 2026 Released=26 Jun 2026
[2026-07-08 06:01:41] Updated row 95: ECO=CA90087HB Submitted=25 Jun 2026 Released=26 Jun 2026
[2026-07-08 06:01:42] Updated row 96: ECO=CA90080HB Submitted=25 Jun 2026 Released=26 Jun 2026
[2026-07-08 06:01:42] Updated row 97: ECO=CA90080HB Submitted=25 Jun 2026 Released=26 Jun 2026
[2026-07-08 06:01:42] Updated row 98: ECO=CA90080HB Submitted=25 Jun 2026 Released=26 Jun 2026
[2026-07-08 06:01:42] Updated row 99: ECO=CA90080HB Submitted=25 Jun 2026 Released=26 Jun 2026
[2026-07-08 06:01:43] Updated row 100: ECO=CA90088HB Submitted=25 Jun 2026 Released=26 Jun 2026
[2026-07-08 06:01:44] Updated row 101: ECO=CA90075HB Submitted=27 Jun 2026 Released=30 Jun 2026
[2026-07-08 06:01:44] Updated row 102: ECO=CA90075HB Submitted=27 Jun 2026 Released=30 Jun 2026
[2026-07-08 06:01:44] Updated row 103: ECO=CA90075HB Submitted=27 Jun 2026 Released=30 Jun 2026
[2026-07-08 06:01:45] Updated row 104: ECO=CA90068HB Submitted=25 Jun 2026 Released=26 Jun 2026
[2026-07-08 06:01:45] Updated row 105: ECO=CA90068HB Submitted=25 Jun 2026 Released=26 Jun 2026
[2026-07-08 06:01:45] Updated row 106: ECO=CA90068HB Submitted=25 Jun 2026 Released=26 Jun 2026
[2026-07-08 06:01:45] Updated row 107: ECO=CA90068HB Submitted=25 Jun 2026 Released=26 Jun 2026
[2026-07-08 06:01:46] Updated row 108: ECO=CA90078HB Submitted=25 Jun 2026 Released=26 Jun 2026
[2026-07-08 06:01:47] Updated row 109: ECO=CA90083HB Submitted=25 Jun 2026 Released=26 Jun 2026
[2026-07-08 06:01:48] Updated row 110: ECO=CA90081HB Submitted=25 Jun 2026 Released=26 Jun 2026
[2026-07-08 06:01:49] Updated row 111: ECO=CA90082HB Submitted=25 Jun 2026 Released=26 Jun 2026
[2026-07-08 06:01:50] Updated row 112: ECO=CA90073HB Submitted=30 Jun 2026 Released=02 Jul 2026
[2026-07-08 06:01:52] Updated row 113: ECO=CA90070HB Submitted=25 Jun 2026 Released=25 Jun 2026
[2026-07-08 06:01:52] Updated row 114: ECO=CA90070HB Submitted=25 Jun 2026 Released=25 Jun 2026
[2026-07-08 06:01:52] Updated row 115: ECO=CA90070HB Submitted=25 Jun 2026 Released=25 Jun 2026
[2026-07-08 06:01:52] Updated row 116: ECO=CA90070HB Submitted=25 Jun 2026 Released=25 Jun 2026
[2026-07-08 06:01:53] Updated row 117: ECO=DSM26017 Submitted=25 Jun 2026 Released=26 Jun 2026
[2026-07-08 06:01:53] Updated row 118: ECO=DSM26017 Submitted=25 Jun 2026 Released=26 Jun 2026
[2026-07-08 06:01:53] Updated row 119: ECO=DSM26017 Submitted=25 Jun 2026 Released=26 Jun 2026
[2026-07-08 06:01:53] Skipping row 120: ECO value is empty or not usable (N/A).
[2026-07-08 06:01:54] Updated row 121: ECO=CA90109HB Submitted=25 Jun 2026 Released=26 Jun 2026
[2026-07-08 06:01:55] Updated row 122: ECO=CA90104HB Submitted=25 Jun 2026 Released=26 Jun 2026
[2026-07-08 06:01:55] Updated row 123: ECO=CA90104HB Submitted=25 Jun 2026 Released=26 Jun 2026
[2026-07-08 06:01:56] Updated row 124: ECO=CA90141HB Submitted=02 Jul 2026 Released=07 Jul 2026
[2026-07-08 06:01:57] Updated row 125: ECO=CA90142HB Submitted=02 Jul 2026 Released=07 Jul 2026
[2026-07-08 06:01:58] Updated row 126: ECO=CA90137HB Submitted=02 Jul 2026 Released=07 Jul 2026
[2026-07-08 06:01:59] Updated row 127: ECO=DSM26022 Submitted=02 Jul 2026 Released=03 Jul 2026
[2026-07-08 06:01:59] Updated row 128: ECO=DSM26022 Submitted=02 Jul 2026 Released=03 Jul 2026
[2026-07-08 06:01:59] Updated row 129: ECO=DSM26022 Submitted=02 Jul 2026 Released=03 Jul 2026
[2026-07-08 06:02:01] Updated row 130: ECO=DSM26023 Submitted=01 Jul 2026 Released=02 Jul 2026
[2026-07-08 06:02:01] Updated row 131: ECO=DSM26023 Submitted=01 Jul 2026 Released=02 Jul 2026
[2026-07-08 06:02:01] Updated row 132: ECO=DSM26023 Submitted=01 Jul 2026 Released=02 Jul 2026
[2026-07-08 06:02:02] Updated row 133: ECO=DSM26038 Submitted=01 Jul 2026 Released=02 Jul 2026
[2026-07-08 06:02:03] Updated row 134: ECO=DSM26040 Submitted=01 Jul 2026 Released=02 Jul 2026
[2026-07-08 06:02:03] Updated row 135: ECO=DSM26040 Submitted=01 Jul 2026 Released=02 Jul 2026
[2026-07-08 06:02:03] Updated row 136: ECO=DSM26040 Submitted=01 Jul 2026 Released=02 Jul 2026
[2026-07-08 06:02:04] Updated row 137: ECO=DSM26041 Submitted=01 Jul 2026 Released=02 Jul 2026
[2026-07-08 06:02:05] Updated row 138: ECO=DSM26024 Submitted=30 Jun 2026 Released=02 Jul 2026
[2026-07-08 06:02:06] Updated row 139: ECO=DSM26027 Submitted=30 Jun 2026 Released=02 Jul 2026
[2026-07-08 06:02:07] Updated row 140: ECO=DSM26045 Submitted=01 Jul 2026 Released=03 Jul 2026
[2026-07-08 06:02:07] Updated row 141: ECO=DSM26045 Submitted=01 Jul 2026 Released=03 Jul 2026
[2026-07-08 06:02:07] Updated row 142: ECO=DSM26045 Submitted=01 Jul 2026 Released=03 Jul 2026
[2026-07-08 06:02:08] Updated row 143: ECO=DSM26037 Submitted=03 Jul 2026 Released=07 Jul 2026
[2026-07-08 06:02:09] Updated row 144: ECO=DSM26036 Submitted=03 Jul 2026 Released=07 Jul 2026
[2026-07-08 06:02:09] Updated row 145: ECO=DSM26036 Submitted=03 Jul 2026 Released=07 Jul 2026
[2026-07-08 06:02:09] Updated row 146: ECO=DSM26037 Submitted=03 Jul 2026 Released=07 Jul 2026
[2026-07-08 06:02:09] Updated row 147: ECO=DSM26036 Submitted=03 Jul 2026 Released=07 Jul 2026
[2026-07-08 06:02:09] Updated row 148: ECO=DSM26037 Submitted=03 Jul 2026 Released=07 Jul 2026
[2026-07-08 06:02:10] Updated row 149: ECO=DSM26026 Submitted=02 Jul 2026 Released=07 Jul 2026
[2026-07-08 06:02:11] Updated row 150: ECO=DSM26028 Submitted=07 Jul 2026 Released=None
[2026-07-08 06:02:12] Updated row 151: ECO=DSM26030 Submitted=07 Jul 2026 Released=None
[2026-07-08 06:02:13] Updated row 152: ECO=DSM26033 Submitted=03 Jul 2026 Released=07 Jul 2026
[2026-07-08 06:02:13] Updated row 153: ECO=DSM26028 Submitted=07 Jul 2026 Released=None
[2026-07-08 06:02:13] Updated row 154: ECO=DSM26030 Submitted=07 Jul 2026 Released=None
[2026-07-08 06:02:13] Updated row 155: ECO=DSM26033 Submitted=03 Jul 2026 Released=07 Jul 2026
[2026-07-08 06:02:13] Updated row 156: ECO=DSM26033 Submitted=03 Jul 2026 Released=07 Jul 2026
[2026-07-08 06:02:13] Updated row 157: ECO=DSM26028 Submitted=07 Jul 2026 Released=None
[2026-07-08 06:02:13] Updated row 158: ECO=DSM26030 Submitted=07 Jul 2026 Released=None
[2026-07-08 06:02:15] Updated row 159: ECO=DSM26034 Submitted=01 Jul 2026 Released=02 Jul 2026
[2026-07-08 06:02:15] Updated row 160: ECO=DSM26034 Submitted=01 Jul 2026 Released=02 Jul 2026
[2026-07-08 06:02:15] Updated row 161: ECO=DSM26034 Submitted=01 Jul 2026 Released=02 Jul 2026
[2026-07-08 06:02:16] Updated row 162: ECO=DSM26035 Submitted=01 Jul 2026 Released=02 Jul 2026
[2026-07-08 06:02:18] Updated row 163: ECO=DSM26021 Submitted=02 Jul 2026 Released=03 Jul 2026
[2026-07-08 06:02:18] Updated row 164: ECO=DSM26035 Submitted=01 Jul 2026 Released=02 Jul 2026
[2026-07-08 06:02:18] Updated row 165: ECO=DSM26021 Submitted=02 Jul 2026 Released=03 Jul 2026
[2026-07-08 06:02:18] Updated row 166: ECO=DSM26035 Submitted=01 Jul 2026 Released=02 Jul 2026
[2026-07-08 06:02:18] Updated row 167: ECO=DSM26021 Submitted=02 Jul 2026 Released=03 Jul 2026
[2026-07-08 06:02:18] Updated row 168: ECO=DSM26035 Submitted=01 Jul 2026 Released=02 Jul 2026
[2026-07-08 06:02:18] Updated row 169: ECO=DSM26021 Submitted=02 Jul 2026 Released=03 Jul 2026
[2026-07-08 06:02:18] Updated row 170: ECO=DSM26035 Submitted=01 Jul 2026 Released=02 Jul 2026
[2026-07-08 06:02:18] Updated row 171: ECO=DSM26021 Submitted=02 Jul 2026 Released=03 Jul 2026
[2026-07-08 06:02:19] Updated row 172: ECO=DSM26025 Submitted=01 Jul 2026 Released=02 Jul 2026
[2026-07-08 06:02:19] Updated row 173: ECO=DSM26025 Submitted=01 Jul 2026 Released=02 Jul 2026
[2026-07-08 06:02:19] Updated row 174: ECO=DSM26025 Submitted=01 Jul 2026 Released=02 Jul 2026
[2026-07-08 06:02:20] Updated row 175: ECO=DSM26029 Submitted=02 Jul 2026 Released=03 Jul 2026
[2026-07-08 06:02:21] Updated row 176: ECO=DSM26031 Submitted=04 Jul 2026 Released=07 Jul 2026
[2026-07-08 06:02:23] Updated row 177: ECO=DSM26039 Submitted=03 Jul 2026 Released=07 Jul 2026
[2026-07-08 06:02:24] Updated row 178: ECO=DSM26043 Submitted=03 Jul 2026 Released=07 Jul 2026
[2026-07-08 06:02:25] Updated row 179: ECO=DSM26044 Submitted=03 Jul 2026 Released=07 Jul 2026
[2026-07-08 06:02:26] Updated row 180: ECO=DSM26042 Submitted=03 Jul 2026 Released=07 Jul 2026
[2026-07-08 06:02:26] Updated row 181: ECO=DSM26029 Submitted=02 Jul 2026 Released=03 Jul 2026
[2026-07-08 06:02:26] Updated row 182: ECO=DSM26031 Submitted=04 Jul 2026 Released=07 Jul 2026
[2026-07-08 06:02:26] Updated row 183: ECO=DSM26039 Submitted=03 Jul 2026 Released=07 Jul 2026
[2026-07-08 06:02:26] Updated row 184: ECO=DSM26043 Submitted=03 Jul 2026 Released=07 Jul 2026
[2026-07-08 06:02:26] Updated row 185: ECO=DSM26044 Submitted=03 Jul 2026 Released=07 Jul 2026
[2026-07-08 06:02:26] Updated row 186: ECO=DSM26042 Submitted=03 Jul 2026 Released=07 Jul 2026
[2026-07-08 06:02:26] Updated row 187: ECO=DSM26029 Submitted=02 Jul 2026 Released=03 Jul 2026
[2026-07-08 06:02:26] Updated row 188: ECO=DSM26031 Submitted=04 Jul 2026 Released=07 Jul 2026
[2026-07-08 06:02:26] Updated row 189: ECO=DSM26039 Submitted=03 Jul 2026 Released=07 Jul 2026
[2026-07-08 06:02:26] Updated row 190: ECO=DSM26043 Submitted=03 Jul 2026 Released=07 Jul 2026
[2026-07-08 06:02:26] Updated row 191: ECO=DSM26044 Submitted=03 Jul 2026 Released=07 Jul 2026
[2026-07-08 06:02:26] Updated row 192: ECO=DSM26042 Submitted=03 Jul 2026 Released=07 Jul 2026
[2026-07-08 06:02:27] Updated row 193: ECO=CA90162HB Submitted=01 Jul 2026 Released=02 Jul 2026
[2026-07-08 06:02:28] Updated row 194: ECO=CA90167HB Submitted=02 Jul 2026 Released=03 Jul 2026
[2026-07-08 06:02:29] Updated row 195: ECO=CA90173HB Submitted=03 Jul 2026 Released=07 Jul 2026
[2026-07-08 06:02:29] Updated row 196: ECO=CA90173HB Submitted=03 Jul 2026 Released=07 Jul 2026
[2026-07-08 06:02:29] Updated row 197: ECO=CA90173HB Submitted=03 Jul 2026 Released=07 Jul 2026
[2026-07-08 06:02:30] Updated row 198: ECO=CA90176HB Submitted=07 Jul 2026 Released=08 Jul 2026
[2026-07-08 06:02:30] Updated row 199: ECO=CA90176HB Submitted=07 Jul 2026 Released=08 Jul 2026
[2026-07-08 06:02:30] Updated row 200: ECO=CA90176HB Submitted=07 Jul 2026 Released=08 Jul 2026
[2026-07-08 06:02:31] Updated row 201: ECO=CA90181HB Submitted=07 Jul 2026 Released=None
[2026-07-08 06:02:31] Updated row 202: ECO=CA90181HB Submitted=07 Jul 2026 Released=None
[2026-07-08 06:02:31] Updated row 203: ECO=CA90181HB Submitted=07 Jul 2026 Released=None
[2026-07-08 06:02:32] Updated row 204: ECO=CA90172HB Submitted=07 Jul 2026 Released=None
[2026-07-08 06:02:32] Updated row 205: ECO=CA90172HB Submitted=07 Jul 2026 Released=None
[2026-07-08 06:02:32] Updated row 206: ECO=CA90172HB Submitted=07 Jul 2026 Released=None
[2026-07-08 06:02:33] Updated row 207: ECO=CA90174HB Submitted=07 Jul 2026 Released=None
[2026-07-08 06:02:33] Updated row 208: ECO=CA90174HB Submitted=07 Jul 2026 Released=None
[2026-07-08 06:02:33] Updated row 209: ECO=CA90174HB Submitted=07 Jul 2026 Released=None
[2026-07-08 06:02:35] Updated row 210: ECO=CA90170HB Submitted=02 Jul 2026 Released=07 Jul 2026
[2026-07-08 06:02:35] Updated row 211: ECO=CA90170HB Submitted=02 Jul 2026 Released=07 Jul 2026
[2026-07-08 06:02:35] Updated row 212: ECO=CA90170HB Submitted=02 Jul 2026 Released=07 Jul 2026
[2026-07-08 06:02:35] Updated row 213: ECO=CA90171HB Submitted=07 Jul 2026 Released=None
[2026-07-08 06:02:35] Updated row 214: ECO=CA90171HB Submitted=07 Jul 2026 Released=None
[2026-07-08 06:02:35] Updated row 215: ECO=CA90171HB Submitted=07 Jul 2026 Released=None
[2026-07-08 06:02:36] Updated row 216: ECO=CA90183HB Submitted=07 Jul 2026 Released=None
[2026-07-08 06:02:36] Updated row 217: ECO=CA90183HB Submitted=07 Jul 2026 Released=None
[2026-07-08 06:02:36] Updated row 218: ECO=CA90183HB Submitted=07 Jul 2026 Released=None
[2026-07-08 06:02:38] Updated row 219: ECO=CA90184HB Submitted=02 Jul 2026 Released=03 Jul 2026
[2026-07-08 06:02:38] Updated row 220: ECO=CA90184HB Submitted=02 Jul 2026 Released=03 Jul 2026
[2026-07-08 06:02:39] Updated row 221: ECO=CA90182HB Submitted=01 Jul 2026 Released=03 Jul 2026
[2026-07-08 06:02:39] Updated row 222: ECO=CA90182HB Submitted=01 Jul 2026 Released=03 Jul 2026
[2026-07-08 06:02:39] Updated row 223: ECO=CA90182HB Submitted=01 Jul 2026 Released=03 Jul 2026
[2026-07-08 06:02:39] Updated row 224: ECO=CA90182HB Submitted=01 Jul 2026 Released=03 Jul 2026
[2026-07-08 06:02:40] Updated row 225: ECO=CA90177HB Submitted=01 Jul 2026 Released=03 Jul 2026
[2026-07-08 06:02:41] Updated row 226: ECO=CA90175HB Submitted=02 Jul 2026 Released=03 Jul 2026
[2026-07-08 06:02:42] Updated row 227: ECO=CA90178HB Submitted=01 Jul 2026 Released=03 Jul 2026
[2026-07-08 06:02:42] Updated row 228: ECO=CA90178HB Submitted=01 Jul 2026 Released=03 Jul 2026
[2026-07-08 06:02:42] Updated row 229: ECO=CA90178HB Submitted=01 Jul 2026 Released=03 Jul 2026
[2026-07-08 06:02:43] Updated row 230: ECO=CA90185HB Submitted=02 Jul 2026 Released=03 Jul 2026
[2026-07-08 06:02:44] Updated row 231: ECO=CA90186HB Submitted=02 Jul 2026 Released=03 Jul 2026
[2026-07-08 06:02:45] Updated row 232: ECO=CA90187HB Submitted=02 Jul 2026 Released=03 Jul 2026
[2026-07-08 06:02:45] Skipping row 233: ECO value is empty or not usable (NA).
[2026-07-08 06:02:47] Row 234: ECO lookup failed for CA90217HB; treating as not submitted yet. Could not find Submitted/Released workflow dates for CA90217HB.
Tried classes=['Change', 'ECO', 'Change Orders'] tables=['History', 'Workflow', 'Workflow Status']
No matching workflow rows found.
[2026-07-08 06:02:47] Updated row 234: ECO=CA90217HB Submitted=None Released=None
[2026-07-08 06:02:48] Updated row 235: ECO=CA90226HB Submitted=06 Jul 2026 Released=08 Jul 2026
[2026-07-08 06:02:48] Updated row 236: ECO=CA90226HB Submitted=06 Jul 2026 Released=08 Jul 2026
[2026-07-08 06:02:48] Skipping row 237: ECO value is empty or not usable (N/A).
[2026-07-08 06:02:48] Skipping row 238: ECO value is empty or not usable (N/A).
[2026-07-08 06:02:48] Skipping row 239: ECO value is empty or not usable (N/A).
[2026-07-08 06:02:50] Updated row 240: ECO=CA90225HB Submitted=06 Jul 2026 Released=08 Jul 2026
[2026-07-08 06:02:51] Updated row 241: ECO=CA90224HB Submitted=07 Jul 2026 Released=08 Jul 2026
[2026-07-08 06:02:51] Skipping row 242: ECO value is empty or not usable (N/A).
[2026-07-08 06:02:51] Skipping row 243: ECO value is empty or not usable (N/A).
[2026-07-08 06:02:51] Skipping row 244: ECO value is empty or not usable (N/A).
[2026-07-08 06:02:52] Updated row 245: ECO=DSM26064 Submitted=06 Jul 2026 Released=08 Jul 2026
[2026-07-08 06:02:52] Updated row 246: ECO=DSM26064 Submitted=06 Jul 2026 Released=08 Jul 2026
[2026-07-08 06:02:52] Updated row 247: ECO=DSM26064 Submitted=06 Jul 2026 Released=08 Jul 2026
[2026-07-08 06:02:53] Updated row 248: ECO=DSM26063 Submitted=07 Jul 2026 Released=08 Jul 2026
[2026-07-08 06:02:53] Updated row 249: ECO=DSM26063 Submitted=07 Jul 2026 Released=08 Jul 2026
[2026-07-08 06:02:53] Updated row 250: ECO=DSM26063 Submitted=07 Jul 2026 Released=08 Jul 2026
[2026-07-08 06:02:53] Workbook looks free. Waiting 30 seconds for OneDrive to settle...
[2026-07-08 06:03:23] Saving workbook to C:\Users\kmageshkumar\OneDrive - Ichor Systems\AMAT SGP ECO Tracker.xlsx...
[2026-07-08 06:03:23] Workbook protection and editable-range metadata preserved.
[2026-07-08 06:03:23] Workbook save complete.
[2026-07-08 06:03:23] Workbook updated: C:\Users\kmageshkumar\OneDrive - Ichor Systems\AMAT SGP ECO Tracker.xlsx
[2026-07-08 06:03:23] Workbook looks free. Waiting 30 seconds for OneDrive to settle...
[2026-07-08 06:03:56] Skipping row 2: CRF value is empty or not usable (blank).
[2026-07-08 06:03:56] Workbook looks free. Waiting 30 seconds for OneDrive to settle...
[2026-07-08 06:04:26] Saving workbook to C:\Users\kmageshkumar\OneDrive - Ichor Systems\AMAT SGP CRF Tracker.xlsx...
[2026-07-08 06:04:26] Workbook protection and editable-range metadata preserved.
[2026-07-08 06:04:26] Workbook save complete.
[2026-07-08 06:04:26] CRF workbook updated: C:\Users\kmageshkumar\OneDrive - Ichor Systems\AMAT SGP CRF Tracker.xlsx
[2026-07-09 06:00:03] Workbook looks free. Waiting 30 seconds for OneDrive to settle...
[2026-07-09 06:00:36] Updated row 2: ECO=CA89812HB Submitted=17 Jun 2026 Released=18 Jun 2026
[2026-07-09 06:00:36] Updated row 3: ECO=CA89812HB Submitted=17 Jun 2026 Released=18 Jun 2026
[2026-07-09 06:00:37] Updated row 4: ECO=CA89800HB Submitted=17 Jun 2026 Released=18 Jun 2026
[2026-07-09 06:00:37] Updated row 5: ECO=CA89800HB Submitted=17 Jun 2026 Released=18 Jun 2026
[2026-07-09 06:00:37] Updated row 6: ECO=CA89800HB Submitted=17 Jun 2026 Released=18 Jun 2026
[2026-07-09 06:00:38] Updated row 7: ECO=CA89823HB Submitted=16 Jun 2026 Released=17 Jun 2026
[2026-07-09 06:00:39] Updated row 8: ECO=CA89799HB Submitted=17 Jun 2026 Released=18 Jun 2026
[2026-07-09 06:00:40] Updated row 9: ECO=CA89813HB Submitted=17 Jun 2026 Released=18 Jun 2026
[2026-07-09 06:00:41] Updated row 10: ECO=CA89819HB Submitted=16 Jun 2026 Released=17 Jun 2026
[2026-07-09 06:00:42] Updated row 11: ECO=CA89817HB Submitted=17 Jun 2026 Released=18 Jun 2026
[2026-07-09 06:00:43] Updated row 12: ECO=CA89801HB Submitted=17 Jun 2026 Released=18 Jun 2026
[2026-07-09 06:00:44] Updated row 13: ECO=CA89804HB Submitted=17 Jun 2026 Released=18 Jun 2026
[2026-07-09 06:00:45] Updated row 14: ECO=CA89818HB Submitted=17 Jun 2026 Released=18 Jun 2026
[2026-07-09 06:00:45] Skipping row 15: ECO value is empty or not usable (NA).
[2026-07-09 06:00:45] Skipping row 16: ECO value is empty or not usable (NA).
[2026-07-09 06:00:45] Skipping row 17: ECO value is empty or not usable (NA).
[2026-07-09 06:00:47] Updated row 18: ECO=CA89851HB Submitted=18 Jun 2026 Released=20 Jun 2026
[2026-07-09 06:00:47] Updated row 19: ECO=CA89851HB Submitted=18 Jun 2026 Released=20 Jun 2026
[2026-07-09 06:00:47] Updated row 20: ECO=CA89851HB Submitted=18 Jun 2026 Released=20 Jun 2026
[2026-07-09 06:00:48] Updated row 21: ECO=CA89905HB Submitted=20 Jun 2026 Released=23 Jun 2026
[2026-07-09 06:00:49] Updated row 22: ECO=CA89878HB Submitted=18 Jun 2026 Released=19 Jun 2026
[2026-07-09 06:00:49] Updated row 23: ECO=CA89878HB Submitted=18 Jun 2026 Released=19 Jun 2026
[2026-07-09 06:00:50] Updated row 24: ECO=CA89886HB Submitted=19 Jun 2026 Released=20 Jun 2026
[2026-07-09 06:00:51] Updated row 25: ECO=CA89881HB Submitted=19 Jun 2026 Released=20 Jun 2026
[2026-07-09 06:00:52] Updated row 26: ECO=CA89910HB Submitted=18 Jun 2026 Released=19 Jun 2026
[2026-07-09 06:00:52] Updated row 27: ECO=CA89910HB Submitted=18 Jun 2026 Released=19 Jun 2026
[2026-07-09 06:00:52] Updated row 28: ECO=CA89910HB Submitted=18 Jun 2026 Released=19 Jun 2026
[2026-07-09 06:00:53] Updated row 29: ECO=CA89966HB Submitted=23 Jun 2026 Released=25 Jun 2026
[2026-07-09 06:00:53] Updated row 30: ECO=CA89966HB Submitted=23 Jun 2026 Released=25 Jun 2026
[2026-07-09 06:00:54] Updated row 31: ECO=CA89497HB Submitted=30 May 2026 Released=02 Jun 2026
[2026-07-09 06:00:56] Updated row 32: ECO=CA90044HB Submitted=24 Jun 2026 Released=25 Jun 2026
[2026-07-09 06:00:56] Updated row 33: ECO=CA90044HB Submitted=24 Jun 2026 Released=25 Jun 2026
[2026-07-09 06:00:56] Updated row 34: ECO=CA90044HB Submitted=24 Jun 2026 Released=25 Jun 2026
[2026-07-09 06:00:56] Updated row 35: ECO=CA90044HB Submitted=24 Jun 2026 Released=25 Jun 2026
[2026-07-09 06:00:57] Updated row 36: ECO=DSM25989 Submitted=23 Jun 2026 Released=25 Jun 2026
[2026-07-09 06:00:57] Updated row 37: ECO=DSM25989 Submitted=23 Jun 2026 Released=25 Jun 2026
[2026-07-09 06:00:57] Updated row 38: ECO=DSM25989 Submitted=23 Jun 2026 Released=25 Jun 2026
[2026-07-09 06:00:58] Updated row 39: ECO=DSM26016 Submitted=25 Jun 2026 Released=26 Jun 2026
[2026-07-09 06:00:58] Updated row 40: ECO=DSM26016 Submitted=25 Jun 2026 Released=26 Jun 2026
[2026-07-09 06:00:58] Updated row 41: ECO=DSM26016 Submitted=25 Jun 2026 Released=26 Jun 2026
[2026-07-09 06:01:00] Updated row 42: ECO=DSM25993 Submitted=30 Jun 2026 Released=02 Jul 2026
[2026-07-09 06:01:00] Updated row 43: ECO=DSM25993 Submitted=30 Jun 2026 Released=02 Jul 2026
[2026-07-09 06:01:01] Updated row 44: ECO=DSM25983 Submitted=24 Jun 2026 Released=25 Jun 2026
[2026-07-09 06:01:01] Updated row 45: ECO=DSM25983 Submitted=24 Jun 2026 Released=25 Jun 2026
[2026-07-09 06:01:01] Updated row 46: ECO=DSM25983 Submitted=24 Jun 2026 Released=25 Jun 2026
[2026-07-09 06:01:02] Updated row 47: ECO=DSM25980 Submitted=24 Jun 2026 Released=25 Jun 2026
[2026-07-09 06:01:02] Updated row 48: ECO=DSM25980 Submitted=24 Jun 2026 Released=25 Jun 2026
[2026-07-09 06:01:02] Updated row 49: ECO=DSM25980 Submitted=24 Jun 2026 Released=25 Jun 2026
[2026-07-09 06:01:03] Updated row 50: ECO=DSM25982 Submitted=24 Jun 2026 Released=25 Jun 2026
[2026-07-09 06:01:03] Updated row 51: ECO=DSM25982 Submitted=24 Jun 2026 Released=25 Jun 2026
[2026-07-09 06:01:03] Updated row 52: ECO=DSM25982 Submitted=24 Jun 2026 Released=25 Jun 2026
[2026-07-09 06:01:04] Updated row 53: ECO=DSM25996 Submitted=24 Jun 2026 Released=25 Jun 2026
[2026-07-09 06:01:04] Updated row 54: ECO=DSM25996 Submitted=24 Jun 2026 Released=25 Jun 2026
[2026-07-09 06:01:04] Updated row 55: ECO=DSM25996 Submitted=24 Jun 2026 Released=25 Jun 2026
[2026-07-09 06:01:06] Updated row 56: ECO=DSM26004 Submitted=24 Jun 2026 Released=25 Jun 2026
[2026-07-09 06:01:07] Updated row 57: ECO=DSM26001 Submitted=24 Jun 2026 Released=25 Jun 2026
[2026-07-09 06:01:07] Updated row 58: ECO=DSM26001 Submitted=24 Jun 2026 Released=25 Jun 2026
[2026-07-09 06:01:07] Updated row 59: ECO=DSM26001 Submitted=24 Jun 2026 Released=25 Jun 2026
[2026-07-09 06:01:08] Updated row 60: ECO=DSM25998 Submitted=24 Jun 2026 Released=25 Jun 2026
[2026-07-09 06:01:09] Updated row 61: ECO=DSM25987 Submitted=23 Jun 2026 Released=25 Jun 2026
[2026-07-09 06:01:09] Updated row 62: ECO=DSM25987 Submitted=23 Jun 2026 Released=25 Jun 2026
[2026-07-09 06:01:09] Updated row 63: ECO=DSM25987 Submitted=23 Jun 2026 Released=25 Jun 2026
[2026-07-09 06:01:10] Updated row 64: ECO=DSM25990 Submitted=24 Jun 2026 Released=25 Jun 2026
[2026-07-09 06:01:11] Updated row 65: ECO=DSM25984 Submitted=23 Jun 2026 Released=25 Jun 2026
[2026-07-09 06:01:11] Updated row 66: ECO=DSM25984 Submitted=23 Jun 2026 Released=25 Jun 2026
[2026-07-09 06:01:11] Updated row 67: ECO=DSM25984 Submitted=23 Jun 2026 Released=25 Jun 2026
[2026-07-09 06:01:13] Updated row 68: ECO=DSM25986 Submitted=23 Jun 2026 Released=25 Jun 2026
[2026-07-09 06:01:14] Updated row 69: ECO=DSM25994 Submitted=23 Jun 2026 Released=25 Jun 2026
[2026-07-09 06:01:14] Updated row 70: ECO=DSM25994 Submitted=23 Jun 2026 Released=25 Jun 2026
[2026-07-09 06:01:14] Updated row 71: ECO=DSM25994 Submitted=23 Jun 2026 Released=25 Jun 2026
[2026-07-09 06:01:15] Updated row 72: ECO=DSM25995 Submitted=23 Jun 2026 Released=25 Jun 2026
[2026-07-09 06:01:15] Updated row 73: ECO=DSM25987 Submitted=23 Jun 2026 Released=25 Jun 2026
[2026-07-09 06:01:16] Updated row 74: ECO=DSM26002 Submitted=24 Jun 2026 Released=25 Jun 2026
[2026-07-09 06:01:17] Updated row 75: ECO=DSM26011 Submitted=26 Jun 2026 Released=30 Jun 2026
[2026-07-09 06:01:17] Updated row 76: ECO=DSM26011 Submitted=26 Jun 2026 Released=30 Jun 2026
[2026-07-09 06:01:17] Updated row 77: ECO=DSM26011 Submitted=26 Jun 2026 Released=30 Jun 2026
[2026-07-09 06:01:17] Updated row 78: ECO=DSM26011 Submitted=26 Jun 2026 Released=30 Jun 2026
[2026-07-09 06:01:17] Updated row 79: ECO=DSM26011 Submitted=26 Jun 2026 Released=30 Jun 2026
[2026-07-09 06:01:18] Updated row 80: ECO=DSM25991 Submitted=24 Jun 2026 Released=25 Jun 2026
[2026-07-09 06:01:19] Updated row 81: ECO=DSM26013 Submitted=25 Jun 2026 Released=26 Jun 2026
[2026-07-09 06:01:19] Updated row 82: ECO=DSM26013 Submitted=25 Jun 2026 Released=26 Jun 2026
[2026-07-09 06:01:19] Updated row 83: ECO=DSM26013 Submitted=25 Jun 2026 Released=26 Jun 2026
[2026-07-09 06:01:20] Updated row 84: ECO=DSM25988 Submitted=23 Jun 2026 Released=25 Jun 2026
[2026-07-09 06:01:21] Updated row 85: ECO=DSM26008 Submitted=24 Jun 2026 Released=26 Jun 2026
[2026-07-09 06:01:21] Updated row 86: ECO=DSM26008 Submitted=24 Jun 2026 Released=26 Jun 2026
[2026-07-09 06:01:21] Updated row 87: ECO=DSM26008 Submitted=24 Jun 2026 Released=26 Jun 2026
[2026-07-09 06:01:22] Updated row 88: ECO=DSM26003 Submitted=24 Jun 2026 Released=25 Jun 2026
[2026-07-09 06:01:23] Updated row 89: ECO=DSM26000 Submitted=24 Jun 2026 Released=25 Jun 2026
[2026-07-09 06:01:23] Updated row 90: ECO=DSM26000 Submitted=24 Jun 2026 Released=25 Jun 2026
[2026-07-09 06:01:23] Updated row 91: ECO=DSM26000 Submitted=24 Jun 2026 Released=25 Jun 2026
[2026-07-09 06:01:24] Updated row 92: ECO=DSM26005 Submitted=24 Jun 2026 Released=25 Jun 2026
[2026-07-09 06:01:25] Updated row 93: ECO=DSM26006 Submitted=24 Jun 2026 Released=25 Jun 2026
[2026-07-09 06:01:26] Updated row 94: ECO=CA90084HB Submitted=24 Jun 2026 Released=26 Jun 2026
[2026-07-09 06:01:27] Updated row 95: ECO=CA90087HB Submitted=25 Jun 2026 Released=26 Jun 2026
[2026-07-09 06:01:30] Updated row 96: ECO=CA90080HB Submitted=25 Jun 2026 Released=26 Jun 2026
[2026-07-09 06:01:30] Updated row 97: ECO=CA90080HB Submitted=25 Jun 2026 Released=26 Jun 2026
[2026-07-09 06:01:30] Updated row 98: ECO=CA90080HB Submitted=25 Jun 2026 Released=26 Jun 2026
[2026-07-09 06:01:30] Updated row 99: ECO=CA90080HB Submitted=25 Jun 2026 Released=26 Jun 2026
[2026-07-09 06:01:31] Updated row 100: ECO=CA90088HB Submitted=25 Jun 2026 Released=26 Jun 2026
[2026-07-09 06:01:32] Updated row 101: ECO=CA90075HB Submitted=27 Jun 2026 Released=30 Jun 2026
[2026-07-09 06:01:32] Updated row 102: ECO=CA90075HB Submitted=27 Jun 2026 Released=30 Jun 2026
[2026-07-09 06:01:32] Updated row 103: ECO=CA90075HB Submitted=27 Jun 2026 Released=30 Jun 2026
[2026-07-09 06:01:33] Updated row 104: ECO=CA90068HB Submitted=25 Jun 2026 Released=26 Jun 2026
[2026-07-09 06:01:33] Updated row 105: ECO=CA90068HB Submitted=25 Jun 2026 Released=26 Jun 2026
[2026-07-09 06:01:33] Updated row 106: ECO=CA90068HB Submitted=25 Jun 2026 Released=26 Jun 2026
[2026-07-09 06:01:33] Updated row 107: ECO=CA90068HB Submitted=25 Jun 2026 Released=26 Jun 2026
[2026-07-09 06:01:34] Updated row 108: ECO=CA90078HB Submitted=25 Jun 2026 Released=26 Jun 2026
[2026-07-09 06:01:35] Updated row 109: ECO=CA90083HB Submitted=25 Jun 2026 Released=26 Jun 2026
[2026-07-09 06:01:36] Updated row 110: ECO=CA90081HB Submitted=25 Jun 2026 Released=26 Jun 2026
[2026-07-09 06:01:37] Updated row 111: ECO=CA90082HB Submitted=25 Jun 2026 Released=26 Jun 2026
[2026-07-09 06:01:39] Updated row 112: ECO=CA90073HB Submitted=30 Jun 2026 Released=02 Jul 2026
[2026-07-09 06:01:40] Updated row 113: ECO=CA90070HB Submitted=25 Jun 2026 Released=25 Jun 2026
[2026-07-09 06:01:40] Updated row 114: ECO=CA90070HB Submitted=25 Jun 2026 Released=25 Jun 2026
[2026-07-09 06:01:40] Updated row 115: ECO=CA90070HB Submitted=25 Jun 2026 Released=25 Jun 2026
[2026-07-09 06:01:40] Updated row 116: ECO=CA90070HB Submitted=25 Jun 2026 Released=25 Jun 2026
[2026-07-09 06:01:41] Updated row 117: ECO=DSM26017 Submitted=25 Jun 2026 Released=26 Jun 2026
[2026-07-09 06:01:41] Updated row 118: ECO=DSM26017 Submitted=25 Jun 2026 Released=26 Jun 2026
[2026-07-09 06:01:41] Updated row 119: ECO=DSM26017 Submitted=25 Jun 2026 Released=26 Jun 2026
[2026-07-09 06:01:41] Skipping row 120: ECO value is empty or not usable (N/A).
[2026-07-09 06:01:42] Updated row 121: ECO=CA90109HB Submitted=25 Jun 2026 Released=26 Jun 2026
[2026-07-09 06:01:43] Updated row 122: ECO=CA90104HB Submitted=25 Jun 2026 Released=26 Jun 2026
[2026-07-09 06:01:43] Updated row 123: ECO=CA90104HB Submitted=25 Jun 2026 Released=26 Jun 2026
[2026-07-09 06:01:44] Updated row 124: ECO=CA90141HB Submitted=02 Jul 2026 Released=07 Jul 2026
[2026-07-09 06:01:45] Updated row 125: ECO=CA90142HB Submitted=02 Jul 2026 Released=07 Jul 2026
[2026-07-09 06:01:46] Updated row 126: ECO=CA90137HB Submitted=02 Jul 2026 Released=07 Jul 2026
[2026-07-09 06:01:47] Updated row 127: ECO=DSM26022 Submitted=02 Jul 2026 Released=03 Jul 2026
[2026-07-09 06:01:47] Updated row 128: ECO=DSM26022 Submitted=02 Jul 2026 Released=03 Jul 2026
[2026-07-09 06:01:47] Updated row 129: ECO=DSM26022 Submitted=02 Jul 2026 Released=03 Jul 2026
[2026-07-09 06:01:48] Updated row 130: ECO=DSM26023 Submitted=01 Jul 2026 Released=02 Jul 2026
[2026-07-09 06:01:48] Updated row 131: ECO=DSM26023 Submitted=01 Jul 2026 Released=02 Jul 2026
[2026-07-09 06:01:48] Updated row 132: ECO=DSM26023 Submitted=01 Jul 2026 Released=02 Jul 2026
[2026-07-09 06:01:49] Updated row 133: ECO=DSM26038 Submitted=01 Jul 2026 Released=02 Jul 2026
[2026-07-09 06:01:50] Updated row 134: ECO=DSM26040 Submitted=01 Jul 2026 Released=02 Jul 2026
[2026-07-09 06:01:50] Updated row 135: ECO=DSM26040 Submitted=01 Jul 2026 Released=02 Jul 2026
[2026-07-09 06:01:50] Updated row 136: ECO=DSM26040 Submitted=01 Jul 2026 Released=02 Jul 2026
[2026-07-09 06:01:51] Updated row 137: ECO=DSM26041 Submitted=01 Jul 2026 Released=02 Jul 2026
[2026-07-09 06:01:52] Updated row 138: ECO=DSM26024 Submitted=30 Jun 2026 Released=02 Jul 2026
[2026-07-09 06:01:53] Updated row 139: ECO=DSM26027 Submitted=30 Jun 2026 Released=02 Jul 2026
[2026-07-09 06:01:54] Updated row 140: ECO=DSM26045 Submitted=01 Jul 2026 Released=03 Jul 2026
[2026-07-09 06:01:54] Updated row 141: ECO=DSM26045 Submitted=01 Jul 2026 Released=03 Jul 2026
[2026-07-09 06:01:54] Updated row 142: ECO=DSM26045 Submitted=01 Jul 2026 Released=03 Jul 2026
[2026-07-09 06:01:55] Updated row 143: ECO=DSM26037 Submitted=03 Jul 2026 Released=07 Jul 2026
[2026-07-09 06:01:56] Updated row 144: ECO=DSM26036 Submitted=03 Jul 2026 Released=07 Jul 2026
[2026-07-09 06:01:56] Updated row 145: ECO=DSM26036 Submitted=03 Jul 2026 Released=07 Jul 2026
[2026-07-09 06:01:56] Updated row 146: ECO=DSM26037 Submitted=03 Jul 2026 Released=07 Jul 2026
[2026-07-09 06:01:56] Updated row 147: ECO=DSM26036 Submitted=03 Jul 2026 Released=07 Jul 2026
[2026-07-09 06:01:56] Updated row 148: ECO=DSM26037 Submitted=03 Jul 2026 Released=07 Jul 2026
[2026-07-09 06:01:57] Updated row 149: ECO=DSM26026 Submitted=02 Jul 2026 Released=07 Jul 2026
[2026-07-09 06:01:58] Updated row 150: ECO=DSM26028 Submitted=07 Jul 2026 Released=None
[2026-07-09 06:01:59] Updated row 151: ECO=DSM26030 Submitted=07 Jul 2026 Released=None
[2026-07-09 06:02:00] Updated row 152: ECO=DSM26033 Submitted=03 Jul 2026 Released=07 Jul 2026
[2026-07-09 06:02:00] Updated row 153: ECO=DSM26028 Submitted=07 Jul 2026 Released=None
[2026-07-09 06:02:00] Updated row 154: ECO=DSM26030 Submitted=07 Jul 2026 Released=None
[2026-07-09 06:02:00] Updated row 155: ECO=DSM26033 Submitted=03 Jul 2026 Released=07 Jul 2026
[2026-07-09 06:02:00] Updated row 156: ECO=DSM26033 Submitted=03 Jul 2026 Released=07 Jul 2026
[2026-07-09 06:02:00] Updated row 157: ECO=DSM26028 Submitted=07 Jul 2026 Released=None
[2026-07-09 06:02:00] Updated row 158: ECO=DSM26030 Submitted=07 Jul 2026 Released=None
[2026-07-09 06:02:01] Updated row 159: ECO=DSM26034 Submitted=01 Jul 2026 Released=02 Jul 2026
[2026-07-09 06:02:01] Updated row 160: ECO=DSM26034 Submitted=01 Jul 2026 Released=02 Jul 2026
[2026-07-09 06:02:01] Updated row 161: ECO=DSM26034 Submitted=01 Jul 2026 Released=02 Jul 2026
[2026-07-09 06:02:02] Updated row 162: ECO=DSM26035 Submitted=01 Jul 2026 Released=02 Jul 2026
[2026-07-09 06:02:03] Updated row 163: ECO=DSM26021 Submitted=02 Jul 2026 Released=03 Jul 2026
[2026-07-09 06:02:03] Updated row 164: ECO=DSM26035 Submitted=01 Jul 2026 Released=02 Jul 2026
[2026-07-09 06:02:03] Updated row 165: ECO=DSM26021 Submitted=02 Jul 2026 Released=03 Jul 2026
[2026-07-09 06:02:03] Updated row 166: ECO=DSM26035 Submitted=01 Jul 2026 Released=02 Jul 2026
[2026-07-09 06:02:03] Updated row 167: ECO=DSM26021 Submitted=02 Jul 2026 Released=03 Jul 2026
[2026-07-09 06:02:03] Updated row 168: ECO=DSM26035 Submitted=01 Jul 2026 Released=02 Jul 2026
[2026-07-09 06:02:03] Updated row 169: ECO=DSM26021 Submitted=02 Jul 2026 Released=03 Jul 2026
[2026-07-09 06:02:03] Updated row 170: ECO=DSM26035 Submitted=01 Jul 2026 Released=02 Jul 2026
[2026-07-09 06:02:03] Updated row 171: ECO=DSM26021 Submitted=02 Jul 2026 Released=03 Jul 2026
[2026-07-09 06:02:04] Updated row 172: ECO=DSM26025 Submitted=01 Jul 2026 Released=02 Jul 2026
[2026-07-09 06:02:04] Updated row 173: ECO=DSM26025 Submitted=01 Jul 2026 Released=02 Jul 2026
[2026-07-09 06:02:04] Updated row 174: ECO=DSM26025 Submitted=01 Jul 2026 Released=02 Jul 2026
[2026-07-09 06:02:05] Updated row 175: ECO=DSM26029 Submitted=02 Jul 2026 Released=03 Jul 2026
[2026-07-09 06:02:06] Updated row 176: ECO=DSM26031 Submitted=04 Jul 2026 Released=07 Jul 2026
[2026-07-09 06:02:07] Updated row 177: ECO=DSM26039 Submitted=03 Jul 2026 Released=07 Jul 2026
[2026-07-09 06:02:08] Updated row 178: ECO=DSM26043 Submitted=03 Jul 2026 Released=07 Jul 2026
[2026-07-09 06:02:09] Updated row 179: ECO=DSM26044 Submitted=03 Jul 2026 Released=07 Jul 2026
[2026-07-09 06:02:10] Updated row 180: ECO=DSM26042 Submitted=03 Jul 2026 Released=07 Jul 2026
[2026-07-09 06:02:10] Updated row 181: ECO=DSM26029 Submitted=02 Jul 2026 Released=03 Jul 2026
[2026-07-09 06:02:10] Updated row 182: ECO=DSM26031 Submitted=04 Jul 2026 Released=07 Jul 2026
[2026-07-09 06:02:10] Updated row 183: ECO=DSM26039 Submitted=03 Jul 2026 Released=07 Jul 2026
[2026-07-09 06:02:10] Updated row 184: ECO=DSM26043 Submitted=03 Jul 2026 Released=07 Jul 2026
[2026-07-09 06:02:10] Updated row 185: ECO=DSM26044 Submitted=03 Jul 2026 Released=07 Jul 2026
[2026-07-09 06:02:10] Updated row 186: ECO=DSM26042 Submitted=03 Jul 2026 Released=07 Jul 2026
[2026-07-09 06:02:10] Updated row 187: ECO=DSM26029 Submitted=02 Jul 2026 Released=03 Jul 2026
[2026-07-09 06:02:10] Updated row 188: ECO=DSM26031 Submitted=04 Jul 2026 Released=07 Jul 2026
[2026-07-09 06:02:10] Updated row 189: ECO=DSM26039 Submitted=03 Jul 2026 Released=07 Jul 2026
[2026-07-09 06:02:10] Updated row 190: ECO=DSM26043 Submitted=03 Jul 2026 Released=07 Jul 2026
[2026-07-09 06:02:10] Updated row 191: ECO=DSM26044 Submitted=03 Jul 2026 Released=07 Jul 2026
[2026-07-09 06:02:10] Updated row 192: ECO=DSM26042 Submitted=03 Jul 2026 Released=07 Jul 2026
[2026-07-09 06:02:11] Updated row 193: ECO=CA90162HB Submitted=01 Jul 2026 Released=02 Jul 2026
[2026-07-09 06:02:12] Updated row 194: ECO=CA90167HB Submitted=02 Jul 2026 Released=03 Jul 2026
[2026-07-09 06:02:13] Updated row 195: ECO=CA90173HB Submitted=03 Jul 2026 Released=07 Jul 2026
[2026-07-09 06:02:13] Updated row 196: ECO=CA90173HB Submitted=03 Jul 2026 Released=07 Jul 2026
[2026-07-09 06:02:13] Updated row 197: ECO=CA90173HB Submitted=03 Jul 2026 Released=07 Jul 2026
[2026-07-09 06:02:14] Updated row 198: ECO=CA90176HB Submitted=07 Jul 2026 Released=08 Jul 2026
[2026-07-09 06:02:14] Updated row 199: ECO=CA90176HB Submitted=07 Jul 2026 Released=08 Jul 2026
[2026-07-09 06:02:14] Updated row 200: ECO=CA90176HB Submitted=07 Jul 2026 Released=08 Jul 2026
[2026-07-09 06:02:15] Updated row 201: ECO=CA90181HB Submitted=07 Jul 2026 Released=None
[2026-07-09 06:02:15] Updated row 202: ECO=CA90181HB Submitted=07 Jul 2026 Released=None
[2026-07-09 06:02:15] Updated row 203: ECO=CA90181HB Submitted=07 Jul 2026 Released=None
[2026-07-09 06:02:16] Updated row 204: ECO=CA90172HB Submitted=07 Jul 2026 Released=None
[2026-07-09 06:02:16] Updated row 205: ECO=CA90172HB Submitted=07 Jul 2026 Released=None
[2026-07-09 06:02:16] Updated row 206: ECO=CA90172HB Submitted=07 Jul 2026 Released=None
[2026-07-09 06:02:17] Updated row 207: ECO=CA90174HB Submitted=07 Jul 2026 Released=None
[2026-07-09 06:02:17] Updated row 208: ECO=CA90174HB Submitted=07 Jul 2026 Released=None
[2026-07-09 06:02:17] Updated row 209: ECO=CA90174HB Submitted=07 Jul 2026 Released=None
[2026-07-09 06:02:18] Updated row 210: ECO=CA90170HB Submitted=02 Jul 2026 Released=07 Jul 2026
[2026-07-09 06:02:18] Updated row 211: ECO=CA90170HB Submitted=02 Jul 2026 Released=07 Jul 2026
[2026-07-09 06:02:18] Updated row 212: ECO=CA90170HB Submitted=02 Jul 2026 Released=07 Jul 2026
[2026-07-09 06:02:19] Updated row 213: ECO=CA90171HB Submitted=07 Jul 2026 Released=None
[2026-07-09 06:02:19] Updated row 214: ECO=CA90171HB Submitted=07 Jul 2026 Released=None
[2026-07-09 06:02:19] Updated row 215: ECO=CA90171HB Submitted=07 Jul 2026 Released=None
[2026-07-09 06:02:20] Updated row 216: ECO=CA90183HB Submitted=07 Jul 2026 Released=None
[2026-07-09 06:02:20] Updated row 217: ECO=CA90183HB Submitted=07 Jul 2026 Released=None
[2026-07-09 06:02:20] Updated row 218: ECO=CA90183HB Submitted=07 Jul 2026 Released=None
[2026-07-09 06:02:21] Updated row 219: ECO=CA90184HB Submitted=02 Jul 2026 Released=03 Jul 2026
[2026-07-09 06:02:21] Updated row 220: ECO=CA90184HB Submitted=02 Jul 2026 Released=03 Jul 2026
[2026-07-09 06:02:22] Updated row 221: ECO=CA90182HB Submitted=01 Jul 2026 Released=03 Jul 2026
[2026-07-09 06:02:22] Updated row 222: ECO=CA90182HB Submitted=01 Jul 2026 Released=03 Jul 2026
[2026-07-09 06:02:22] Updated row 223: ECO=CA90182HB Submitted=01 Jul 2026 Released=03 Jul 2026
[2026-07-09 06:02:22] Updated row 224: ECO=CA90182HB Submitted=01 Jul 2026 Released=03 Jul 2026
[2026-07-09 06:02:23] Updated row 225: ECO=CA90177HB Submitted=01 Jul 2026 Released=03 Jul 2026
[2026-07-09 06:02:24] Updated row 226: ECO=CA90175HB Submitted=02 Jul 2026 Released=03 Jul 2026
[2026-07-09 06:02:25] Updated row 227: ECO=CA90178HB Submitted=01 Jul 2026 Released=03 Jul 2026
[2026-07-09 06:02:25] Updated row 228: ECO=CA90178HB Submitted=01 Jul 2026 Released=03 Jul 2026
[2026-07-09 06:02:25] Updated row 229: ECO=CA90178HB Submitted=01 Jul 2026 Released=03 Jul 2026
[2026-07-09 06:02:26] Updated row 230: ECO=CA90185HB Submitted=02 Jul 2026 Released=03 Jul 2026
[2026-07-09 06:02:27] Updated row 231: ECO=CA90186HB Submitted=02 Jul 2026 Released=03 Jul 2026
[2026-07-09 06:02:28] Updated row 232: ECO=CA90187HB Submitted=02 Jul 2026 Released=03 Jul 2026
[2026-07-09 06:02:28] Skipping row 233: ECO value is empty or not usable (NA).
[2026-07-09 06:02:30] Row 234: ECO lookup failed for CA90217HB; treating as not submitted yet. Could not find Submitted/Released workflow dates for CA90217HB.
Tried classes=['Change', 'ECO', 'Change Orders'] tables=['History', 'Workflow', 'Workflow Status']
No matching workflow rows found.
[2026-07-09 06:02:30] Updated row 234: ECO=CA90217HB Submitted=None Released=None
[2026-07-09 06:02:31] Updated row 235: ECO=CA90226HB Submitted=06 Jul 2026 Released=08 Jul 2026
[2026-07-09 06:02:31] Updated row 236: ECO=CA90226HB Submitted=06 Jul 2026 Released=08 Jul 2026
[2026-07-09 06:02:31] Skipping row 237: ECO value is empty or not usable (N/A).
[2026-07-09 06:02:31] Skipping row 238: ECO value is empty or not usable (N/A).
[2026-07-09 06:02:31] Skipping row 239: ECO value is empty or not usable (N/A).
[2026-07-09 06:02:33] Updated row 240: ECO=CA90225HB Submitted=06 Jul 2026 Released=08 Jul 2026
[2026-07-09 06:02:34] Updated row 241: ECO=CA90224HB Submitted=07 Jul 2026 Released=08 Jul 2026
[2026-07-09 06:02:34] Skipping row 242: ECO value is empty or not usable (N/A).
[2026-07-09 06:02:34] Skipping row 243: ECO value is empty or not usable (N/A).
[2026-07-09 06:02:34] Skipping row 244: ECO value is empty or not usable (N/A).
[2026-07-09 06:02:35] Updated row 245: ECO=DSM26064 Submitted=06 Jul 2026 Released=08 Jul 2026
[2026-07-09 06:02:35] Updated row 246: ECO=DSM26064 Submitted=06 Jul 2026 Released=08 Jul 2026
[2026-07-09 06:02:35] Updated row 247: ECO=DSM26064 Submitted=06 Jul 2026 Released=08 Jul 2026
[2026-07-09 06:02:36] Updated row 248: ECO=DSM26063 Submitted=07 Jul 2026 Released=08 Jul 2026
[2026-07-09 06:02:36] Updated row 249: ECO=DSM26063 Submitted=07 Jul 2026 Released=08 Jul 2026
[2026-07-09 06:02:36] Updated row 250: ECO=DSM26063 Submitted=07 Jul 2026 Released=08 Jul 2026
[2026-07-09 06:02:36] Skipping row 251: ECO value is empty or not usable (N/A).
[2026-07-09 06:02:36] Workbook looks free. Waiting 30 seconds for OneDrive to settle...
[2026-07-09 06:03:06] Saving workbook to C:\Users\kmageshkumar\OneDrive - Ichor Systems\AMAT SGP ECO Tracker.xlsx...
[2026-07-09 06:03:06] Workbook protection and editable-range metadata preserved.
[2026-07-09 06:03:06] Workbook save complete.
[2026-07-09 06:03:06] Workbook updated: C:\Users\kmageshkumar\OneDrive - Ichor Systems\AMAT SGP ECO Tracker.xlsx
[2026-07-09 06:03:06] Workbook looks free. Waiting 30 seconds for OneDrive to settle...
[2026-07-09 06:03:37] Skipping row 2: CRF value is empty or not usable (blank).
[2026-07-09 06:03:37] Workbook looks free. Waiting 30 seconds for OneDrive to settle...
[2026-07-09 06:04:07] Saving workbook to C:\Users\kmageshkumar\OneDrive - Ichor Systems\AMAT SGP CRF Tracker.xlsx...
[2026-07-09 06:04:07] Workbook protection and editable-range metadata preserved.
[2026-07-09 06:04:07] Workbook save complete.
[2026-07-09 06:04:07] CRF workbook updated: C:\Users\kmageshkumar\OneDrive - Ichor Systems\AMAT SGP CRF Tracker.xlsx
[2026-07-10 06:00:04] Workbook looks free. Waiting 30 seconds for OneDrive to settle...
[2026-07-10 06:00:37] Updated row 2: ECO=CA89812HB Submitted=17 Jun 2026 Released=18 Jun 2026
[2026-07-10 06:00:37] Updated row 3: ECO=CA89812HB Submitted=17 Jun 2026 Released=18 Jun 2026
[2026-07-10 06:00:38] Updated row 4: ECO=CA89800HB Submitted=17 Jun 2026 Released=18 Jun 2026
[2026-07-10 06:00:38] Updated row 5: ECO=CA89800HB Submitted=17 Jun 2026 Released=18 Jun 2026
[2026-07-10 06:00:38] Updated row 6: ECO=CA89800HB Submitted=17 Jun 2026 Released=18 Jun 2026
[2026-07-10 06:00:39] Updated row 7: ECO=CA89823HB Submitted=16 Jun 2026 Released=17 Jun 2026
[2026-07-10 06:00:40] Updated row 8: ECO=CA89799HB Submitted=17 Jun 2026 Released=18 Jun 2026
[2026-07-10 06:00:41] Updated row 9: ECO=CA89813HB Submitted=17 Jun 2026 Released=18 Jun 2026
[2026-07-10 06:00:42] Updated row 10: ECO=CA89819HB Submitted=16 Jun 2026 Released=17 Jun 2026
[2026-07-10 06:00:43] Updated row 11: ECO=CA89817HB Submitted=17 Jun 2026 Released=18 Jun 2026
[2026-07-10 06:00:44] Updated row 12: ECO=CA89801HB Submitted=17 Jun 2026 Released=18 Jun 2026
[2026-07-10 06:00:45] Updated row 13: ECO=CA89804HB Submitted=17 Jun 2026 Released=18 Jun 2026
[2026-07-10 06:00:46] Updated row 14: ECO=CA89818HB Submitted=17 Jun 2026 Released=18 Jun 2026
[2026-07-10 06:00:46] Skipping row 15: ECO value is empty or not usable (NA).
[2026-07-10 06:00:46] Skipping row 16: ECO value is empty or not usable (NA).
[2026-07-10 06:00:46] Skipping row 17: ECO value is empty or not usable (NA).
[2026-07-10 06:00:48] Updated row 18: ECO=CA89851HB Submitted=18 Jun 2026 Released=20 Jun 2026
[2026-07-10 06:00:48] Updated row 19: ECO=CA89851HB Submitted=18 Jun 2026 Released=20 Jun 2026
[2026-07-10 06:00:48] Updated row 20: ECO=CA89851HB Submitted=18 Jun 2026 Released=20 Jun 2026
[2026-07-10 06:00:49] Updated row 21: ECO=CA89905HB Submitted=20 Jun 2026 Released=23 Jun 2026
[2026-07-10 06:00:50] Updated row 22: ECO=CA89878HB Submitted=18 Jun 2026 Released=19 Jun 2026
[2026-07-10 06:00:50] Updated row 23: ECO=CA89878HB Submitted=18 Jun 2026 Released=19 Jun 2026
[2026-07-10 06:00:51] Updated row 24: ECO=CA89886HB Submitted=19 Jun 2026 Released=20 Jun 2026
[2026-07-10 06:00:52] Updated row 25: ECO=CA89881HB Submitted=19 Jun 2026 Released=20 Jun 2026
[2026-07-10 06:00:53] Updated row 26: ECO=CA89910HB Submitted=18 Jun 2026 Released=19 Jun 2026
[2026-07-10 06:00:53] Updated row 27: ECO=CA89910HB Submitted=18 Jun 2026 Released=19 Jun 2026
[2026-07-10 06:00:53] Updated row 28: ECO=CA89910HB Submitted=18 Jun 2026 Released=19 Jun 2026
[2026-07-10 06:00:54] Updated row 29: ECO=CA89966HB Submitted=23 Jun 2026 Released=25 Jun 2026
[2026-07-10 06:00:54] Updated row 30: ECO=CA89966HB Submitted=23 Jun 2026 Released=25 Jun 2026
[2026-07-10 06:00:55] Updated row 31: ECO=CA89497HB Submitted=30 May 2026 Released=02 Jun 2026
[2026-07-10 06:00:56] Updated row 32: ECO=CA90044HB Submitted=24 Jun 2026 Released=25 Jun 2026
[2026-07-10 06:00:56] Updated row 33: ECO=CA90044HB Submitted=24 Jun 2026 Released=25 Jun 2026
[2026-07-10 06:00:56] Updated row 34: ECO=CA90044HB Submitted=24 Jun 2026 Released=25 Jun 2026
[2026-07-10 06:00:56] Updated row 35: ECO=CA90044HB Submitted=24 Jun 2026 Released=25 Jun 2026
[2026-07-10 06:00:57] Updated row 36: ECO=DSM25989 Submitted=23 Jun 2026 Released=25 Jun 2026
[2026-07-10 06:00:57] Updated row 37: ECO=DSM25989 Submitted=23 Jun 2026 Released=25 Jun 2026
[2026-07-10 06:00:57] Updated row 38: ECO=DSM25989 Submitted=23 Jun 2026 Released=25 Jun 2026
[2026-07-10 06:00:58] Updated row 39: ECO=DSM26016 Submitted=25 Jun 2026 Released=26 Jun 2026
[2026-07-10 06:00:58] Updated row 40: ECO=DSM26016 Submitted=25 Jun 2026 Released=26 Jun 2026
[2026-07-10 06:00:58] Updated row 41: ECO=DSM26016 Submitted=25 Jun 2026 Released=26 Jun 2026
[2026-07-10 06:01:00] Updated row 42: ECO=DSM25993 Submitted=30 Jun 2026 Released=02 Jul 2026
[2026-07-10 06:01:00] Updated row 43: ECO=DSM25993 Submitted=30 Jun 2026 Released=02 Jul 2026
[2026-07-10 06:01:01] Updated row 44: ECO=DSM25983 Submitted=24 Jun 2026 Released=25 Jun 2026
[2026-07-10 06:01:01] Updated row 45: ECO=DSM25983 Submitted=24 Jun 2026 Released=25 Jun 2026
[2026-07-10 06:01:01] Updated row 46: ECO=DSM25983 Submitted=24 Jun 2026 Released=25 Jun 2026
[2026-07-10 06:01:02] Updated row 47: ECO=DSM25980 Submitted=24 Jun 2026 Released=25 Jun 2026
[2026-07-10 06:01:02] Updated row 48: ECO=DSM25980 Submitted=24 Jun 2026 Released=25 Jun 2026
[2026-07-10 06:01:02] Updated row 49: ECO=DSM25980 Submitted=24 Jun 2026 Released=25 Jun 2026
[2026-07-10 06:01:03] Updated row 50: ECO=DSM25982 Submitted=24 Jun 2026 Released=25 Jun 2026
[2026-07-10 06:01:03] Updated row 51: ECO=DSM25982 Submitted=24 Jun 2026 Released=25 Jun 2026
[2026-07-10 06:01:03] Updated row 52: ECO=DSM25982 Submitted=24 Jun 2026 Released=25 Jun 2026
[2026-07-10 06:01:04] Updated row 53: ECO=DSM25996 Submitted=24 Jun 2026 Released=25 Jun 2026
[2026-07-10 06:01:04] Updated row 54: ECO=DSM25996 Submitted=24 Jun 2026 Released=25 Jun 2026
[2026-07-10 06:01:04] Updated row 55: ECO=DSM25996 Submitted=24 Jun 2026 Released=25 Jun 2026
[2026-07-10 06:01:05] Updated row 56: ECO=DSM26004 Submitted=24 Jun 2026 Released=25 Jun 2026
[2026-07-10 06:01:06] Updated row 57: ECO=DSM26001 Submitted=24 Jun 2026 Released=25 Jun 2026
[2026-07-10 06:01:06] Updated row 58: ECO=DSM26001 Submitted=24 Jun 2026 Released=25 Jun 2026
[2026-07-10 06:01:06] Updated row 59: ECO=DSM26001 Submitted=24 Jun 2026 Released=25 Jun 2026
[2026-07-10 06:01:07] Updated row 60: ECO=DSM25998 Submitted=24 Jun 2026 Released=25 Jun 2026
[2026-07-10 06:01:08] Updated row 61: ECO=DSM25987 Submitted=23 Jun 2026 Released=25 Jun 2026
[2026-07-10 06:01:08] Updated row 62: ECO=DSM25987 Submitted=23 Jun 2026 Released=25 Jun 2026
[2026-07-10 06:01:08] Updated row 63: ECO=DSM25987 Submitted=23 Jun 2026 Released=25 Jun 2026
[2026-07-10 06:01:09] Updated row 64: ECO=DSM25990 Submitted=24 Jun 2026 Released=25 Jun 2026
[2026-07-10 06:01:10] Updated row 65: ECO=DSM25984 Submitted=23 Jun 2026 Released=25 Jun 2026
[2026-07-10 06:01:10] Updated row 66: ECO=DSM25984 Submitted=23 Jun 2026 Released=25 Jun 2026
[2026-07-10 06:01:10] Updated row 67: ECO=DSM25984 Submitted=23 Jun 2026 Released=25 Jun 2026
[2026-07-10 06:01:11] Updated row 68: ECO=DSM25986 Submitted=23 Jun 2026 Released=25 Jun 2026
[2026-07-10 06:01:13] Updated row 69: ECO=DSM25994 Submitted=23 Jun 2026 Released=25 Jun 2026
[2026-07-10 06:01:13] Updated row 70: ECO=DSM25994 Submitted=23 Jun 2026 Released=25 Jun 2026
[2026-07-10 06:01:13] Updated row 71: ECO=DSM25994 Submitted=23 Jun 2026 Released=25 Jun 2026
[2026-07-10 06:01:14] Updated row 72: ECO=DSM25995 Submitted=23 Jun 2026 Released=25 Jun 2026
[2026-07-10 06:01:14] Updated row 73: ECO=DSM25987 Submitted=23 Jun 2026 Released=25 Jun 2026
[2026-07-10 06:01:15] Updated row 74: ECO=DSM26002 Submitted=24 Jun 2026 Released=25 Jun 2026
[2026-07-10 06:01:16] Updated row 75: ECO=DSM26011 Submitted=26 Jun 2026 Released=30 Jun 2026
[2026-07-10 06:01:16] Updated row 76: ECO=DSM26011 Submitted=26 Jun 2026 Released=30 Jun 2026
[2026-07-10 06:01:16] Updated row 77: ECO=DSM26011 Submitted=26 Jun 2026 Released=30 Jun 2026
[2026-07-10 06:01:16] Updated row 78: ECO=DSM26011 Submitted=26 Jun 2026 Released=30 Jun 2026
[2026-07-10 06:01:16] Updated row 79: ECO=DSM26011 Submitted=26 Jun 2026 Released=30 Jun 2026
[2026-07-10 06:01:17] Updated row 80: ECO=DSM25991 Submitted=24 Jun 2026 Released=25 Jun 2026
[2026-07-10 06:01:18] Updated row 81: ECO=DSM26013 Submitted=25 Jun 2026 Released=26 Jun 2026
[2026-07-10 06:01:18] Updated row 82: ECO=DSM26013 Submitted=25 Jun 2026 Released=26 Jun 2026
[2026-07-10 06:01:18] Updated row 83: ECO=DSM26013 Submitted=25 Jun 2026 Released=26 Jun 2026
[2026-07-10 06:01:19] Updated row 84: ECO=DSM25988 Submitted=23 Jun 2026 Released=25 Jun 2026
[2026-07-10 06:01:20] Updated row 85: ECO=DSM26008 Submitted=24 Jun 2026 Released=26 Jun 2026
[2026-07-10 06:01:20] Updated row 86: ECO=DSM26008 Submitted=24 Jun 2026 Released=26 Jun 2026
[2026-07-10 06:01:20] Updated row 87: ECO=DSM26008 Submitted=24 Jun 2026 Released=26 Jun 2026
[2026-07-10 06:01:21] Updated row 88: ECO=DSM26003 Submitted=24 Jun 2026 Released=25 Jun 2026
[2026-07-10 06:01:22] Updated row 89: ECO=DSM26000 Submitted=24 Jun 2026 Released=25 Jun 2026
[2026-07-10 06:01:22] Updated row 90: ECO=DSM26000 Submitted=24 Jun 2026 Released=25 Jun 2026
[2026-07-10 06:01:22] Updated row 91: ECO=DSM26000 Submitted=24 Jun 2026 Released=25 Jun 2026
[2026-07-10 06:01:23] Updated row 92: ECO=DSM26005 Submitted=24 Jun 2026 Released=25 Jun 2026
[2026-07-10 06:01:24] Updated row 93: ECO=DSM26006 Submitted=24 Jun 2026 Released=25 Jun 2026
[2026-07-10 06:01:25] Updated row 94: ECO=CA90084HB Submitted=24 Jun 2026 Released=26 Jun 2026
[2026-07-10 06:01:26] Updated row 95: ECO=CA90087HB Submitted=25 Jun 2026 Released=26 Jun 2026
[2026-07-10 06:01:27] Updated row 96: ECO=CA90080HB Submitted=25 Jun 2026 Released=26 Jun 2026
[2026-07-10 06:01:27] Updated row 97: ECO=CA90080HB Submitted=25 Jun 2026 Released=26 Jun 2026
[2026-07-10 06:01:27] Updated row 98: ECO=CA90080HB Submitted=25 Jun 2026 Released=26 Jun 2026
[2026-07-10 06:01:27] Updated row 99: ECO=CA90080HB Submitted=25 Jun 2026 Released=26 Jun 2026
[2026-07-10 06:01:28] Updated row 100: ECO=CA90088HB Submitted=25 Jun 2026 Released=26 Jun 2026
[2026-07-10 06:01:29] Updated row 101: ECO=CA90075HB Submitted=27 Jun 2026 Released=30 Jun 2026
[2026-07-10 06:01:29] Updated row 102: ECO=CA90075HB Submitted=27 Jun 2026 Released=30 Jun 2026
[2026-07-10 06:01:29] Updated row 103: ECO=CA90075HB Submitted=27 Jun 2026 Released=30 Jun 2026
[2026-07-10 06:01:30] Updated row 104: ECO=CA90068HB Submitted=25 Jun 2026 Released=26 Jun 2026
[2026-07-10 06:01:30] Updated row 105: ECO=CA90068HB Submitted=25 Jun 2026 Released=26 Jun 2026
[2026-07-10 06:01:30] Updated row 106: ECO=CA90068HB Submitted=25 Jun 2026 Released=26 Jun 2026
[2026-07-10 06:01:30] Updated row 107: ECO=CA90068HB Submitted=25 Jun 2026 Released=26 Jun 2026
[2026-07-10 06:01:31] Updated row 108: ECO=CA90078HB Submitted=25 Jun 2026 Released=26 Jun 2026
[2026-07-10 06:01:32] Updated row 109: ECO=CA90083HB Submitted=25 Jun 2026 Released=26 Jun 2026
[2026-07-10 06:01:33] Updated row 110: ECO=CA90081HB Submitted=25 Jun 2026 Released=26 Jun 2026
[2026-07-10 06:01:34] Updated row 111: ECO=CA90082HB Submitted=25 Jun 2026 Released=26 Jun 2026
[2026-07-10 06:01:35] Updated row 112: ECO=CA90073HB Submitted=30 Jun 2026 Released=02 Jul 2026
[2026-07-10 06:01:36] Updated row 113: ECO=CA90070HB Submitted=25 Jun 2026 Released=25 Jun 2026
[2026-07-10 06:01:36] Updated row 114: ECO=CA90070HB Submitted=25 Jun 2026 Released=25 Jun 2026
[2026-07-10 06:01:36] Updated row 115: ECO=CA90070HB Submitted=25 Jun 2026 Released=25 Jun 2026
[2026-07-10 06:01:36] Updated row 116: ECO=CA90070HB Submitted=25 Jun 2026 Released=25 Jun 2026
[2026-07-10 06:01:37] Updated row 117: ECO=DSM26017 Submitted=25 Jun 2026 Released=26 Jun 2026
[2026-07-10 06:01:37] Updated row 118: ECO=DSM26017 Submitted=25 Jun 2026 Released=26 Jun 2026
[2026-07-10 06:01:37] Updated row 119: ECO=DSM26017 Submitted=25 Jun 2026 Released=26 Jun 2026
[2026-07-10 06:01:37] Skipping row 120: ECO value is empty or not usable (N/A).
[2026-07-10 06:01:38] Updated row 121: ECO=CA90109HB Submitted=25 Jun 2026 Released=26 Jun 2026
[2026-07-10 06:01:39] Updated row 122: ECO=CA90104HB Submitted=25 Jun 2026 Released=26 Jun 2026
[2026-07-10 06:01:39] Updated row 123: ECO=CA90104HB Submitted=25 Jun 2026 Released=26 Jun 2026
[2026-07-10 06:01:40] Updated row 124: ECO=CA90141HB Submitted=02 Jul 2026 Released=07 Jul 2026
[2026-07-10 06:01:41] Updated row 125: ECO=CA90142HB Submitted=02 Jul 2026 Released=07 Jul 2026
[2026-07-10 06:01:42] Updated row 126: ECO=CA90137HB Submitted=02 Jul 2026 Released=07 Jul 2026
[2026-07-10 06:01:43] Updated row 127: ECO=DSM26022 Submitted=02 Jul 2026 Released=03 Jul 2026
[2026-07-10 06:01:43] Updated row 128: ECO=DSM26022 Submitted=02 Jul 2026 Released=03 Jul 2026
[2026-07-10 06:01:43] Updated row 129: ECO=DSM26022 Submitted=02 Jul 2026 Released=03 Jul 2026
[2026-07-10 06:01:44] Updated row 130: ECO=DSM26023 Submitted=01 Jul 2026 Released=02 Jul 2026
[2026-07-10 06:01:44] Updated row 131: ECO=DSM26023 Submitted=01 Jul 2026 Released=02 Jul 2026
[2026-07-10 06:01:44] Updated row 132: ECO=DSM26023 Submitted=01 Jul 2026 Released=02 Jul 2026
[2026-07-10 06:01:45] Updated row 133: ECO=DSM26038 Submitted=01 Jul 2026 Released=02 Jul 2026
[2026-07-10 06:01:46] Updated row 134: ECO=DSM26040 Submitted=01 Jul 2026 Released=02 Jul 2026
[2026-07-10 06:01:46] Updated row 135: ECO=DSM26040 Submitted=01 Jul 2026 Released=02 Jul 2026
[2026-07-10 06:01:46] Updated row 136: ECO=DSM26040 Submitted=01 Jul 2026 Released=02 Jul 2026
[2026-07-10 06:01:47] Updated row 137: ECO=DSM26041 Submitted=01 Jul 2026 Released=02 Jul 2026
[2026-07-10 06:01:48] Updated row 138: ECO=DSM26024 Submitted=30 Jun 2026 Released=02 Jul 2026
[2026-07-10 06:01:49] Updated row 139: ECO=DSM26027 Submitted=30 Jun 2026 Released=02 Jul 2026
[2026-07-10 06:01:50] Updated row 140: ECO=DSM26045 Submitted=01 Jul 2026 Released=03 Jul 2026
[2026-07-10 06:01:50] Updated row 141: ECO=DSM26045 Submitted=01 Jul 2026 Released=03 Jul 2026
[2026-07-10 06:01:50] Updated row 142: ECO=DSM26045 Submitted=01 Jul 2026 Released=03 Jul 2026
[2026-07-10 06:01:50] Updated row 143: ECO=DSM26037 Submitted=03 Jul 2026 Released=07 Jul 2026
[2026-07-10 06:01:51] Updated row 144: ECO=DSM26036 Submitted=03 Jul 2026 Released=07 Jul 2026
[2026-07-10 06:01:51] Updated row 145: ECO=DSM26036 Submitted=03 Jul 2026 Released=07 Jul 2026
[2026-07-10 06:01:51] Updated row 146: ECO=DSM26037 Submitted=03 Jul 2026 Released=07 Jul 2026
[2026-07-10 06:01:51] Updated row 147: ECO=DSM26036 Submitted=03 Jul 2026 Released=07 Jul 2026
[2026-07-10 06:01:51] Updated row 148: ECO=DSM26037 Submitted=03 Jul 2026 Released=07 Jul 2026
[2026-07-10 06:01:52] Updated row 149: ECO=DSM26026 Submitted=02 Jul 2026 Released=07 Jul 2026
[2026-07-10 06:01:53] Updated row 150: ECO=DSM26028 Submitted=07 Jul 2026 Released=10 Jul 2026
[2026-07-10 06:01:54] Updated row 151: ECO=DSM26030 Submitted=07 Jul 2026 Released=10 Jul 2026
[2026-07-10 06:01:55] Updated row 152: ECO=DSM26033 Submitted=03 Jul 2026 Released=07 Jul 2026
[2026-07-10 06:01:55] Updated row 153: ECO=DSM26028 Submitted=07 Jul 2026 Released=10 Jul 2026
[2026-07-10 06:01:55] Updated row 154: ECO=DSM26030 Submitted=07 Jul 2026 Released=10 Jul 2026
[2026-07-10 06:01:55] Updated row 155: ECO=DSM26033 Submitted=03 Jul 2026 Released=07 Jul 2026
[2026-07-10 06:01:55] Updated row 156: ECO=DSM26033 Submitted=03 Jul 2026 Released=07 Jul 2026
[2026-07-10 06:01:55] Updated row 157: ECO=DSM26028 Submitted=07 Jul 2026 Released=10 Jul 2026
[2026-07-10 06:01:55] Updated row 158: ECO=DSM26030 Submitted=07 Jul 2026 Released=10 Jul 2026
[2026-07-10 06:01:56] Updated row 159: ECO=DSM26034 Submitted=01 Jul 2026 Released=02 Jul 2026
[2026-07-10 06:01:56] Updated row 160: ECO=DSM26034 Submitted=01 Jul 2026 Released=02 Jul 2026
[2026-07-10 06:01:56] Updated row 161: ECO=DSM26034 Submitted=01 Jul 2026 Released=02 Jul 2026
[2026-07-10 06:01:57] Updated row 162: ECO=DSM26035 Submitted=01 Jul 2026 Released=02 Jul 2026
[2026-07-10 06:01:58] Updated row 163: ECO=DSM26021 Submitted=02 Jul 2026 Released=03 Jul 2026
[2026-07-10 06:01:58] Updated row 164: ECO=DSM26035 Submitted=01 Jul 2026 Released=02 Jul 2026
[2026-07-10 06:01:58] Updated row 165: ECO=DSM26021 Submitted=02 Jul 2026 Released=03 Jul 2026
[2026-07-10 06:01:58] Updated row 166: ECO=DSM26035 Submitted=01 Jul 2026 Released=02 Jul 2026
[2026-07-10 06:01:58] Updated row 167: ECO=DSM26021 Submitted=02 Jul 2026 Released=03 Jul 2026
[2026-07-10 06:01:58] Updated row 168: ECO=DSM26035 Submitted=01 Jul 2026 Released=02 Jul 2026
[2026-07-10 06:01:58] Updated row 169: ECO=DSM26021 Submitted=02 Jul 2026 Released=03 Jul 2026
[2026-07-10 06:01:58] Updated row 170: ECO=DSM26035 Submitted=01 Jul 2026 Released=02 Jul 2026
[2026-07-10 06:01:58] Updated row 171: ECO=DSM26021 Submitted=02 Jul 2026 Released=03 Jul 2026
[2026-07-10 06:01:59] Updated row 172: ECO=DSM26025 Submitted=01 Jul 2026 Released=02 Jul 2026
[2026-07-10 06:01:59] Updated row 173: ECO=DSM26025 Submitted=01 Jul 2026 Released=02 Jul 2026
[2026-07-10 06:01:59] Updated row 174: ECO=DSM26025 Submitted=01 Jul 2026 Released=02 Jul 2026
[2026-07-10 06:02:00] Updated row 175: ECO=DSM26029 Submitted=02 Jul 2026 Released=03 Jul 2026
[2026-07-10 06:02:01] Updated row 176: ECO=DSM26031 Submitted=04 Jul 2026 Released=07 Jul 2026
[2026-07-10 06:02:02] Updated row 177: ECO=DSM26039 Submitted=03 Jul 2026 Released=07 Jul 2026
[2026-07-10 06:02:03] Updated row 178: ECO=DSM26043 Submitted=03 Jul 2026 Released=07 Jul 2026
[2026-07-10 06:02:04] Updated row 179: ECO=DSM26044 Submitted=03 Jul 2026 Released=07 Jul 2026
[2026-07-10 06:02:05] Updated row 180: ECO=DSM26042 Submitted=03 Jul 2026 Released=07 Jul 2026
[2026-07-10 06:02:05] Updated row 181: ECO=DSM26029 Submitted=02 Jul 2026 Released=03 Jul 2026
[2026-07-10 06:02:05] Updated row 182: ECO=DSM26031 Submitted=04 Jul 2026 Released=07 Jul 2026
[2026-07-10 06:02:05] Updated row 183: ECO=DSM26039 Submitted=03 Jul 2026 Released=07 Jul 2026
[2026-07-10 06:02:05] Updated row 184: ECO=DSM26043 Submitted=03 Jul 2026 Released=07 Jul 2026
[2026-07-10 06:02:05] Updated row 185: ECO=DSM26044 Submitted=03 Jul 2026 Released=07 Jul 2026
[2026-07-10 06:02:05] Updated row 186: ECO=DSM26042 Submitted=03 Jul 2026 Released=07 Jul 2026
[2026-07-10 06:02:05] Updated row 187: ECO=DSM26029 Submitted=02 Jul 2026 Released=03 Jul 2026
[2026-07-10 06:02:05] Updated row 188: ECO=DSM26031 Submitted=04 Jul 2026 Released=07 Jul 2026
[2026-07-10 06:02:05] Updated row 189: ECO=DSM26039 Submitted=03 Jul 2026 Released=07 Jul 2026
[2026-07-10 06:02:05] Updated row 190: ECO=DSM26043 Submitted=03 Jul 2026 Released=07 Jul 2026
[2026-07-10 06:02:05] Updated row 191: ECO=DSM26044 Submitted=03 Jul 2026 Released=07 Jul 2026
[2026-07-10 06:02:05] Updated row 192: ECO=DSM26042 Submitted=03 Jul 2026 Released=07 Jul 2026
[2026-07-10 06:02:06] Updated row 193: ECO=CA90162HB Submitted=01 Jul 2026 Released=02 Jul 2026
[2026-07-10 06:02:07] Updated row 194: ECO=CA90167HB Submitted=02 Jul 2026 Released=03 Jul 2026
[2026-07-10 06:02:08] Updated row 195: ECO=CA90173HB Submitted=03 Jul 2026 Released=07 Jul 2026
[2026-07-10 06:02:08] Updated row 196: ECO=CA90173HB Submitted=03 Jul 2026 Released=07 Jul 2026
[2026-07-10 06:02:08] Updated row 197: ECO=CA90173HB Submitted=03 Jul 2026 Released=07 Jul 2026
[2026-07-10 06:02:09] Updated row 198: ECO=CA90176HB Submitted=07 Jul 2026 Released=08 Jul 2026
[2026-07-10 06:02:09] Updated row 199: ECO=CA90176HB Submitted=07 Jul 2026 Released=08 Jul 2026
[2026-07-10 06:02:09] Updated row 200: ECO=CA90176HB Submitted=07 Jul 2026 Released=08 Jul 2026
[2026-07-10 06:02:10] Updated row 201: ECO=CA90181HB Submitted=07 Jul 2026 Released=10 Jul 2026
[2026-07-10 06:02:10] Updated row 202: ECO=CA90181HB Submitted=07 Jul 2026 Released=10 Jul 2026
[2026-07-10 06:02:10] Updated row 203: ECO=CA90181HB Submitted=07 Jul 2026 Released=10 Jul 2026
[2026-07-10 06:02:11] Updated row 204: ECO=CA90172HB Submitted=07 Jul 2026 Released=10 Jul 2026
[2026-07-10 06:02:11] Updated row 205: ECO=CA90172HB Submitted=07 Jul 2026 Released=10 Jul 2026
[2026-07-10 06:02:11] Updated row 206: ECO=CA90172HB Submitted=07 Jul 2026 Released=10 Jul 2026
[2026-07-10 06:02:12] Updated row 207: ECO=CA90174HB Submitted=07 Jul 2026 Released=10 Jul 2026
[2026-07-10 06:02:12] Updated row 208: ECO=CA90174HB Submitted=07 Jul 2026 Released=10 Jul 2026
[2026-07-10 06:02:12] Updated row 209: ECO=CA90174HB Submitted=07 Jul 2026 Released=10 Jul 2026
[2026-07-10 06:02:13] Updated row 210: ECO=CA90170HB Submitted=02 Jul 2026 Released=07 Jul 2026
[2026-07-10 06:02:13] Updated row 211: ECO=CA90170HB Submitted=02 Jul 2026 Released=07 Jul 2026
[2026-07-10 06:02:13] Updated row 212: ECO=CA90170HB Submitted=02 Jul 2026 Released=07 Jul 2026
[2026-07-10 06:02:14] Updated row 213: ECO=CA90171HB Submitted=07 Jul 2026 Released=10 Jul 2026
[2026-07-10 06:02:14] Updated row 214: ECO=CA90171HB Submitted=07 Jul 2026 Released=10 Jul 2026
[2026-07-10 06:02:14] Updated row 215: ECO=CA90171HB Submitted=07 Jul 2026 Released=10 Jul 2026
[2026-07-10 06:02:15] Updated row 216: ECO=CA90183HB Submitted=07 Jul 2026 Released=10 Jul 2026
[2026-07-10 06:02:15] Updated row 217: ECO=CA90183HB Submitted=07 Jul 2026 Released=10 Jul 2026
[2026-07-10 06:02:15] Updated row 218: ECO=CA90183HB Submitted=07 Jul 2026 Released=10 Jul 2026
[2026-07-10 06:02:16] Updated row 219: ECO=CA90184HB Submitted=02 Jul 2026 Released=03 Jul 2026
[2026-07-10 06:02:16] Updated row 220: ECO=CA90184HB Submitted=02 Jul 2026 Released=03 Jul 2026
[2026-07-10 06:02:17] Updated row 221: ECO=CA90182HB Submitted=01 Jul 2026 Released=03 Jul 2026
[2026-07-10 06:02:17] Updated row 222: ECO=CA90182HB Submitted=01 Jul 2026 Released=03 Jul 2026
[2026-07-10 06:02:17] Updated row 223: ECO=CA90182HB Submitted=01 Jul 2026 Released=03 Jul 2026
[2026-07-10 06:02:17] Updated row 224: ECO=CA90182HB Submitted=01 Jul 2026 Released=03 Jul 2026
[2026-07-10 06:02:18] Updated row 225: ECO=CA90177HB Submitted=01 Jul 2026 Released=03 Jul 2026
[2026-07-10 06:02:19] Updated row 226: ECO=CA90175HB Submitted=02 Jul 2026 Released=03 Jul 2026
[2026-07-10 06:02:21] Updated row 227: ECO=CA90178HB Submitted=01 Jul 2026 Released=03 Jul 2026
[2026-07-10 06:02:21] Updated row 228: ECO=CA90178HB Submitted=01 Jul 2026 Released=03 Jul 2026
[2026-07-10 06:02:21] Updated row 229: ECO=CA90178HB Submitted=01 Jul 2026 Released=03 Jul 2026
[2026-07-10 06:02:22] Updated row 230: ECO=CA90185HB Submitted=02 Jul 2026 Released=03 Jul 2026
[2026-07-10 06:02:23] Updated row 231: ECO=CA90186HB Submitted=02 Jul 2026 Released=03 Jul 2026
[2026-07-10 06:02:24] Updated row 232: ECO=CA90187HB Submitted=02 Jul 2026 Released=03 Jul 2026
[2026-07-10 06:02:24] Skipping row 233: ECO value is empty or not usable (NA).
[2026-07-10 06:02:25] Updated row 234: ECO=CA90217HB Submitted=09 Jul 2026 Released=None
[2026-07-10 06:02:26] Updated row 235: ECO=CA90226HB Submitted=06 Jul 2026 Released=08 Jul 2026
[2026-07-10 06:02:26] Updated row 236: ECO=CA90226HB Submitted=06 Jul 2026 Released=08 Jul 2026
[2026-07-10 06:02:26] Skipping row 237: ECO value is empty or not usable (N/A).
[2026-07-10 06:02:26] Skipping row 238: ECO value is empty or not usable (N/A).
[2026-07-10 06:02:26] Skipping row 239: ECO value is empty or not usable (N/A).
[2026-07-10 06:02:27] Updated row 240: ECO=CA90225HB Submitted=06 Jul 2026 Released=08 Jul 2026
[2026-07-10 06:02:28] Updated row 241: ECO=CA90224HB Submitted=07 Jul 2026 Released=08 Jul 2026
[2026-07-10 06:02:28] Skipping row 242: ECO value is empty or not usable (N/A).
[2026-07-10 06:02:28] Skipping row 243: ECO value is empty or not usable (N/A).
[2026-07-10 06:02:28] Skipping row 244: ECO value is empty or not usable (N/A).
[2026-07-10 06:02:29] Updated row 245: ECO=DSM26064 Submitted=06 Jul 2026 Released=08 Jul 2026
[2026-07-10 06:02:29] Updated row 246: ECO=DSM26064 Submitted=06 Jul 2026 Released=08 Jul 2026
[2026-07-10 06:02:29] Updated row 247: ECO=DSM26064 Submitted=06 Jul 2026 Released=08 Jul 2026
[2026-07-10 06:02:30] Updated row 248: ECO=DSM26063 Submitted=07 Jul 2026 Released=08 Jul 2026
[2026-07-10 06:02:30] Updated row 249: ECO=DSM26063 Submitted=07 Jul 2026 Released=08 Jul 2026
[2026-07-10 06:02:30] Updated row 250: ECO=DSM26063 Submitted=07 Jul 2026 Released=08 Jul 2026
[2026-07-10 06:02:30] Skipping row 251: ECO value is empty or not usable (N/A).
[2026-07-10 06:02:30] Skipping row 252: ECO value is empty or not usable (N/A).
[2026-07-10 06:02:30] Skipping row 253: ECO value is empty or not usable (blank).
[2026-07-10 06:02:30] Skipping row 254: ECO value is empty or not usable (blank).
[2026-07-10 06:02:30] Skipping row 255: ECO value is empty or not usable (blank).
[2026-07-10 06:02:30] Skipping row 256: ECO value is empty or not usable (blank).
[2026-07-10 06:02:30] Skipping row 257: ECO value is empty or not usable (blank).
[2026-07-10 06:02:30] Workbook looks free. Waiting 30 seconds for OneDrive to settle...
[2026-07-10 06:03:00] Saving workbook to C:\Users\kmageshkumar\OneDrive - Ichor Systems\AMAT SGP ECO Tracker.xlsx...
[2026-07-10 06:03:00] Workbook protection and editable-range metadata preserved.
[2026-07-10 06:03:00] Workbook save complete.
[2026-07-10 06:03:00] Workbook updated: C:\Users\kmageshkumar\OneDrive - Ichor Systems\AMAT SGP ECO Tracker.xlsx
[2026-07-10 06:03:00] Workbook looks free. Waiting 30 seconds for OneDrive to settle...
[2026-07-10 06:03:31] Skipping row 2: CRF value is empty or not usable (blank).
[2026-07-10 06:03:31] Workbook looks free. Waiting 30 seconds for OneDrive to settle...
[2026-07-10 06:04:01] Saving workbook to C:\Users\kmageshkumar\OneDrive - Ichor Systems\AMAT SGP CRF Tracker.xlsx...
[2026-07-10 06:04:01] Workbook protection and editable-range metadata preserved.
[2026-07-10 06:04:01] Workbook save complete.
[2026-07-10 06:04:01] CRF workbook updated: C:\Users\kmageshkumar\OneDrive - Ichor Systems\AMAT SGP CRF Tracker.xlsx
[2026-07-11 06:00:03] Workbook looks free. Waiting 30 seconds for OneDrive to settle...
[2026-07-11 06:00:36] Updated row 2: ECO=CA89812HB Submitted=17 Jun 2026 Released=18 Jun 2026
[2026-07-11 06:00:36] Updated row 3: ECO=CA89812HB Submitted=17 Jun 2026 Released=18 Jun 2026
[2026-07-11 06:00:37] Updated row 4: ECO=CA89800HB Submitted=17 Jun 2026 Released=18 Jun 2026
[2026-07-11 06:00:37] Updated row 5: ECO=CA89800HB Submitted=17 Jun 2026 Released=18 Jun 2026
[2026-07-11 06:00:37] Updated row 6: ECO=CA89800HB Submitted=17 Jun 2026 Released=18 Jun 2026
[2026-07-11 06:00:38] Updated row 7: ECO=CA89823HB Submitted=16 Jun 2026 Released=17 Jun 2026
[2026-07-11 06:00:39] Updated row 8: ECO=CA89799HB Submitted=17 Jun 2026 Released=18 Jun 2026
[2026-07-11 06:00:40] Updated row 9: ECO=CA89813HB Submitted=17 Jun 2026 Released=18 Jun 2026
[2026-07-11 06:00:41] Updated row 10: ECO=CA89819HB Submitted=16 Jun 2026 Released=17 Jun 2026
[2026-07-11 06:00:42] Updated row 11: ECO=CA89817HB Submitted=17 Jun 2026 Released=18 Jun 2026
[2026-07-11 06:00:43] Updated row 12: ECO=CA89801HB Submitted=17 Jun 2026 Released=18 Jun 2026
[2026-07-11 06:00:44] Updated row 13: ECO=CA89804HB Submitted=17 Jun 2026 Released=18 Jun 2026
[2026-07-11 06:00:45] Updated row 14: ECO=CA89818HB Submitted=17 Jun 2026 Released=18 Jun 2026
[2026-07-11 06:00:45] Skipping row 15: ECO value is empty or not usable (NA).
[2026-07-11 06:00:45] Skipping row 16: ECO value is empty or not usable (NA).
[2026-07-11 06:00:45] Skipping row 17: ECO value is empty or not usable (NA).
[2026-07-11 06:00:46] Updated row 18: ECO=CA89851HB Submitted=18 Jun 2026 Released=20 Jun 2026
[2026-07-11 06:00:46] Updated row 19: ECO=CA89851HB Submitted=18 Jun 2026 Released=20 Jun 2026
[2026-07-11 06:00:46] Updated row 20: ECO=CA89851HB Submitted=18 Jun 2026 Released=20 Jun 2026
[2026-07-11 06:00:47] Updated row 21: ECO=CA89905HB Submitted=20 Jun 2026 Released=23 Jun 2026
[2026-07-11 06:00:48] Updated row 22: ECO=CA89878HB Submitted=18 Jun 2026 Released=19 Jun 2026
[2026-07-11 06:00:48] Updated row 23: ECO=CA89878HB Submitted=18 Jun 2026 Released=19 Jun 2026
[2026-07-11 06:00:49] Updated row 24: ECO=CA89886HB Submitted=19 Jun 2026 Released=20 Jun 2026
[2026-07-11 06:00:50] Updated row 25: ECO=CA89881HB Submitted=19 Jun 2026 Released=20 Jun 2026
[2026-07-11 06:00:51] Updated row 26: ECO=CA89910HB Submitted=18 Jun 2026 Released=19 Jun 2026
[2026-07-11 06:00:51] Updated row 27: ECO=CA89910HB Submitted=18 Jun 2026 Released=19 Jun 2026
[2026-07-11 06:00:51] Updated row 28: ECO=CA89910HB Submitted=18 Jun 2026 Released=19 Jun 2026
[2026-07-11 06:00:52] Updated row 29: ECO=CA89966HB Submitted=23 Jun 2026 Released=25 Jun 2026
[2026-07-11 06:00:52] Updated row 30: ECO=CA89966HB Submitted=23 Jun 2026 Released=25 Jun 2026
[2026-07-11 06:00:53] Updated row 31: ECO=CA89497HB Submitted=30 May 2026 Released=02 Jun 2026
[2026-07-11 06:00:55] Updated row 32: ECO=CA90044HB Submitted=24 Jun 2026 Released=25 Jun 2026
[2026-07-11 06:00:55] Updated row 33: ECO=CA90044HB Submitted=24 Jun 2026 Released=25 Jun 2026
[2026-07-11 06:00:55] Updated row 34: ECO=CA90044HB Submitted=24 Jun 2026 Released=25 Jun 2026
[2026-07-11 06:00:55] Updated row 35: ECO=CA90044HB Submitted=24 Jun 2026 Released=25 Jun 2026
[2026-07-11 06:00:56] Updated row 36: ECO=DSM25989 Submitted=23 Jun 2026 Released=25 Jun 2026
[2026-07-11 06:00:56] Updated row 37: ECO=DSM25989 Submitted=23 Jun 2026 Released=25 Jun 2026
[2026-07-11 06:00:56] Updated row 38: ECO=DSM25989 Submitted=23 Jun 2026 Released=25 Jun 2026
[2026-07-11 06:00:57] Updated row 39: ECO=DSM26016 Submitted=25 Jun 2026 Released=26 Jun 2026
[2026-07-11 06:00:57] Updated row 40: ECO=DSM26016 Submitted=25 Jun 2026 Released=26 Jun 2026
[2026-07-11 06:00:57] Updated row 41: ECO=DSM26016 Submitted=25 Jun 2026 Released=26 Jun 2026
[2026-07-11 06:00:58] Updated row 42: ECO=DSM25993 Submitted=30 Jun 2026 Released=02 Jul 2026
[2026-07-11 06:00:58] Updated row 43: ECO=DSM25993 Submitted=30 Jun 2026 Released=02 Jul 2026
[2026-07-11 06:00:59] Updated row 44: ECO=DSM25983 Submitted=24 Jun 2026 Released=25 Jun 2026
[2026-07-11 06:00:59] Updated row 45: ECO=DSM25983 Submitted=24 Jun 2026 Released=25 Jun 2026
[2026-07-11 06:00:59] Updated row 46: ECO=DSM25983 Submitted=24 Jun 2026 Released=25 Jun 2026
[2026-07-11 06:01:00] Updated row 47: ECO=DSM25980 Submitted=24 Jun 2026 Released=25 Jun 2026
[2026-07-11 06:01:00] Updated row 48: ECO=DSM25980 Submitted=24 Jun 2026 Released=25 Jun 2026
[2026-07-11 06:01:00] Updated row 49: ECO=DSM25980 Submitted=24 Jun 2026 Released=25 Jun 2026
[2026-07-11 06:01:01] Updated row 50: ECO=DSM25982 Submitted=24 Jun 2026 Released=25 Jun 2026
[2026-07-11 06:01:01] Updated row 51: ECO=DSM25982 Submitted=24 Jun 2026 Released=25 Jun 2026
[2026-07-11 06:01:01] Updated row 52: ECO=DSM25982 Submitted=24 Jun 2026 Released=25 Jun 2026
[2026-07-11 06:01:02] Updated row 53: ECO=DSM25996 Submitted=24 Jun 2026 Released=25 Jun 2026
[2026-07-11 06:01:02] Updated row 54: ECO=DSM25996 Submitted=24 Jun 2026 Released=25 Jun 2026
[2026-07-11 06:01:02] Updated row 55: ECO=DSM25996 Submitted=24 Jun 2026 Released=25 Jun 2026
[2026-07-11 06:01:03] Updated row 56: ECO=DSM26004 Submitted=24 Jun 2026 Released=25 Jun 2026
[2026-07-11 06:01:04] Updated row 57: ECO=DSM26001 Submitted=24 Jun 2026 Released=25 Jun 2026
[2026-07-11 06:01:04] Updated row 58: ECO=DSM26001 Submitted=24 Jun 2026 Released=25 Jun 2026
[2026-07-11 06:01:04] Updated row 59: ECO=DSM26001 Submitted=24 Jun 2026 Released=25 Jun 2026
[2026-07-11 06:01:05] Updated row 60: ECO=DSM25998 Submitted=24 Jun 2026 Released=25 Jun 2026
[2026-07-11 06:01:06] Updated row 61: ECO=DSM25987 Submitted=23 Jun 2026 Released=25 Jun 2026
[2026-07-11 06:01:06] Updated row 62: ECO=DSM25987 Submitted=23 Jun 2026 Released=25 Jun 2026
[2026-07-11 06:01:06] Updated row 63: ECO=DSM25987 Submitted=23 Jun 2026 Released=25 Jun 2026
[2026-07-11 06:01:07] Updated row 64: ECO=DSM25990 Submitted=24 Jun 2026 Released=25 Jun 2026
[2026-07-11 06:01:08] Updated row 65: ECO=DSM25984 Submitted=23 Jun 2026 Released=25 Jun 2026
[2026-07-11 06:01:08] Updated row 66: ECO=DSM25984 Submitted=23 Jun 2026 Released=25 Jun 2026
[2026-07-11 06:01:08] Updated row 67: ECO=DSM25984 Submitted=23 Jun 2026 Released=25 Jun 2026
[2026-07-11 06:01:09] Updated row 68: ECO=DSM25986 Submitted=23 Jun 2026 Released=25 Jun 2026
[2026-07-11 06:01:10] Updated row 69: ECO=DSM25994 Submitted=23 Jun 2026 Released=25 Jun 2026
[2026-07-11 06:01:10] Updated row 70: ECO=DSM25994 Submitted=23 Jun 2026 Released=25 Jun 2026
[2026-07-11 06:01:10] Updated row 71: ECO=DSM25994 Submitted=23 Jun 2026 Released=25 Jun 2026
[2026-07-11 06:01:12] Updated row 72: ECO=DSM25995 Submitted=23 Jun 2026 Released=25 Jun 2026
[2026-07-11 06:01:12] Updated row 73: ECO=DSM25987 Submitted=23 Jun 2026 Released=25 Jun 2026
[2026-07-11 06:01:13] Updated row 74: ECO=DSM26002 Submitted=24 Jun 2026 Released=25 Jun 2026
[2026-07-11 06:01:14] Updated row 75: ECO=DSM26011 Submitted=26 Jun 2026 Released=30 Jun 2026
[2026-07-11 06:01:14] Updated row 76: ECO=DSM26011 Submitted=26 Jun 2026 Released=30 Jun 2026
[2026-07-11 06:01:14] Updated row 77: ECO=DSM26011 Submitted=26 Jun 2026 Released=30 Jun 2026
[2026-07-11 06:01:14] Updated row 78: ECO=DSM26011 Submitted=26 Jun 2026 Released=30 Jun 2026
[2026-07-11 06:01:14] Updated row 79: ECO=DSM26011 Submitted=26 Jun 2026 Released=30 Jun 2026
[2026-07-11 06:01:15] Updated row 80: ECO=DSM25991 Submitted=24 Jun 2026 Released=25 Jun 2026
[2026-07-11 06:01:17] Updated row 81: ECO=DSM26013 Submitted=25 Jun 2026 Released=26 Jun 2026
[2026-07-11 06:01:17] Updated row 82: ECO=DSM26013 Submitted=25 Jun 2026 Released=26 Jun 2026
[2026-07-11 06:01:17] Updated row 83: ECO=DSM26013 Submitted=25 Jun 2026 Released=26 Jun 2026
[2026-07-11 06:01:17] Updated row 84: ECO=DSM25988 Submitted=23 Jun 2026 Released=25 Jun 2026
[2026-07-11 06:01:18] Updated row 85: ECO=DSM26008 Submitted=24 Jun 2026 Released=26 Jun 2026
[2026-07-11 06:01:18] Updated row 86: ECO=DSM26008 Submitted=24 Jun 2026 Released=26 Jun 2026
[2026-07-11 06:01:18] Updated row 87: ECO=DSM26008 Submitted=24 Jun 2026 Released=26 Jun 2026
[2026-07-11 06:01:19] Updated row 88: ECO=DSM26003 Submitted=24 Jun 2026 Released=25 Jun 2026
[2026-07-11 06:01:20] Updated row 89: ECO=DSM26000 Submitted=24 Jun 2026 Released=25 Jun 2026
[2026-07-11 06:01:20] Updated row 90: ECO=DSM26000 Submitted=24 Jun 2026 Released=25 Jun 2026
[2026-07-11 06:01:20] Updated row 91: ECO=DSM26000 Submitted=24 Jun 2026 Released=25 Jun 2026
[2026-07-11 06:01:21] Updated row 92: ECO=DSM26005 Submitted=24 Jun 2026 Released=25 Jun 2026
[2026-07-11 06:01:22] Updated row 93: ECO=DSM26006 Submitted=24 Jun 2026 Released=25 Jun 2026
[2026-07-11 06:01:23] Updated row 94: ECO=CA90084HB Submitted=24 Jun 2026 Released=26 Jun 2026
[2026-07-11 06:01:24] Updated row 95: ECO=CA90087HB Submitted=25 Jun 2026 Released=26 Jun 2026
[2026-07-11 06:01:25] Updated row 96: ECO=CA90080HB Submitted=25 Jun 2026 Released=26 Jun 2026
[2026-07-11 06:01:25] Updated row 97: ECO=CA90080HB Submitted=25 Jun 2026 Released=26 Jun 2026
[2026-07-11 06:01:25] Updated row 98: ECO=CA90080HB Submitted=25 Jun 2026 Released=26 Jun 2026
[2026-07-11 06:01:25] Updated row 99: ECO=CA90080HB Submitted=25 Jun 2026 Released=26 Jun 2026
[2026-07-11 06:01:26] Updated row 100: ECO=CA90088HB Submitted=25 Jun 2026 Released=26 Jun 2026
[2026-07-11 06:01:27] Updated row 101: ECO=CA90075HB Submitted=27 Jun 2026 Released=30 Jun 2026
[2026-07-11 06:01:27] Updated row 102: ECO=CA90075HB Submitted=27 Jun 2026 Released=30 Jun 2026
[2026-07-11 06:01:27] Updated row 103: ECO=CA90075HB Submitted=27 Jun 2026 Released=30 Jun 2026
[2026-07-11 06:01:28] Updated row 104: ECO=CA90068HB Submitted=25 Jun 2026 Released=26 Jun 2026
[2026-07-11 06:01:28] Updated row 105: ECO=CA90068HB Submitted=25 Jun 2026 Released=26 Jun 2026
[2026-07-11 06:01:28] Updated row 106: ECO=CA90068HB Submitted=25 Jun 2026 Released=26 Jun 2026
[2026-07-11 06:01:28] Updated row 107: ECO=CA90068HB Submitted=25 Jun 2026 Released=26 Jun 2026
[2026-07-11 06:01:29] Updated row 108: ECO=CA90078HB Submitted=25 Jun 2026 Released=26 Jun 2026
[2026-07-11 06:01:30] Updated row 109: ECO=CA90083HB Submitted=25 Jun 2026 Released=26 Jun 2026
[2026-07-11 06:01:31] Updated row 110: ECO=CA90081HB Submitted=25 Jun 2026 Released=26 Jun 2026
[2026-07-11 06:01:32] Updated row 111: ECO=CA90082HB Submitted=25 Jun 2026 Released=26 Jun 2026
[2026-07-11 06:01:33] Updated row 112: ECO=CA90073HB Submitted=30 Jun 2026 Released=02 Jul 2026
[2026-07-11 06:01:34] Updated row 113: ECO=CA90070HB Submitted=25 Jun 2026 Released=25 Jun 2026
[2026-07-11 06:01:34] Updated row 114: ECO=CA90070HB Submitted=25 Jun 2026 Released=25 Jun 2026
[2026-07-11 06:01:34] Updated row 115: ECO=CA90070HB Submitted=25 Jun 2026 Released=25 Jun 2026
[2026-07-11 06:01:34] Updated row 116: ECO=CA90070HB Submitted=25 Jun 2026 Released=25 Jun 2026
[2026-07-11 06:01:35] Updated row 117: ECO=DSM26017 Submitted=25 Jun 2026 Released=26 Jun 2026
[2026-07-11 06:01:35] Updated row 118: ECO=DSM26017 Submitted=25 Jun 2026 Released=26 Jun 2026
[2026-07-11 06:01:35] Updated row 119: ECO=DSM26017 Submitted=25 Jun 2026 Released=26 Jun 2026
[2026-07-11 06:01:35] Skipping row 120: ECO value is empty or not usable (N/A).
[2026-07-11 06:01:36] Updated row 121: ECO=CA90109HB Submitted=25 Jun 2026 Released=26 Jun 2026
[2026-07-11 06:01:37] Updated row 122: ECO=CA90104HB Submitted=25 Jun 2026 Released=26 Jun 2026
[2026-07-11 06:01:37] Updated row 123: ECO=CA90104HB Submitted=25 Jun 2026 Released=26 Jun 2026
[2026-07-11 06:01:38] Updated row 124: ECO=CA90141HB Submitted=02 Jul 2026 Released=07 Jul 2026
[2026-07-11 06:01:39] Updated row 125: ECO=CA90142HB Submitted=02 Jul 2026 Released=07 Jul 2026
[2026-07-11 06:01:40] Updated row 126: ECO=CA90137HB Submitted=02 Jul 2026 Released=07 Jul 2026
[2026-07-11 06:01:41] Updated row 127: ECO=DSM26022 Submitted=02 Jul 2026 Released=03 Jul 2026
[2026-07-11 06:01:41] Updated row 128: ECO=DSM26022 Submitted=02 Jul 2026 Released=03 Jul 2026
[2026-07-11 06:01:41] Updated row 129: ECO=DSM26022 Submitted=02 Jul 2026 Released=03 Jul 2026
[2026-07-11 06:01:42] Updated row 130: ECO=DSM26023 Submitted=01 Jul 2026 Released=02 Jul 2026
[2026-07-11 06:01:42] Updated row 131: ECO=DSM26023 Submitted=01 Jul 2026 Released=02 Jul 2026
[2026-07-11 06:01:42] Updated row 132: ECO=DSM26023 Submitted=01 Jul 2026 Released=02 Jul 2026
[2026-07-11 06:01:43] Updated row 133: ECO=DSM26038 Submitted=01 Jul 2026 Released=02 Jul 2026
[2026-07-11 06:01:44] Updated row 134: ECO=DSM26040 Submitted=01 Jul 2026 Released=02 Jul 2026
[2026-07-11 06:01:44] Updated row 135: ECO=DSM26040 Submitted=01 Jul 2026 Released=02 Jul 2026
[2026-07-11 06:01:44] Updated row 136: ECO=DSM26040 Submitted=01 Jul 2026 Released=02 Jul 2026
[2026-07-11 06:01:45] Updated row 137: ECO=DSM26041 Submitted=01 Jul 2026 Released=02 Jul 2026
[2026-07-11 06:01:46] Updated row 138: ECO=DSM26024 Submitted=30 Jun 2026 Released=02 Jul 2026
[2026-07-11 06:01:47] Updated row 139: ECO=DSM26027 Submitted=30 Jun 2026 Released=02 Jul 2026
[2026-07-11 06:01:48] Updated row 140: ECO=DSM26045 Submitted=01 Jul 2026 Released=03 Jul 2026
[2026-07-11 06:01:48] Updated row 141: ECO=DSM26045 Submitted=01 Jul 2026 Released=03 Jul 2026
[2026-07-11 06:01:48] Updated row 142: ECO=DSM26045 Submitted=01 Jul 2026 Released=03 Jul 2026
[2026-07-11 06:01:49] Updated row 143: ECO=DSM26037 Submitted=03 Jul 2026 Released=07 Jul 2026
[2026-07-11 06:01:50] Updated row 144: ECO=DSM26036 Submitted=03 Jul 2026 Released=07 Jul 2026
[2026-07-11 06:01:50] Updated row 145: ECO=DSM26036 Submitted=03 Jul 2026 Released=07 Jul 2026
[2026-07-11 06:01:50] Updated row 146: ECO=DSM26037 Submitted=03 Jul 2026 Released=07 Jul 2026
[2026-07-11 06:01:50] Updated row 147: ECO=DSM26036 Submitted=03 Jul 2026 Released=07 Jul 2026
[2026-07-11 06:01:50] Updated row 148: ECO=DSM26037 Submitted=03 Jul 2026 Released=07 Jul 2026
[2026-07-11 06:01:51] Updated row 149: ECO=DSM26026 Submitted=02 Jul 2026 Released=07 Jul 2026
[2026-07-11 06:01:52] Updated row 150: ECO=DSM26028 Submitted=07 Jul 2026 Released=10 Jul 2026
[2026-07-11 06:01:53] Updated row 151: ECO=DSM26030 Submitted=07 Jul 2026 Released=10 Jul 2026
[2026-07-11 06:01:54] Updated row 152: ECO=DSM26033 Submitted=03 Jul 2026 Released=07 Jul 2026
[2026-07-11 06:01:54] Updated row 153: ECO=DSM26028 Submitted=07 Jul 2026 Released=10 Jul 2026
[2026-07-11 06:01:54] Updated row 154: ECO=DSM26030 Submitted=07 Jul 2026 Released=10 Jul 2026
[2026-07-11 06:01:54] Updated row 155: ECO=DSM26033 Submitted=03 Jul 2026 Released=07 Jul 2026
[2026-07-11 06:01:54] Updated row 156: ECO=DSM26033 Submitted=03 Jul 2026 Released=07 Jul 2026
[2026-07-11 06:01:54] Updated row 157: ECO=DSM26028 Submitted=07 Jul 2026 Released=10 Jul 2026
[2026-07-11 06:01:54] Updated row 158: ECO=DSM26030 Submitted=07 Jul 2026 Released=10 Jul 2026
[2026-07-11 06:01:55] Updated row 159: ECO=DSM26034 Submitted=01 Jul 2026 Released=02 Jul 2026
[2026-07-11 06:01:55] Updated row 160: ECO=DSM26034 Submitted=01 Jul 2026 Released=02 Jul 2026
[2026-07-11 06:01:55] Updated row 161: ECO=DSM26034 Submitted=01 Jul 2026 Released=02 Jul 2026
[2026-07-11 06:01:56] Updated row 162: ECO=DSM26035 Submitted=01 Jul 2026 Released=02 Jul 2026
[2026-07-11 06:01:57] Updated row 163: ECO=DSM26021 Submitted=02 Jul 2026 Released=03 Jul 2026
[2026-07-11 06:01:57] Updated row 164: ECO=DSM26035 Submitted=01 Jul 2026 Released=02 Jul 2026
[2026-07-11 06:01:57] Updated row 165: ECO=DSM26021 Submitted=02 Jul 2026 Released=03 Jul 2026
[2026-07-11 06:01:57] Updated row 166: ECO=DSM26035 Submitted=01 Jul 2026 Released=02 Jul 2026
[2026-07-11 06:01:57] Updated row 167: ECO=DSM26021 Submitted=02 Jul 2026 Released=03 Jul 2026
[2026-07-11 06:01:57] Updated row 168: ECO=DSM26035 Submitted=01 Jul 2026 Released=02 Jul 2026
[2026-07-11 06:01:57] Updated row 169: ECO=DSM26021 Submitted=02 Jul 2026 Released=03 Jul 2026
[2026-07-11 06:01:57] Updated row 170: ECO=DSM26035 Submitted=01 Jul 2026 Released=02 Jul 2026
[2026-07-11 06:01:57] Updated row 171: ECO=DSM26021 Submitted=02 Jul 2026 Released=03 Jul 2026
[2026-07-11 06:01:58] Updated row 172: ECO=DSM26025 Submitted=01 Jul 2026 Released=02 Jul 2026
[2026-07-11 06:01:58] Updated row 173: ECO=DSM26025 Submitted=01 Jul 2026 Released=02 Jul 2026
[2026-07-11 06:01:58] Updated row 174: ECO=DSM26025 Submitted=01 Jul 2026 Released=02 Jul 2026
[2026-07-11 06:01:59] Updated row 175: ECO=DSM26029 Submitted=02 Jul 2026 Released=03 Jul 2026
[2026-07-11 06:02:00] Updated row 176: ECO=DSM26031 Submitted=04 Jul 2026 Released=07 Jul 2026
[2026-07-11 06:02:01] Updated row 177: ECO=DSM26039 Submitted=03 Jul 2026 Released=07 Jul 2026
[2026-07-11 06:02:02] Updated row 178: ECO=DSM26043 Submitted=03 Jul 2026 Released=07 Jul 2026
[2026-07-11 06:02:03] Updated row 179: ECO=DSM26044 Submitted=03 Jul 2026 Released=07 Jul 2026
[2026-07-11 06:02:04] Updated row 180: ECO=DSM26042 Submitted=03 Jul 2026 Released=07 Jul 2026
[2026-07-11 06:02:04] Updated row 181: ECO=DSM26029 Submitted=02 Jul 2026 Released=03 Jul 2026
[2026-07-11 06:02:04] Updated row 182: ECO=DSM26031 Submitted=04 Jul 2026 Released=07 Jul 2026
[2026-07-11 06:02:04] Updated row 183: ECO=DSM26039 Submitted=03 Jul 2026 Released=07 Jul 2026
[2026-07-11 06:02:04] Updated row 184: ECO=DSM26043 Submitted=03 Jul 2026 Released=07 Jul 2026
[2026-07-11 06:02:04] Updated row 185: ECO=DSM26044 Submitted=03 Jul 2026 Released=07 Jul 2026
[2026-07-11 06:02:04] Updated row 186: ECO=DSM26042 Submitted=03 Jul 2026 Released=07 Jul 2026
[2026-07-11 06:02:04] Updated row 187: ECO=DSM26029 Submitted=02 Jul 2026 Released=03 Jul 2026
[2026-07-11 06:02:04] Updated row 188: ECO=DSM26031 Submitted=04 Jul 2026 Released=07 Jul 2026
[2026-07-11 06:02:04] Updated row 189: ECO=DSM26039 Submitted=03 Jul 2026 Released=07 Jul 2026
[2026-07-11 06:02:04] Updated row 190: ECO=DSM26043 Submitted=03 Jul 2026 Released=07 Jul 2026
[2026-07-11 06:02:04] Updated row 191: ECO=DSM26044 Submitted=03 Jul 2026 Released=07 Jul 2026
[2026-07-11 06:02:04] Updated row 192: ECO=DSM26042 Submitted=03 Jul 2026 Released=07 Jul 2026
[2026-07-11 06:02:05] Updated row 193: ECO=CA90162HB Submitted=01 Jul 2026 Released=02 Jul 2026
[2026-07-11 06:02:06] Updated row 194: ECO=CA90167HB Submitted=02 Jul 2026 Released=03 Jul 2026
[2026-07-11 06:02:07] Updated row 195: ECO=CA90173HB Submitted=03 Jul 2026 Released=07 Jul 2026
[2026-07-11 06:02:07] Updated row 196: ECO=CA90173HB Submitted=03 Jul 2026 Released=07 Jul 2026
[2026-07-11 06:02:07] Updated row 197: ECO=CA90173HB Submitted=03 Jul 2026 Released=07 Jul 2026
[2026-07-11 06:02:08] Updated row 198: ECO=CA90176HB Submitted=07 Jul 2026 Released=08 Jul 2026
[2026-07-11 06:02:08] Updated row 199: ECO=CA90176HB Submitted=07 Jul 2026 Released=08 Jul 2026
[2026-07-11 06:02:08] Updated row 200: ECO=CA90176HB Submitted=07 Jul 2026 Released=08 Jul 2026
[2026-07-11 06:02:09] Updated row 201: ECO=CA90181HB Submitted=07 Jul 2026 Released=10 Jul 2026
[2026-07-11 06:02:09] Updated row 202: ECO=CA90181HB Submitted=07 Jul 2026 Released=10 Jul 2026
[2026-07-11 06:02:09] Updated row 203: ECO=CA90181HB Submitted=07 Jul 2026 Released=10 Jul 2026
[2026-07-11 06:02:10] Updated row 204: ECO=CA90172HB Submitted=07 Jul 2026 Released=10 Jul 2026
[2026-07-11 06:02:10] Updated row 205: ECO=CA90172HB Submitted=07 Jul 2026 Released=10 Jul 2026
[2026-07-11 06:02:10] Updated row 206: ECO=CA90172HB Submitted=07 Jul 2026 Released=10 Jul 2026
[2026-07-11 06:02:11] Updated row 207: ECO=CA90174HB Submitted=07 Jul 2026 Released=10 Jul 2026
[2026-07-11 06:02:11] Updated row 208: ECO=CA90174HB Submitted=07 Jul 2026 Released=10 Jul 2026
[2026-07-11 06:02:11] Updated row 209: ECO=CA90174HB Submitted=07 Jul 2026 Released=10 Jul 2026
[2026-07-11 06:02:12] Updated row 210: ECO=CA90170HB Submitted=02 Jul 2026 Released=07 Jul 2026
[2026-07-11 06:02:12] Updated row 211: ECO=CA90170HB Submitted=02 Jul 2026 Released=07 Jul 2026
[2026-07-11 06:02:12] Updated row 212: ECO=CA90170HB Submitted=02 Jul 2026 Released=07 Jul 2026
[2026-07-11 06:02:13] Updated row 213: ECO=CA90171HB Submitted=07 Jul 2026 Released=10 Jul 2026
[2026-07-11 06:02:13] Updated row 214: ECO=CA90171HB Submitted=07 Jul 2026 Released=10 Jul 2026
[2026-07-11 06:02:13] Updated row 215: ECO=CA90171HB Submitted=07 Jul 2026 Released=10 Jul 2026
[2026-07-11 06:02:14] Updated row 216: ECO=CA90183HB Submitted=07 Jul 2026 Released=10 Jul 2026
[2026-07-11 06:02:14] Updated row 217: ECO=CA90183HB Submitted=07 Jul 2026 Released=10 Jul 2026
[2026-07-11 06:02:14] Updated row 218: ECO=CA90183HB Submitted=07 Jul 2026 Released=10 Jul 2026
[2026-07-11 06:02:15] Updated row 219: ECO=CA90184HB Submitted=02 Jul 2026 Released=03 Jul 2026
[2026-07-11 06:02:15] Updated row 220: ECO=CA90184HB Submitted=02 Jul 2026 Released=03 Jul 2026
[2026-07-11 06:02:16] Updated row 221: ECO=CA90182HB Submitted=01 Jul 2026 Released=03 Jul 2026
[2026-07-11 06:02:16] Updated row 222: ECO=CA90182HB Submitted=01 Jul 2026 Released=03 Jul 2026
[2026-07-11 06:02:16] Updated row 223: ECO=CA90182HB Submitted=01 Jul 2026 Released=03 Jul 2026
[2026-07-11 06:02:16] Updated row 224: ECO=CA90182HB Submitted=01 Jul 2026 Released=03 Jul 2026
[2026-07-11 06:02:17] Updated row 225: ECO=CA90177HB Submitted=01 Jul 2026 Released=03 Jul 2026
[2026-07-11 06:02:18] Updated row 226: ECO=CA90175HB Submitted=02 Jul 2026 Released=03 Jul 2026
[2026-07-11 06:02:19] Updated row 227: ECO=CA90178HB Submitted=01 Jul 2026 Released=03 Jul 2026
[2026-07-11 06:02:19] Updated row 228: ECO=CA90178HB Submitted=01 Jul 2026 Released=03 Jul 2026
[2026-07-11 06:02:19] Updated row 229: ECO=CA90178HB Submitted=01 Jul 2026 Released=03 Jul 2026
[2026-07-11 06:02:20] Updated row 230: ECO=CA90185HB Submitted=02 Jul 2026 Released=03 Jul 2026
[2026-07-11 06:02:21] Updated row 231: ECO=CA90186HB Submitted=02 Jul 2026 Released=03 Jul 2026
[2026-07-11 06:02:22] Updated row 232: ECO=CA90187HB Submitted=02 Jul 2026 Released=03 Jul 2026
[2026-07-11 06:02:22] Skipping row 233: ECO value is empty or not usable (NA).
[2026-07-11 06:02:23] Updated row 234: ECO=CA90217HB Submitted=09 Jul 2026 Released=None
[2026-07-11 06:02:24] Updated row 235: ECO=CA90226HB Submitted=06 Jul 2026 Released=08 Jul 2026
[2026-07-11 06:02:24] Updated row 236: ECO=CA90226HB Submitted=06 Jul 2026 Released=08 Jul 2026
[2026-07-11 06:02:24] Skipping row 237: ECO value is empty or not usable (N/A).
[2026-07-11 06:02:24] Skipping row 238: ECO value is empty or not usable (N/A).
[2026-07-11 06:02:24] Skipping row 239: ECO value is empty or not usable (N/A).
[2026-07-11 06:02:25] Updated row 240: ECO=CA90225HB Submitted=06 Jul 2026 Released=08 Jul 2026
[2026-07-11 06:02:26] Updated row 241: ECO=CA90224HB Submitted=07 Jul 2026 Released=08 Jul 2026
[2026-07-11 06:02:26] Skipping row 242: ECO value is empty or not usable (N/A).
[2026-07-11 06:02:26] Skipping row 243: ECO value is empty or not usable (N/A).
[2026-07-11 06:02:26] Skipping row 244: ECO value is empty or not usable (N/A).
[2026-07-11 06:02:27] Updated row 245: ECO=DSM26064 Submitted=06 Jul 2026 Released=08 Jul 2026
[2026-07-11 06:02:27] Updated row 246: ECO=DSM26064 Submitted=06 Jul 2026 Released=08 Jul 2026
[2026-07-11 06:02:27] Updated row 247: ECO=DSM26064 Submitted=06 Jul 2026 Released=08 Jul 2026
[2026-07-11 06:02:28] Updated row 248: ECO=DSM26063 Submitted=07 Jul 2026 Released=08 Jul 2026
[2026-07-11 06:02:28] Updated row 249: ECO=DSM26063 Submitted=07 Jul 2026 Released=08 Jul 2026
[2026-07-11 06:02:28] Updated row 250: ECO=DSM26063 Submitted=07 Jul 2026 Released=08 Jul 2026
[2026-07-11 06:02:28] Skipping row 251: ECO value is empty or not usable (N/A).
[2026-07-11 06:02:28] Skipping row 252: ECO value is empty or not usable (N/A).
[2026-07-11 06:02:28] Skipping row 253: ECO value is empty or not usable (N/A).
[2026-07-11 06:02:29] Updated row 254: ECO=CA90336HB Submitted=11 Jul 2026 Released=None
[2026-07-11 06:02:29] Updated row 255: ECO=CA90336HB Submitted=11 Jul 2026 Released=None
[2026-07-11 06:02:29] Updated row 256: ECO=CA90336HB Submitted=11 Jul 2026 Released=None
[2026-07-11 06:02:29] Updated row 257: ECO=CA90336HB Submitted=11 Jul 2026 Released=None
[2026-07-11 06:02:31] Row 258: ECO lookup failed for DSM26052; treating as not submitted yet. Could not find Submitted/Released workflow dates for DSM26052.
Tried classes=['Change', 'ECO', 'Change Orders'] tables=['History', 'Workflow', 'Workflow Status']
No matching workflow rows found.
[2026-07-11 06:02:31] Updated row 258: ECO=DSM26052 Submitted=None Released=None
[2026-07-11 06:02:31] Updated row 259: ECO=DSM26052 Submitted=None Released=None
[2026-07-11 06:02:31] Updated row 260: ECO=DSM26052 Submitted=None Released=None
[2026-07-11 06:02:31] Skipping row 261: ECO value is empty or not usable (blank).
[2026-07-11 06:02:31] Skipping row 262: ECO value is empty or not usable (blank).
[2026-07-11 06:02:31] Skipping row 263: ECO value is empty or not usable (blank).
[2026-07-11 06:02:32] Updated row 264: ECO=DSM26076 Submitted=11 Jul 2026 Released=None
[2026-07-11 06:02:32] Skipping row 265: ECO value is empty or not usable (blank).
[2026-07-11 06:02:32] Skipping row 266: ECO value is empty or not usable (blank).
[2026-07-11 06:02:32] Skipping row 267: ECO value is empty or not usable (blank).
[2026-07-11 06:02:32] Skipping row 268: ECO value is empty or not usable (blank).
[2026-07-11 06:02:32] Skipping row 269: ECO value is empty or not usable (blank).
[2026-07-11 06:02:32] Workbook looks free. Waiting 30 seconds for OneDrive to settle...
[2026-07-11 06:03:02] Saving workbook to C:\Users\kmageshkumar\OneDrive - Ichor Systems\AMAT SGP ECO Tracker.xlsx...
[2026-07-11 06:03:02] Workbook protection and editable-range metadata preserved.
[2026-07-11 06:03:02] Workbook save complete.
[2026-07-11 06:03:02] Workbook updated: C:\Users\kmageshkumar\OneDrive - Ichor Systems\AMAT SGP ECO Tracker.xlsx
[2026-07-11 06:03:02] Workbook looks free. Waiting 30 seconds for OneDrive to settle...
[2026-07-11 06:03:34] Skipping row 2: CRF value is empty or not usable (blank).
[2026-07-11 06:03:34] Workbook looks free. Waiting 30 seconds for OneDrive to settle...
[2026-07-11 06:04:04] Saving workbook to C:\Users\kmageshkumar\OneDrive - Ichor Systems\AMAT SGP CRF Tracker.xlsx...
[2026-07-11 06:04:04] Workbook protection and editable-range metadata preserved.
[2026-07-11 06:04:04] Workbook save complete.
[2026-07-11 06:04:04] CRF workbook updated: C:\Users\kmageshkumar\OneDrive - Ichor Systems\AMAT SGP CRF Tracker.xlsx
[2026-07-12 06:00:03] Workbook looks free. Waiting 30 seconds for OneDrive to settle...
[2026-07-12 06:00:37] Updated row 2: ECO=CA89812HB Submitted=17 Jun 2026 Released=18 Jun 2026
[2026-07-12 06:00:37] Updated row 3: ECO=CA89812HB Submitted=17 Jun 2026 Released=18 Jun 2026
[2026-07-12 06:00:38] Updated row 4: ECO=CA89800HB Submitted=17 Jun 2026 Released=18 Jun 2026
[2026-07-12 06:00:38] Updated row 5: ECO=CA89800HB Submitted=17 Jun 2026 Released=18 Jun 2026
[2026-07-12 06:00:38] Updated row 6: ECO=CA89800HB Submitted=17 Jun 2026 Released=18 Jun 2026
[2026-07-12 06:00:39] Updated row 7: ECO=CA89823HB Submitted=16 Jun 2026 Released=17 Jun 2026
[2026-07-12 06:00:40] Updated row 8: ECO=CA89799HB Submitted=17 Jun 2026 Released=18 Jun 2026
[2026-07-12 06:00:41] Updated row 9: ECO=CA89813HB Submitted=17 Jun 2026 Released=18 Jun 2026
[2026-07-12 06:00:42] Updated row 10: ECO=CA89819HB Submitted=16 Jun 2026 Released=17 Jun 2026
[2026-07-12 06:00:43] Updated row 11: ECO=CA89817HB Submitted=17 Jun 2026 Released=18 Jun 2026
[2026-07-12 06:00:44] Updated row 12: ECO=CA89801HB Submitted=17 Jun 2026 Released=18 Jun 2026
[2026-07-12 06:00:45] Updated row 13: ECO=CA89804HB Submitted=17 Jun 2026 Released=18 Jun 2026
[2026-07-12 06:00:46] Updated row 14: ECO=CA89818HB Submitted=17 Jun 2026 Released=18 Jun 2026
[2026-07-12 06:00:46] Skipping row 15: ECO value is empty or not usable (NA).
[2026-07-12 06:00:46] Skipping row 16: ECO value is empty or not usable (NA).
[2026-07-12 06:00:46] Skipping row 17: ECO value is empty or not usable (NA).
[2026-07-12 06:00:47] Updated row 18: ECO=CA89851HB Submitted=18 Jun 2026 Released=20 Jun 2026
[2026-07-12 06:00:48] Updated row 19: ECO=CA89851HB Submitted=18 Jun 2026 Released=20 Jun 2026
[2026-07-12 06:00:48] Updated row 20: ECO=CA89851HB Submitted=18 Jun 2026 Released=20 Jun 2026
[2026-07-12 06:00:49] Updated row 21: ECO=CA89905HB Submitted=20 Jun 2026 Released=23 Jun 2026
[2026-07-12 06:00:50] Updated row 22: ECO=CA89878HB Submitted=18 Jun 2026 Released=19 Jun 2026
[2026-07-12 06:00:50] Updated row 23: ECO=CA89878HB Submitted=18 Jun 2026 Released=19 Jun 2026
[2026-07-12 06:00:51] Updated row 24: ECO=CA89886HB Submitted=19 Jun 2026 Released=20 Jun 2026
[2026-07-12 06:00:52] Updated row 25: ECO=CA89881HB Submitted=19 Jun 2026 Released=20 Jun 2026
[2026-07-12 06:00:53] Updated row 26: ECO=CA89910HB Submitted=18 Jun 2026 Released=19 Jun 2026
[2026-07-12 06:00:53] Updated row 27: ECO=CA89910HB Submitted=18 Jun 2026 Released=19 Jun 2026
[2026-07-12 06:00:53] Updated row 28: ECO=CA89910HB Submitted=18 Jun 2026 Released=19 Jun 2026
[2026-07-12 06:00:54] Updated row 29: ECO=CA89966HB Submitted=23 Jun 2026 Released=25 Jun 2026
[2026-07-12 06:00:54] Updated row 30: ECO=CA89966HB Submitted=23 Jun 2026 Released=25 Jun 2026
[2026-07-12 06:00:55] Updated row 31: ECO=CA89497HB Submitted=30 May 2026 Released=02 Jun 2026
[2026-07-12 06:00:57] Updated row 32: ECO=CA90044HB Submitted=24 Jun 2026 Released=25 Jun 2026
[2026-07-12 06:00:57] Updated row 33: ECO=CA90044HB Submitted=24 Jun 2026 Released=25 Jun 2026
[2026-07-12 06:00:57] Updated row 34: ECO=CA90044HB Submitted=24 Jun 2026 Released=25 Jun 2026
[2026-07-12 06:00:57] Updated row 35: ECO=CA90044HB Submitted=24 Jun 2026 Released=25 Jun 2026
[2026-07-12 06:00:58] Updated row 36: ECO=DSM25989 Submitted=23 Jun 2026 Released=25 Jun 2026
[2026-07-12 06:00:58] Updated row 37: ECO=DSM25989 Submitted=23 Jun 2026 Released=25 Jun 2026
[2026-07-12 06:00:58] Updated row 38: ECO=DSM25989 Submitted=23 Jun 2026 Released=25 Jun 2026
[2026-07-12 06:00:59] Updated row 39: ECO=DSM26016 Submitted=25 Jun 2026 Released=26 Jun 2026
[2026-07-12 06:00:59] Updated row 40: ECO=DSM26016 Submitted=25 Jun 2026 Released=26 Jun 2026
[2026-07-12 06:00:59] Updated row 41: ECO=DSM26016 Submitted=25 Jun 2026 Released=26 Jun 2026
[2026-07-12 06:01:00] Updated row 42: ECO=DSM25993 Submitted=30 Jun 2026 Released=02 Jul 2026
[2026-07-12 06:01:00] Updated row 43: ECO=DSM25993 Submitted=30 Jun 2026 Released=02 Jul 2026
[2026-07-12 06:01:02] Updated row 44: ECO=DSM25983 Submitted=24 Jun 2026 Released=25 Jun 2026
[2026-07-12 06:01:02] Updated row 45: ECO=DSM25983 Submitted=24 Jun 2026 Released=25 Jun 2026
[2026-07-12 06:01:02] Updated row 46: ECO=DSM25983 Submitted=24 Jun 2026 Released=25 Jun 2026
[2026-07-12 06:01:03] Updated row 47: ECO=DSM25980 Submitted=24 Jun 2026 Released=25 Jun 2026
[2026-07-12 06:01:03] Updated row 48: ECO=DSM25980 Submitted=24 Jun 2026 Released=25 Jun 2026
[2026-07-12 06:01:03] Updated row 49: ECO=DSM25980 Submitted=24 Jun 2026 Released=25 Jun 2026
[2026-07-12 06:01:04] Updated row 50: ECO=DSM25982 Submitted=24 Jun 2026 Released=25 Jun 2026
[2026-07-12 06:01:04] Updated row 51: ECO=DSM25982 Submitted=24 Jun 2026 Released=25 Jun 2026
[2026-07-12 06:01:04] Updated row 52: ECO=DSM25982 Submitted=24 Jun 2026 Released=25 Jun 2026
[2026-07-12 06:01:05] Updated row 53: ECO=DSM25996 Submitted=24 Jun 2026 Released=25 Jun 2026
[2026-07-12 06:01:05] Updated row 54: ECO=DSM25996 Submitted=24 Jun 2026 Released=25 Jun 2026
[2026-07-12 06:01:05] Updated row 55: ECO=DSM25996 Submitted=24 Jun 2026 Released=25 Jun 2026
[2026-07-12 06:01:06] Updated row 56: ECO=DSM26004 Submitted=24 Jun 2026 Released=25 Jun 2026
[2026-07-12 06:01:08] Updated row 57: ECO=DSM26001 Submitted=24 Jun 2026 Released=25 Jun 2026
[2026-07-12 06:01:08] Updated row 58: ECO=DSM26001 Submitted=24 Jun 2026 Released=25 Jun 2026
[2026-07-12 06:01:08] Updated row 59: ECO=DSM26001 Submitted=24 Jun 2026 Released=25 Jun 2026
[2026-07-12 06:01:09] Updated row 60: ECO=DSM25998 Submitted=24 Jun 2026 Released=25 Jun 2026
[2026-07-12 06:01:10] Updated row 61: ECO=DSM25987 Submitted=23 Jun 2026 Released=25 Jun 2026
[2026-07-12 06:01:10] Updated row 62: ECO=DSM25987 Submitted=23 Jun 2026 Released=25 Jun 2026
[2026-07-12 06:01:10] Updated row 63: ECO=DSM25987 Submitted=23 Jun 2026 Released=25 Jun 2026
[2026-07-12 06:01:11] Updated row 64: ECO=DSM25990 Submitted=24 Jun 2026 Released=25 Jun 2026
[2026-07-12 06:01:12] Updated row 65: ECO=DSM25984 Submitted=23 Jun 2026 Released=25 Jun 2026
[2026-07-12 06:01:12] Updated row 66: ECO=DSM25984 Submitted=23 Jun 2026 Released=25 Jun 2026
[2026-07-12 06:01:12] Updated row 67: ECO=DSM25984 Submitted=23 Jun 2026 Released=25 Jun 2026
[2026-07-12 06:01:14] Updated row 68: ECO=DSM25986 Submitted=23 Jun 2026 Released=25 Jun 2026
[2026-07-12 06:01:15] Updated row 69: ECO=DSM25994 Submitted=23 Jun 2026 Released=25 Jun 2026
[2026-07-12 06:01:15] Updated row 70: ECO=DSM25994 Submitted=23 Jun 2026 Released=25 Jun 2026
[2026-07-12 06:01:15] Updated row 71: ECO=DSM25994 Submitted=23 Jun 2026 Released=25 Jun 2026
[2026-07-12 06:01:16] Updated row 72: ECO=DSM25995 Submitted=23 Jun 2026 Released=25 Jun 2026
[2026-07-12 06:01:16] Updated row 73: ECO=DSM25987 Submitted=23 Jun 2026 Released=25 Jun 2026
[2026-07-12 06:01:17] Updated row 74: ECO=DSM26002 Submitted=24 Jun 2026 Released=25 Jun 2026
[2026-07-12 06:01:18] Updated row 75: ECO=DSM26011 Submitted=26 Jun 2026 Released=30 Jun 2026
[2026-07-12 06:01:18] Updated row 76: ECO=DSM26011 Submitted=26 Jun 2026 Released=30 Jun 2026
[2026-07-12 06:01:18] Updated row 77: ECO=DSM26011 Submitted=26 Jun 2026 Released=30 Jun 2026
[2026-07-12 06:01:18] Updated row 78: ECO=DSM26011 Submitted=26 Jun 2026 Released=30 Jun 2026
[2026-07-12 06:01:18] Updated row 79: ECO=DSM26011 Submitted=26 Jun 2026 Released=30 Jun 2026
[2026-07-12 06:01:19] Updated row 80: ECO=DSM25991 Submitted=24 Jun 2026 Released=25 Jun 2026
[2026-07-12 06:01:20] Updated row 81: ECO=DSM26013 Submitted=25 Jun 2026 Released=26 Jun 2026
[2026-07-12 06:01:20] Updated row 82: ECO=DSM26013 Submitted=25 Jun 2026 Released=26 Jun 2026
[2026-07-12 06:01:20] Updated row 83: ECO=DSM26013 Submitted=25 Jun 2026 Released=26 Jun 2026
[2026-07-12 06:01:21] Updated row 84: ECO=DSM25988 Submitted=23 Jun 2026 Released=25 Jun 2026
[2026-07-12 06:01:23] Updated row 85: ECO=DSM26008 Submitted=24 Jun 2026 Released=26 Jun 2026
[2026-07-12 06:01:23] Updated row 86: ECO=DSM26008 Submitted=24 Jun 2026 Released=26 Jun 2026
[2026-07-12 06:01:23] Updated row 87: ECO=DSM26008 Submitted=24 Jun 2026 Released=26 Jun 2026
[2026-07-12 06:01:24] Updated row 88: ECO=DSM26003 Submitted=24 Jun 2026 Released=25 Jun 2026
[2026-07-12 06:01:25] Updated row 89: ECO=DSM26000 Submitted=24 Jun 2026 Released=25 Jun 2026
[2026-07-12 06:01:25] Updated row 90: ECO=DSM26000 Submitted=24 Jun 2026 Released=25 Jun 2026
[2026-07-12 06:01:25] Updated row 91: ECO=DSM26000 Submitted=24 Jun 2026 Released=25 Jun 2026
[2026-07-12 06:01:26] Updated row 92: ECO=DSM26005 Submitted=24 Jun 2026 Released=25 Jun 2026
[2026-07-12 06:01:27] Updated row 93: ECO=DSM26006 Submitted=24 Jun 2026 Released=25 Jun 2026
[2026-07-12 06:01:28] Updated row 94: ECO=CA90084HB Submitted=24 Jun 2026 Released=26 Jun 2026
[2026-07-12 06:01:29] Updated row 95: ECO=CA90087HB Submitted=25 Jun 2026 Released=26 Jun 2026
[2026-07-12 06:01:30] Updated row 96: ECO=CA90080HB Submitted=25 Jun 2026 Released=26 Jun 2026
[2026-07-12 06:01:30] Updated row 97: ECO=CA90080HB Submitted=25 Jun 2026 Released=26 Jun 2026
[2026-07-12 06:01:30] Updated row 98: ECO=CA90080HB Submitted=25 Jun 2026 Released=26 Jun 2026
[2026-07-12 06:01:30] Updated row 99: ECO=CA90080HB Submitted=25 Jun 2026 Released=26 Jun 2026
[2026-07-12 06:01:31] Updated row 100: ECO=CA90088HB Submitted=25 Jun 2026 Released=26 Jun 2026
[2026-07-12 06:01:32] Updated row 101: ECO=CA90075HB Submitted=27 Jun 2026 Released=30 Jun 2026
[2026-07-12 06:01:32] Updated row 102: ECO=CA90075HB Submitted=27 Jun 2026 Released=30 Jun 2026
[2026-07-12 06:01:32] Updated row 103: ECO=CA90075HB Submitted=27 Jun 2026 Released=30 Jun 2026
[2026-07-12 06:01:33] Updated row 104: ECO=CA90068HB Submitted=25 Jun 2026 Released=26 Jun 2026
[2026-07-12 06:01:33] Updated row 105: ECO=CA90068HB Submitted=25 Jun 2026 Released=26 Jun 2026
[2026-07-12 06:01:33] Updated row 106: ECO=CA90068HB Submitted=25 Jun 2026 Released=26 Jun 2026
[2026-07-12 06:01:33] Updated row 107: ECO=CA90068HB Submitted=25 Jun 2026 Released=26 Jun 2026
[2026-07-12 06:01:34] Updated row 108: ECO=CA90078HB Submitted=25 Jun 2026 Released=26 Jun 2026
[2026-07-12 06:01:35] Updated row 109: ECO=CA90083HB Submitted=25 Jun 2026 Released=26 Jun 2026
[2026-07-12 06:01:36] Updated row 110: ECO=CA90081HB Submitted=25 Jun 2026 Released=26 Jun 2026
[2026-07-12 06:01:37] Updated row 111: ECO=CA90082HB Submitted=25 Jun 2026 Released=26 Jun 2026
[2026-07-12 06:01:38] Updated row 112: ECO=CA90073HB Submitted=30 Jun 2026 Released=02 Jul 2026
[2026-07-12 06:01:39] Updated row 113: ECO=CA90070HB Submitted=25 Jun 2026 Released=25 Jun 2026
[2026-07-12 06:01:39] Updated row 114: ECO=CA90070HB Submitted=25 Jun 2026 Released=25 Jun 2026
[2026-07-12 06:01:39] Updated row 115: ECO=CA90070HB Submitted=25 Jun 2026 Released=25 Jun 2026
[2026-07-12 06:01:39] Updated row 116: ECO=CA90070HB Submitted=25 Jun 2026 Released=25 Jun 2026
[2026-07-12 06:01:40] Updated row 117: ECO=DSM26017 Submitted=25 Jun 2026 Released=26 Jun 2026
[2026-07-12 06:01:40] Updated row 118: ECO=DSM26017 Submitted=25 Jun 2026 Released=26 Jun 2026
[2026-07-12 06:01:40] Updated row 119: ECO=DSM26017 Submitted=25 Jun 2026 Released=26 Jun 2026
[2026-07-12 06:01:40] Skipping row 120: ECO value is empty or not usable (N/A).
[2026-07-12 06:01:41] Updated row 121: ECO=CA90109HB Submitted=25 Jun 2026 Released=26 Jun 2026
[2026-07-12 06:01:42] Updated row 122: ECO=CA90104HB Submitted=25 Jun 2026 Released=26 Jun 2026
[2026-07-12 06:01:42] Updated row 123: ECO=CA90104HB Submitted=25 Jun 2026 Released=26 Jun 2026
[2026-07-12 06:01:43] Updated row 124: ECO=CA90141HB Submitted=02 Jul 2026 Released=07 Jul 2026
[2026-07-12 06:01:44] Updated row 125: ECO=CA90142HB Submitted=02 Jul 2026 Released=07 Jul 2026
[2026-07-12 06:01:45] Updated row 126: ECO=CA90137HB Submitted=02 Jul 2026 Released=07 Jul 2026
[2026-07-12 06:01:47] Updated row 127: ECO=DSM26022 Submitted=02 Jul 2026 Released=03 Jul 2026
[2026-07-12 06:01:47] Updated row 128: ECO=DSM26022 Submitted=02 Jul 2026 Released=03 Jul 2026
[2026-07-12 06:01:47] Updated row 129: ECO=DSM26022 Submitted=02 Jul 2026 Released=03 Jul 2026
[2026-07-12 06:01:48] Updated row 130: ECO=DSM26023 Submitted=01 Jul 2026 Released=02 Jul 2026
[2026-07-12 06:01:48] Updated row 131: ECO=DSM26023 Submitted=01 Jul 2026 Released=02 Jul 2026
[2026-07-12 06:01:48] Updated row 132: ECO=DSM26023 Submitted=01 Jul 2026 Released=02 Jul 2026
[2026-07-12 06:01:49] Updated row 133: ECO=DSM26038 Submitted=01 Jul 2026 Released=02 Jul 2026
[2026-07-12 06:01:50] Updated row 134: ECO=DSM26040 Submitted=01 Jul 2026 Released=02 Jul 2026
[2026-07-12 06:01:50] Updated row 135: ECO=DSM26040 Submitted=01 Jul 2026 Released=02 Jul 2026
[2026-07-12 06:01:50] Updated row 136: ECO=DSM26040 Submitted=01 Jul 2026 Released=02 Jul 2026
[2026-07-12 06:01:51] Updated row 137: ECO=DSM26041 Submitted=01 Jul 2026 Released=02 Jul 2026
[2026-07-12 06:01:52] Updated row 138: ECO=DSM26024 Submitted=30 Jun 2026 Released=02 Jul 2026
[2026-07-12 06:01:53] Updated row 139: ECO=DSM26027 Submitted=30 Jun 2026 Released=02 Jul 2026
[2026-07-12 06:01:54] Updated row 140: ECO=DSM26045 Submitted=01 Jul 2026 Released=03 Jul 2026
[2026-07-12 06:01:54] Updated row 141: ECO=DSM26045 Submitted=01 Jul 2026 Released=03 Jul 2026
[2026-07-12 06:01:54] Updated row 142: ECO=DSM26045 Submitted=01 Jul 2026 Released=03 Jul 2026
[2026-07-12 06:01:55] Updated row 143: ECO=DSM26037 Submitted=03 Jul 2026 Released=07 Jul 2026
[2026-07-12 06:01:56] Updated row 144: ECO=DSM26036 Submitted=03 Jul 2026 Released=07 Jul 2026
[2026-07-12 06:01:56] Updated row 145: ECO=DSM26036 Submitted=03 Jul 2026 Released=07 Jul 2026
[2026-07-12 06:01:56] Updated row 146: ECO=DSM26037 Submitted=03 Jul 2026 Released=07 Jul 2026
[2026-07-12 06:01:56] Updated row 147: ECO=DSM26036 Submitted=03 Jul 2026 Released=07 Jul 2026
[2026-07-12 06:01:56] Updated row 148: ECO=DSM26037 Submitted=03 Jul 2026 Released=07 Jul 2026
[2026-07-12 06:01:57] Updated row 149: ECO=DSM26026 Submitted=02 Jul 2026 Released=07 Jul 2026
[2026-07-12 06:01:58] Updated row 150: ECO=DSM26028 Submitted=07 Jul 2026 Released=10 Jul 2026
[2026-07-12 06:01:59] Updated row 151: ECO=DSM26030 Submitted=07 Jul 2026 Released=10 Jul 2026
[2026-07-12 06:02:00] Updated row 152: ECO=DSM26033 Submitted=03 Jul 2026 Released=07 Jul 2026
[2026-07-12 06:02:00] Updated row 153: ECO=DSM26028 Submitted=07 Jul 2026 Released=10 Jul 2026
[2026-07-12 06:02:00] Updated row 154: ECO=DSM26030 Submitted=07 Jul 2026 Released=10 Jul 2026
[2026-07-12 06:02:00] Updated row 155: ECO=DSM26033 Submitted=03 Jul 2026 Released=07 Jul 2026
[2026-07-12 06:02:00] Updated row 156: ECO=DSM26033 Submitted=03 Jul 2026 Released=07 Jul 2026
[2026-07-12 06:02:00] Updated row 157: ECO=DSM26028 Submitted=07 Jul 2026 Released=10 Jul 2026
[2026-07-12 06:02:00] Updated row 158: ECO=DSM26030 Submitted=07 Jul 2026 Released=10 Jul 2026
[2026-07-12 06:02:01] Updated row 159: ECO=DSM26034 Submitted=01 Jul 2026 Released=02 Jul 2026
[2026-07-12 06:02:01] Updated row 160: ECO=DSM26034 Submitted=01 Jul 2026 Released=02 Jul 2026
[2026-07-12 06:02:01] Updated row 161: ECO=DSM26034 Submitted=01 Jul 2026 Released=02 Jul 2026
[2026-07-12 06:02:02] Updated row 162: ECO=DSM26035 Submitted=01 Jul 2026 Released=02 Jul 2026
[2026-07-12 06:02:03] Updated row 163: ECO=DSM26021 Submitted=02 Jul 2026 Released=03 Jul 2026
[2026-07-12 06:02:03] Updated row 164: ECO=DSM26035 Submitted=01 Jul 2026 Released=02 Jul 2026
[2026-07-12 06:02:03] Updated row 165: ECO=DSM26021 Submitted=02 Jul 2026 Released=03 Jul 2026
[2026-07-12 06:02:03] Updated row 166: ECO=DSM26035 Submitted=01 Jul 2026 Released=02 Jul 2026
[2026-07-12 06:02:03] Updated row 167: ECO=DSM26021 Submitted=02 Jul 2026 Released=03 Jul 2026
[2026-07-12 06:02:03] Updated row 168: ECO=DSM26035 Submitted=01 Jul 2026 Released=02 Jul 2026
[2026-07-12 06:02:03] Updated row 169: ECO=DSM26021 Submitted=02 Jul 2026 Released=03 Jul 2026
[2026-07-12 06:02:03] Updated row 170: ECO=DSM26035 Submitted=01 Jul 2026 Released=02 Jul 2026
[2026-07-12 06:02:03] Updated row 171: ECO=DSM26021 Submitted=02 Jul 2026 Released=03 Jul 2026
[2026-07-12 06:02:04] Updated row 172: ECO=DSM26025 Submitted=01 Jul 2026 Released=02 Jul 2026
[2026-07-12 06:02:04] Updated row 173: ECO=DSM26025 Submitted=01 Jul 2026 Released=02 Jul 2026
[2026-07-12 06:02:04] Updated row 174: ECO=DSM26025 Submitted=01 Jul 2026 Released=02 Jul 2026
[2026-07-12 06:02:05] Updated row 175: ECO=DSM26029 Submitted=02 Jul 2026 Released=03 Jul 2026
[2026-07-12 06:02:06] Updated row 176: ECO=DSM26031 Submitted=04 Jul 2026 Released=07 Jul 2026
[2026-07-12 06:02:07] Updated row 177: ECO=DSM26039 Submitted=03 Jul 2026 Released=07 Jul 2026
[2026-07-12 06:02:08] Updated row 178: ECO=DSM26043 Submitted=03 Jul 2026 Released=07 Jul 2026
[2026-07-12 06:02:09] Updated row 179: ECO=DSM26044 Submitted=03 Jul 2026 Released=07 Jul 2026
[2026-07-12 06:02:10] Updated row 180: ECO=DSM26042 Submitted=03 Jul 2026 Released=07 Jul 2026
[2026-07-12 06:02:10] Updated row 181: ECO=DSM26029 Submitted=02 Jul 2026 Released=03 Jul 2026
[2026-07-12 06:02:10] Updated row 182: ECO=DSM26031 Submitted=04 Jul 2026 Released=07 Jul 2026
[2026-07-12 06:02:10] Updated row 183: ECO=DSM26039 Submitted=03 Jul 2026 Released=07 Jul 2026
[2026-07-12 06:02:10] Updated row 184: ECO=DSM26043 Submitted=03 Jul 2026 Released=07 Jul 2026
[2026-07-12 06:02:10] Updated row 185: ECO=DSM26044 Submitted=03 Jul 2026 Released=07 Jul 2026
[2026-07-12 06:02:10] Updated row 186: ECO=DSM26042 Submitted=03 Jul 2026 Released=07 Jul 2026
[2026-07-12 06:02:10] Updated row 187: ECO=DSM26029 Submitted=02 Jul 2026 Released=03 Jul 2026
[2026-07-12 06:02:10] Updated row 188: ECO=DSM26031 Submitted=04 Jul 2026 Released=07 Jul 2026
[2026-07-12 06:02:10] Updated row 189: ECO=DSM26039 Submitted=03 Jul 2026 Released=07 Jul 2026
[2026-07-12 06:02:10] Updated row 190: ECO=DSM26043 Submitted=03 Jul 2026 Released=07 Jul 2026
[2026-07-12 06:02:10] Updated row 191: ECO=DSM26044 Submitted=03 Jul 2026 Released=07 Jul 2026
[2026-07-12 06:02:10] Updated row 192: ECO=DSM26042 Submitted=03 Jul 2026 Released=07 Jul 2026
[2026-07-12 06:02:11] Updated row 193: ECO=CA90162HB Submitted=01 Jul 2026 Released=02 Jul 2026
[2026-07-12 06:02:12] Updated row 194: ECO=CA90167HB Submitted=02 Jul 2026 Released=03 Jul 2026
[2026-07-12 06:02:13] Updated row 195: ECO=CA90173HB Submitted=03 Jul 2026 Released=07 Jul 2026
[2026-07-12 06:02:13] Updated row 196: ECO=CA90173HB Submitted=03 Jul 2026 Released=07 Jul 2026
[2026-07-12 06:02:13] Updated row 197: ECO=CA90173HB Submitted=03 Jul 2026 Released=07 Jul 2026
[2026-07-12 06:02:14] Updated row 198: ECO=CA90176HB Submitted=07 Jul 2026 Released=08 Jul 2026
[2026-07-12 06:02:14] Updated row 199: ECO=CA90176HB Submitted=07 Jul 2026 Released=08 Jul 2026
[2026-07-12 06:02:14] Updated row 200: ECO=CA90176HB Submitted=07 Jul 2026 Released=08 Jul 2026
[2026-07-12 06:02:15] Updated row 201: ECO=CA90181HB Submitted=07 Jul 2026 Released=10 Jul 2026
[2026-07-12 06:02:15] Updated row 202: ECO=CA90181HB Submitted=07 Jul 2026 Released=10 Jul 2026
[2026-07-12 06:02:15] Updated row 203: ECO=CA90181HB Submitted=07 Jul 2026 Released=10 Jul 2026
[2026-07-12 06:02:16] Updated row 204: ECO=CA90172HB Submitted=07 Jul 2026 Released=10 Jul 2026
[2026-07-12 06:02:16] Updated row 205: ECO=CA90172HB Submitted=07 Jul 2026 Released=10 Jul 2026
[2026-07-12 06:02:16] Updated row 206: ECO=CA90172HB Submitted=07 Jul 2026 Released=10 Jul 2026
[2026-07-12 06:02:17] Updated row 207: ECO=CA90174HB Submitted=07 Jul 2026 Released=10 Jul 2026
[2026-07-12 06:02:17] Updated row 208: ECO=CA90174HB Submitted=07 Jul 2026 Released=10 Jul 2026
[2026-07-12 06:02:17] Updated row 209: ECO=CA90174HB Submitted=07 Jul 2026 Released=10 Jul 2026
[2026-07-12 06:02:18] Updated row 210: ECO=CA90170HB Submitted=02 Jul 2026 Released=07 Jul 2026
[2026-07-12 06:02:18] Updated row 211: ECO=CA90170HB Submitted=02 Jul 2026 Released=07 Jul 2026
[2026-07-12 06:02:18] Updated row 212: ECO=CA90170HB Submitted=02 Jul 2026 Released=07 Jul 2026
[2026-07-12 06:02:19] Updated row 213: ECO=CA90171HB Submitted=07 Jul 2026 Released=10 Jul 2026
[2026-07-12 06:02:19] Updated row 214: ECO=CA90171HB Submitted=07 Jul 2026 Released=10 Jul 2026
[2026-07-12 06:02:19] Updated row 215: ECO=CA90171HB Submitted=07 Jul 2026 Released=10 Jul 2026
[2026-07-12 06:02:20] Updated row 216: ECO=CA90183HB Submitted=07 Jul 2026 Released=10 Jul 2026
[2026-07-12 06:02:20] Updated row 217: ECO=CA90183HB Submitted=07 Jul 2026 Released=10 Jul 2026
[2026-07-12 06:02:20] Updated row 218: ECO=CA90183HB Submitted=07 Jul 2026 Released=10 Jul 2026
[2026-07-12 06:02:21] Updated row 219: ECO=CA90184HB Submitted=02 Jul 2026 Released=03 Jul 2026
[2026-07-12 06:02:21] Updated row 220: ECO=CA90184HB Submitted=02 Jul 2026 Released=03 Jul 2026
[2026-07-12 06:02:22] Updated row 221: ECO=CA90182HB Submitted=01 Jul 2026 Released=03 Jul 2026
[2026-07-12 06:02:22] Updated row 222: ECO=CA90182HB Submitted=01 Jul 2026 Released=03 Jul 2026
[2026-07-12 06:02:22] Updated row 223: ECO=CA90182HB Submitted=01 Jul 2026 Released=03 Jul 2026
[2026-07-12 06:02:22] Updated row 224: ECO=CA90182HB Submitted=01 Jul 2026 Released=03 Jul 2026
[2026-07-12 06:02:23] Updated row 225: ECO=CA90177HB Submitted=01 Jul 2026 Released=03 Jul 2026
[2026-07-12 06:02:24] Updated row 226: ECO=CA90175HB Submitted=02 Jul 2026 Released=03 Jul 2026
[2026-07-12 06:02:25] Updated row 227: ECO=CA90178HB Submitted=01 Jul 2026 Released=03 Jul 2026
[2026-07-12 06:02:25] Updated row 228: ECO=CA90178HB Submitted=01 Jul 2026 Released=03 Jul 2026
[2026-07-12 06:02:25] Updated row 229: ECO=CA90178HB Submitted=01 Jul 2026 Released=03 Jul 2026
[2026-07-12 06:02:26] Updated row 230: ECO=CA90185HB Submitted=02 Jul 2026 Released=03 Jul 2026
[2026-07-12 06:02:27] Updated row 231: ECO=CA90186HB Submitted=02 Jul 2026 Released=03 Jul 2026
[2026-07-12 06:02:28] Updated row 232: ECO=CA90187HB Submitted=02 Jul 2026 Released=03 Jul 2026
[2026-07-12 06:02:28] Skipping row 233: ECO value is empty or not usable (NA).
[2026-07-12 06:02:29] Updated row 234: ECO=CA90217HB Submitted=09 Jul 2026 Released=None
[2026-07-12 06:02:30] Updated row 235: ECO=CA90226HB Submitted=06 Jul 2026 Released=08 Jul 2026
[2026-07-12 06:02:30] Updated row 236: ECO=CA90226HB Submitted=06 Jul 2026 Released=08 Jul 2026
[2026-07-12 06:02:30] Skipping row 237: ECO value is empty or not usable (N/A).
[2026-07-12 06:02:30] Skipping row 238: ECO value is empty or not usable (N/A).
[2026-07-12 06:02:30] Skipping row 239: ECO value is empty or not usable (N/A).
[2026-07-12 06:02:31] Updated row 240: ECO=CA90225HB Submitted=06 Jul 2026 Released=08 Jul 2026
[2026-07-12 06:02:32] Updated row 241: ECO=CA90224HB Submitted=07 Jul 2026 Released=08 Jul 2026
[2026-07-12 06:02:32] Skipping row 242: ECO value is empty or not usable (N/A).
[2026-07-12 06:02:32] Skipping row 243: ECO value is empty or not usable (N/A).
[2026-07-12 06:02:32] Skipping row 244: ECO value is empty or not usable (N/A).
[2026-07-12 06:02:33] Updated row 245: ECO=DSM26064 Submitted=06 Jul 2026 Released=08 Jul 2026
[2026-07-12 06:02:33] Updated row 246: ECO=DSM26064 Submitted=06 Jul 2026 Released=08 Jul 2026
[2026-07-12 06:02:33] Updated row 247: ECO=DSM26064 Submitted=06 Jul 2026 Released=08 Jul 2026
[2026-07-12 06:02:34] Updated row 248: ECO=DSM26063 Submitted=07 Jul 2026 Released=08 Jul 2026
[2026-07-12 06:02:34] Updated row 249: ECO=DSM26063 Submitted=07 Jul 2026 Released=08 Jul 2026
[2026-07-12 06:02:34] Updated row 250: ECO=DSM26063 Submitted=07 Jul 2026 Released=08 Jul 2026
[2026-07-12 06:02:34] Skipping row 251: ECO value is empty or not usable (N/A).
[2026-07-12 06:02:34] Skipping row 252: ECO value is empty or not usable (N/A).
[2026-07-12 06:02:34] Skipping row 253: ECO value is empty or not usable (N/A).
[2026-07-12 06:02:35] Updated row 254: ECO=CA90336HB Submitted=11 Jul 2026 Released=None
[2026-07-12 06:02:35] Updated row 255: ECO=CA90336HB Submitted=11 Jul 2026 Released=None
[2026-07-12 06:02:35] Updated row 256: ECO=CA90336HB Submitted=11 Jul 2026 Released=None
[2026-07-12 06:02:35] Updated row 257: ECO=CA90336HB Submitted=11 Jul 2026 Released=None
[2026-07-12 06:02:37] Row 258: ECO lookup failed for DSM26052; treating as not submitted yet. Could not find Submitted/Released workflow dates for DSM26052.
Tried classes=['Change', 'ECO', 'Change Orders'] tables=['History', 'Workflow', 'Workflow Status']
No matching workflow rows found.
[2026-07-12 06:02:37] Updated row 258: ECO=DSM26052 Submitted=None Released=None
[2026-07-12 06:02:37] Updated row 259: ECO=DSM26052 Submitted=None Released=None
[2026-07-12 06:02:37] Updated row 260: ECO=DSM26052 Submitted=None Released=None
[2026-07-12 06:02:37] Skipping row 261: ECO value is empty or not usable (blank).
[2026-07-12 06:02:37] Skipping row 262: ECO value is empty or not usable (blank).
[2026-07-12 06:02:37] Skipping row 263: ECO value is empty or not usable (blank).
[2026-07-12 06:02:38] Updated row 264: ECO=DSM26076 Submitted=11 Jul 2026 Released=11 Jul 2026
[2026-07-12 06:02:38] Skipping row 265: ECO value is empty or not usable (blank).
[2026-07-12 06:02:38] Skipping row 266: ECO value is empty or not usable (blank).
[2026-07-12 06:02:38] Skipping row 267: ECO value is empty or not usable (blank).
[2026-07-12 06:02:38] Skipping row 268: ECO value is empty or not usable (blank).
[2026-07-12 06:02:38] Skipping row 269: ECO value is empty or not usable (blank).
[2026-07-12 06:02:38] Workbook looks free. Waiting 30 seconds for OneDrive to settle...
[2026-07-12 06:03:08] Saving workbook to C:\Users\kmageshkumar\OneDrive - Ichor Systems\AMAT SGP ECO Tracker.xlsx...
[2026-07-12 06:03:08] Workbook protection and editable-range metadata preserved.
[2026-07-12 06:03:08] Workbook save complete.
[2026-07-12 06:03:08] Workbook updated: C:\Users\kmageshkumar\OneDrive - Ichor Systems\AMAT SGP ECO Tracker.xlsx
[2026-07-12 06:03:08] Workbook looks free. Waiting 30 seconds for OneDrive to settle...
[2026-07-12 06:03:40] Skipping row 2: CRF value is empty or not usable (blank).
[2026-07-12 06:03:40] Workbook looks free. Waiting 30 seconds for OneDrive to settle...
[2026-07-12 06:04:10] Saving workbook to C:\Users\kmageshkumar\OneDrive - Ichor Systems\AMAT SGP CRF Tracker.xlsx...
[2026-07-12 06:04:10] Workbook protection and editable-range metadata preserved.
[2026-07-12 06:04:10] Workbook save complete.
[2026-07-12 06:04:10] CRF workbook updated: C:\Users\kmageshkumar\OneDrive - Ichor Systems\AMAT SGP CRF Tracker.xlsx
[2026-07-13 06:00:04] Workbook looks free. Waiting 30 seconds for OneDrive to settle...
[2026-07-13 06:00:37] Updated row 2: ECO=CA89812HB Submitted=17 Jun 2026 Released=18 Jun 2026
[2026-07-13 06:00:37] Updated row 3: ECO=CA89812HB Submitted=17 Jun 2026 Released=18 Jun 2026
[2026-07-13 06:00:38] Updated row 4: ECO=CA89800HB Submitted=17 Jun 2026 Released=18 Jun 2026
[2026-07-13 06:00:38] Updated row 5: ECO=CA89800HB Submitted=17 Jun 2026 Released=18 Jun 2026
[2026-07-13 06:00:38] Updated row 6: ECO=CA89800HB Submitted=17 Jun 2026 Released=18 Jun 2026
[2026-07-13 06:00:39] Updated row 7: ECO=CA89823HB Submitted=16 Jun 2026 Released=17 Jun 2026
[2026-07-13 06:00:40] Updated row 8: ECO=CA89799HB Submitted=17 Jun 2026 Released=18 Jun 2026
[2026-07-13 06:00:41] Updated row 9: ECO=CA89813HB Submitted=17 Jun 2026 Released=18 Jun 2026
[2026-07-13 06:00:42] Updated row 10: ECO=CA89819HB Submitted=16 Jun 2026 Released=17 Jun 2026
[2026-07-13 06:00:43] Updated row 11: ECO=CA89817HB Submitted=17 Jun 2026 Released=18 Jun 2026
[2026-07-13 06:00:44] Updated row 12: ECO=CA89801HB Submitted=17 Jun 2026 Released=18 Jun 2026
[2026-07-13 06:00:45] Updated row 13: ECO=CA89804HB Submitted=17 Jun 2026 Released=18 Jun 2026
[2026-07-13 06:00:46] Updated row 14: ECO=CA89818HB Submitted=17 Jun 2026 Released=18 Jun 2026
[2026-07-13 06:00:46] Skipping row 15: ECO value is empty or not usable (NA).
[2026-07-13 06:00:46] Skipping row 16: ECO value is empty or not usable (NA).
[2026-07-13 06:00:46] Skipping row 17: ECO value is empty or not usable (NA).
[2026-07-13 06:00:47] Updated row 18: ECO=CA89851HB Submitted=18 Jun 2026 Released=20 Jun 2026
[2026-07-13 06:00:47] Updated row 19: ECO=CA89851HB Submitted=18 Jun 2026 Released=20 Jun 2026
[2026-07-13 06:00:47] Updated row 20: ECO=CA89851HB Submitted=18 Jun 2026 Released=20 Jun 2026
[2026-07-13 06:00:48] Updated row 21: ECO=CA89905HB Submitted=20 Jun 2026 Released=23 Jun 2026
[2026-07-13 06:00:49] Updated row 22: ECO=CA89878HB Submitted=18 Jun 2026 Released=19 Jun 2026
[2026-07-13 06:00:49] Updated row 23: ECO=CA89878HB Submitted=18 Jun 2026 Released=19 Jun 2026
[2026-07-13 06:00:50] Updated row 24: ECO=CA89886HB Submitted=19 Jun 2026 Released=20 Jun 2026
[2026-07-13 06:00:51] Updated row 25: ECO=CA89881HB Submitted=19 Jun 2026 Released=20 Jun 2026
[2026-07-13 06:00:52] Updated row 26: ECO=CA89910HB Submitted=18 Jun 2026 Released=19 Jun 2026
[2026-07-13 06:00:52] Updated row 27: ECO=CA89910HB Submitted=18 Jun 2026 Released=19 Jun 2026
[2026-07-13 06:00:52] Updated row 28: ECO=CA89910HB Submitted=18 Jun 2026 Released=19 Jun 2026
[2026-07-13 06:00:53] Updated row 29: ECO=CA89966HB Submitted=23 Jun 2026 Released=25 Jun 2026
[2026-07-13 06:00:53] Updated row 30: ECO=CA89966HB Submitted=23 Jun 2026 Released=25 Jun 2026
[2026-07-13 06:00:54] Updated row 31: ECO=CA89497HB Submitted=30 May 2026 Released=02 Jun 2026
[2026-07-13 06:00:56] Updated row 32: ECO=CA90044HB Submitted=24 Jun 2026 Released=25 Jun 2026
[2026-07-13 06:00:56] Updated row 33: ECO=CA90044HB Submitted=24 Jun 2026 Released=25 Jun 2026
[2026-07-13 06:00:56] Updated row 34: ECO=CA90044HB Submitted=24 Jun 2026 Released=25 Jun 2026
[2026-07-13 06:00:56] Updated row 35: ECO=CA90044HB Submitted=24 Jun 2026 Released=25 Jun 2026
[2026-07-13 06:00:57] Updated row 36: ECO=DSM25989 Submitted=23 Jun 2026 Released=25 Jun 2026
[2026-07-13 06:00:57] Updated row 37: ECO=DSM25989 Submitted=23 Jun 2026 Released=25 Jun 2026
[2026-07-13 06:00:57] Updated row 38: ECO=DSM25989 Submitted=23 Jun 2026 Released=25 Jun 2026
[2026-07-13 06:00:58] Updated row 39: ECO=DSM26016 Submitted=25 Jun 2026 Released=26 Jun 2026
[2026-07-13 06:00:58] Updated row 40: ECO=DSM26016 Submitted=25 Jun 2026 Released=26 Jun 2026
[2026-07-13 06:00:58] Updated row 41: ECO=DSM26016 Submitted=25 Jun 2026 Released=26 Jun 2026
[2026-07-13 06:00:59] Updated row 42: ECO=DSM25993 Submitted=30 Jun 2026 Released=02 Jul 2026
[2026-07-13 06:00:59] Updated row 43: ECO=DSM25993 Submitted=30 Jun 2026 Released=02 Jul 2026
[2026-07-13 06:01:01] Updated row 44: ECO=DSM25983 Submitted=24 Jun 2026 Released=25 Jun 2026
[2026-07-13 06:01:01] Updated row 45: ECO=DSM25983 Submitted=24 Jun 2026 Released=25 Jun 2026
[2026-07-13 06:01:01] Updated row 46: ECO=DSM25983 Submitted=24 Jun 2026 Released=25 Jun 2026
[2026-07-13 06:01:02] Updated row 47: ECO=DSM25980 Submitted=24 Jun 2026 Released=25 Jun 2026
[2026-07-13 06:01:02] Updated row 48: ECO=DSM25980 Submitted=24 Jun 2026 Released=25 Jun 2026
[2026-07-13 06:01:02] Updated row 49: ECO=DSM25980 Submitted=24 Jun 2026 Released=25 Jun 2026
[2026-07-13 06:01:03] Updated row 50: ECO=DSM25982 Submitted=24 Jun 2026 Released=25 Jun 2026
[2026-07-13 06:01:03] Updated row 51: ECO=DSM25982 Submitted=24 Jun 2026 Released=25 Jun 2026
[2026-07-13 06:01:03] Updated row 52: ECO=DSM25982 Submitted=24 Jun 2026 Released=25 Jun 2026
[2026-07-13 06:01:04] Updated row 53: ECO=DSM25996 Submitted=24 Jun 2026 Released=25 Jun 2026
[2026-07-13 06:01:04] Updated row 54: ECO=DSM25996 Submitted=24 Jun 2026 Released=25 Jun 2026
[2026-07-13 06:01:04] Updated row 55: ECO=DSM25996 Submitted=24 Jun 2026 Released=25 Jun 2026
[2026-07-13 06:01:05] Updated row 56: ECO=DSM26004 Submitted=24 Jun 2026 Released=25 Jun 2026
[2026-07-13 06:01:06] Updated row 57: ECO=DSM26001 Submitted=24 Jun 2026 Released=25 Jun 2026
[2026-07-13 06:01:06] Updated row 58: ECO=DSM26001 Submitted=24 Jun 2026 Released=25 Jun 2026
[2026-07-13 06:01:06] Updated row 59: ECO=DSM26001 Submitted=24 Jun 2026 Released=25 Jun 2026
[2026-07-13 06:01:07] Updated row 60: ECO=DSM25998 Submitted=24 Jun 2026 Released=25 Jun 2026
[2026-07-13 06:01:08] Updated row 61: ECO=DSM25987 Submitted=23 Jun 2026 Released=25 Jun 2026
[2026-07-13 06:01:08] Updated row 62: ECO=DSM25987 Submitted=23 Jun 2026 Released=25 Jun 2026
[2026-07-13 06:01:08] Updated row 63: ECO=DSM25987 Submitted=23 Jun 2026 Released=25 Jun 2026
[2026-07-13 06:01:10] Updated row 64: ECO=DSM25990 Submitted=24 Jun 2026 Released=25 Jun 2026
[2026-07-13 06:01:11] Updated row 65: ECO=DSM25984 Submitted=23 Jun 2026 Released=25 Jun 2026
[2026-07-13 06:01:11] Updated row 66: ECO=DSM25984 Submitted=23 Jun 2026 Released=25 Jun 2026
[2026-07-13 06:01:11] Updated row 67: ECO=DSM25984 Submitted=23 Jun 2026 Released=25 Jun 2026
[2026-07-13 06:01:12] Updated row 68: ECO=DSM25986 Submitted=23 Jun 2026 Released=25 Jun 2026
[2026-07-13 06:01:13] Updated row 69: ECO=DSM25994 Submitted=23 Jun 2026 Released=25 Jun 2026
[2026-07-13 06:01:13] Updated row 70: ECO=DSM25994 Submitted=23 Jun 2026 Released=25 Jun 2026
[2026-07-13 06:01:13] Updated row 71: ECO=DSM25994 Submitted=23 Jun 2026 Released=25 Jun 2026
[2026-07-13 06:01:14] Updated row 72: ECO=DSM25995 Submitted=23 Jun 2026 Released=25 Jun 2026
[2026-07-13 06:01:14] Updated row 73: ECO=DSM25987 Submitted=23 Jun 2026 Released=25 Jun 2026
[2026-07-13 06:01:15] Updated row 74: ECO=DSM26002 Submitted=24 Jun 2026 Released=25 Jun 2026
[2026-07-13 06:01:16] Updated row 75: ECO=DSM26011 Submitted=26 Jun 2026 Released=30 Jun 2026
[2026-07-13 06:01:16] Updated row 76: ECO=DSM26011 Submitted=26 Jun 2026 Released=30 Jun 2026
[2026-07-13 06:01:16] Updated row 77: ECO=DSM26011 Submitted=26 Jun 2026 Released=30 Jun 2026
[2026-07-13 06:01:16] Updated row 78: ECO=DSM26011 Submitted=26 Jun 2026 Released=30 Jun 2026
[2026-07-13 06:01:16] Updated row 79: ECO=DSM26011 Submitted=26 Jun 2026 Released=30 Jun 2026
[2026-07-13 06:01:17] Updated row 80: ECO=DSM25991 Submitted=24 Jun 2026 Released=25 Jun 2026
[2026-07-13 06:01:18] Updated row 81: ECO=DSM26013 Submitted=25 Jun 2026 Released=26 Jun 2026
[2026-07-13 06:01:18] Updated row 82: ECO=DSM26013 Submitted=25 Jun 2026 Released=26 Jun 2026
[2026-07-13 06:01:18] Updated row 83: ECO=DSM26013 Submitted=25 Jun 2026 Released=26 Jun 2026
[2026-07-13 06:01:19] Updated row 84: ECO=DSM25988 Submitted=23 Jun 2026 Released=25 Jun 2026
[2026-07-13 06:01:20] Updated row 85: ECO=DSM26008 Submitted=24 Jun 2026 Released=26 Jun 2026
[2026-07-13 06:01:20] Updated row 86: ECO=DSM26008 Submitted=24 Jun 2026 Released=26 Jun 2026
[2026-07-13 06:01:20] Updated row 87: ECO=DSM26008 Submitted=24 Jun 2026 Released=26 Jun 2026
[2026-07-13 06:01:21] Updated row 88: ECO=DSM26003 Submitted=24 Jun 2026 Released=25 Jun 2026
[2026-07-13 06:01:22] Updated row 89: ECO=DSM26000 Submitted=24 Jun 2026 Released=25 Jun 2026
[2026-07-13 06:01:22] Updated row 90: ECO=DSM26000 Submitted=24 Jun 2026 Released=25 Jun 2026
[2026-07-13 06:01:22] Updated row 91: ECO=DSM26000 Submitted=24 Jun 2026 Released=25 Jun 2026
[2026-07-13 06:01:23] Updated row 92: ECO=DSM26005 Submitted=24 Jun 2026 Released=25 Jun 2026
[2026-07-13 06:01:24] Updated row 93: ECO=DSM26006 Submitted=24 Jun 2026 Released=25 Jun 2026
[2026-07-13 06:01:25] Updated row 94: ECO=CA90084HB Submitted=24 Jun 2026 Released=26 Jun 2026
[2026-07-13 06:01:26] Updated row 95: ECO=CA90087HB Submitted=25 Jun 2026 Released=26 Jun 2026
[2026-07-13 06:01:27] Updated row 96: ECO=CA90080HB Submitted=25 Jun 2026 Released=26 Jun 2026
[2026-07-13 06:01:27] Updated row 97: ECO=CA90080HB Submitted=25 Jun 2026 Released=26 Jun 2026
[2026-07-13 06:01:27] Updated row 98: ECO=CA90080HB Submitted=25 Jun 2026 Released=26 Jun 2026
[2026-07-13 06:01:27] Updated row 99: ECO=CA90080HB Submitted=25 Jun 2026 Released=26 Jun 2026
[2026-07-13 06:01:28] Updated row 100: ECO=CA90088HB Submitted=25 Jun 2026 Released=26 Jun 2026
[2026-07-13 06:01:29] Updated row 101: ECO=CA90075HB Submitted=27 Jun 2026 Released=30 Jun 2026
[2026-07-13 06:01:29] Updated row 102: ECO=CA90075HB Submitted=27 Jun 2026 Released=30 Jun 2026
[2026-07-13 06:01:29] Updated row 103: ECO=CA90075HB Submitted=27 Jun 2026 Released=30 Jun 2026
[2026-07-13 06:01:30] Updated row 104: ECO=CA90068HB Submitted=25 Jun 2026 Released=26 Jun 2026
[2026-07-13 06:01:30] Updated row 105: ECO=CA90068HB Submitted=25 Jun 2026 Released=26 Jun 2026
[2026-07-13 06:01:30] Updated row 106: ECO=CA90068HB Submitted=25 Jun 2026 Released=26 Jun 2026
[2026-07-13 06:01:30] Updated row 107: ECO=CA90068HB Submitted=25 Jun 2026 Released=26 Jun 2026
[2026-07-13 06:01:31] Updated row 108: ECO=CA90078HB Submitted=25 Jun 2026 Released=26 Jun 2026
[2026-07-13 06:01:32] Updated row 109: ECO=CA90083HB Submitted=25 Jun 2026 Released=26 Jun 2026
[2026-07-13 06:01:33] Updated row 110: ECO=CA90081HB Submitted=25 Jun 2026 Released=26 Jun 2026
[2026-07-13 06:01:34] Updated row 111: ECO=CA90082HB Submitted=25 Jun 2026 Released=26 Jun 2026
[2026-07-13 06:01:35] Updated row 112: ECO=CA90073HB Submitted=30 Jun 2026 Released=02 Jul 2026
[2026-07-13 06:01:36] Updated row 113: ECO=CA90070HB Submitted=25 Jun 2026 Released=25 Jun 2026
[2026-07-13 06:01:36] Updated row 114: ECO=CA90070HB Submitted=25 Jun 2026 Released=25 Jun 2026
[2026-07-13 06:01:36] Updated row 115: ECO=CA90070HB Submitted=25 Jun 2026 Released=25 Jun 2026
[2026-07-13 06:01:36] Updated row 116: ECO=CA90070HB Submitted=25 Jun 2026 Released=25 Jun 2026
[2026-07-13 06:01:37] Updated row 117: ECO=DSM26017 Submitted=25 Jun 2026 Released=26 Jun 2026
[2026-07-13 06:01:37] Updated row 118: ECO=DSM26017 Submitted=25 Jun 2026 Released=26 Jun 2026
[2026-07-13 06:01:37] Updated row 119: ECO=DSM26017 Submitted=25 Jun 2026 Released=26 Jun 2026
[2026-07-13 06:01:37] Skipping row 120: ECO value is empty or not usable (N/A).
[2026-07-13 06:01:38] Updated row 121: ECO=CA90109HB Submitted=25 Jun 2026 Released=26 Jun 2026
[2026-07-13 06:01:39] Updated row 122: ECO=CA90104HB Submitted=25 Jun 2026 Released=26 Jun 2026
[2026-07-13 06:01:39] Updated row 123: ECO=CA90104HB Submitted=25 Jun 2026 Released=26 Jun 2026
[2026-07-13 06:01:40] Updated row 124: ECO=CA90141HB Submitted=02 Jul 2026 Released=07 Jul 2026
[2026-07-13 06:01:41] Updated row 125: ECO=CA90142HB Submitted=02 Jul 2026 Released=07 Jul 2026
[2026-07-13 06:01:42] Updated row 126: ECO=CA90137HB Submitted=02 Jul 2026 Released=07 Jul 2026
[2026-07-13 06:01:43] Updated row 127: ECO=DSM26022 Submitted=02 Jul 2026 Released=03 Jul 2026
[2026-07-13 06:01:43] Updated row 128: ECO=DSM26022 Submitted=02 Jul 2026 Released=03 Jul 2026
[2026-07-13 06:01:43] Updated row 129: ECO=DSM26022 Submitted=02 Jul 2026 Released=03 Jul 2026
[2026-07-13 06:01:44] Updated row 130: ECO=DSM26023 Submitted=01 Jul 2026 Released=02 Jul 2026
[2026-07-13 06:01:44] Updated row 131: ECO=DSM26023 Submitted=01 Jul 2026 Released=02 Jul 2026
[2026-07-13 06:01:44] Updated row 132: ECO=DSM26023 Submitted=01 Jul 2026 Released=02 Jul 2026
[2026-07-13 06:01:45] Updated row 133: ECO=DSM26038 Submitted=01 Jul 2026 Released=02 Jul 2026
[2026-07-13 06:01:46] Updated row 134: ECO=DSM26040 Submitted=01 Jul 2026 Released=02 Jul 2026
[2026-07-13 06:01:46] Updated row 135: ECO=DSM26040 Submitted=01 Jul 2026 Released=02 Jul 2026
[2026-07-13 06:01:46] Updated row 136: ECO=DSM26040 Submitted=01 Jul 2026 Released=02 Jul 2026
[2026-07-13 06:01:47] Updated row 137: ECO=DSM26041 Submitted=01 Jul 2026 Released=02 Jul 2026
[2026-07-13 06:01:48] Updated row 138: ECO=DSM26024 Submitted=30 Jun 2026 Released=02 Jul 2026
[2026-07-13 06:01:49] Updated row 139: ECO=DSM26027 Submitted=30 Jun 2026 Released=02 Jul 2026
[2026-07-13 06:01:50] Updated row 140: ECO=DSM26045 Submitted=01 Jul 2026 Released=03 Jul 2026
[2026-07-13 06:01:50] Updated row 141: ECO=DSM26045 Submitted=01 Jul 2026 Released=03 Jul 2026
[2026-07-13 06:01:50] Updated row 142: ECO=DSM26045 Submitted=01 Jul 2026 Released=03 Jul 2026
[2026-07-13 06:01:51] Updated row 143: ECO=DSM26037 Submitted=03 Jul 2026 Released=07 Jul 2026
[2026-07-13 06:01:52] Updated row 144: ECO=DSM26036 Submitted=03 Jul 2026 Released=07 Jul 2026
[2026-07-13 06:01:52] Updated row 145: ECO=DSM26036 Submitted=03 Jul 2026 Released=07 Jul 2026
[2026-07-13 06:01:52] Updated row 146: ECO=DSM26037 Submitted=03 Jul 2026 Released=07 Jul 2026
[2026-07-13 06:01:52] Updated row 147: ECO=DSM26036 Submitted=03 Jul 2026 Released=07 Jul 2026
[2026-07-13 06:01:52] Updated row 148: ECO=DSM26037 Submitted=03 Jul 2026 Released=07 Jul 2026
[2026-07-13 06:01:53] Updated row 149: ECO=DSM26026 Submitted=02 Jul 2026 Released=07 Jul 2026
[2026-07-13 06:01:54] Updated row 150: ECO=DSM26028 Submitted=07 Jul 2026 Released=10 Jul 2026
[2026-07-13 06:01:55] Updated row 151: ECO=DSM26030 Submitted=07 Jul 2026 Released=10 Jul 2026
[2026-07-13 06:01:56] Updated row 152: ECO=DSM26033 Submitted=03 Jul 2026 Released=07 Jul 2026
[2026-07-13 06:01:56] Updated row 153: ECO=DSM26028 Submitted=07 Jul 2026 Released=10 Jul 2026
[2026-07-13 06:01:56] Updated row 154: ECO=DSM26030 Submitted=07 Jul 2026 Released=10 Jul 2026
[2026-07-13 06:01:56] Updated row 155: ECO=DSM26033 Submitted=03 Jul 2026 Released=07 Jul 2026
[2026-07-13 06:01:56] Updated row 156: ECO=DSM26033 Submitted=03 Jul 2026 Released=07 Jul 2026
[2026-07-13 06:01:56] Updated row 157: ECO=DSM26028 Submitted=07 Jul 2026 Released=10 Jul 2026
[2026-07-13 06:01:56] Updated row 158: ECO=DSM26030 Submitted=07 Jul 2026 Released=10 Jul 2026
[2026-07-13 06:01:57] Updated row 159: ECO=DSM26034 Submitted=01 Jul 2026 Released=02 Jul 2026
[2026-07-13 06:01:57] Updated row 160: ECO=DSM26034 Submitted=01 Jul 2026 Released=02 Jul 2026
[2026-07-13 06:01:57] Updated row 161: ECO=DSM26034 Submitted=01 Jul 2026 Released=02 Jul 2026
[2026-07-13 06:01:58] Updated row 162: ECO=DSM26035 Submitted=01 Jul 2026 Released=02 Jul 2026
[2026-07-13 06:01:59] Updated row 163: ECO=DSM26021 Submitted=02 Jul 2026 Released=03 Jul 2026
[2026-07-13 06:01:59] Updated row 164: ECO=DSM26035 Submitted=01 Jul 2026 Released=02 Jul 2026
[2026-07-13 06:02:00] Updated row 165: ECO=DSM26021 Submitted=02 Jul 2026 Released=03 Jul 2026
[2026-07-13 06:02:00] Updated row 166: ECO=DSM26035 Submitted=01 Jul 2026 Released=02 Jul 2026
[2026-07-13 06:02:00] Updated row 167: ECO=DSM26021 Submitted=02 Jul 2026 Released=03 Jul 2026
[2026-07-13 06:02:00] Updated row 168: ECO=DSM26035 Submitted=01 Jul 2026 Released=02 Jul 2026
[2026-07-13 06:02:00] Updated row 169: ECO=DSM26021 Submitted=02 Jul 2026 Released=03 Jul 2026
[2026-07-13 06:02:00] Updated row 170: ECO=DSM26035 Submitted=01 Jul 2026 Released=02 Jul 2026
[2026-07-13 06:02:00] Updated row 171: ECO=DSM26021 Submitted=02 Jul 2026 Released=03 Jul 2026
[2026-07-13 06:02:00] Updated row 172: ECO=DSM26025 Submitted=01 Jul 2026 Released=02 Jul 2026
[2026-07-13 06:02:00] Updated row 173: ECO=DSM26025 Submitted=01 Jul 2026 Released=02 Jul 2026
[2026-07-13 06:02:00] Updated row 174: ECO=DSM26025 Submitted=01 Jul 2026 Released=02 Jul 2026
[2026-07-13 06:02:01] Updated row 175: ECO=DSM26029 Submitted=02 Jul 2026 Released=03 Jul 2026
[2026-07-13 06:02:02] Updated row 176: ECO=DSM26031 Submitted=04 Jul 2026 Released=07 Jul 2026
[2026-07-13 06:02:04] Updated row 177: ECO=DSM26039 Submitted=03 Jul 2026 Released=07 Jul 2026
[2026-07-13 06:02:05] Updated row 178: ECO=DSM26043 Submitted=03 Jul 2026 Released=07 Jul 2026
[2026-07-13 06:02:06] Updated row 179: ECO=DSM26044 Submitted=03 Jul 2026 Released=07 Jul 2026
[2026-07-13 06:02:06] Updated row 180: ECO=DSM26042 Submitted=03 Jul 2026 Released=07 Jul 2026
[2026-07-13 06:02:06] Updated row 181: ECO=DSM26029 Submitted=02 Jul 2026 Released=03 Jul 2026
[2026-07-13 06:02:06] Updated row 182: ECO=DSM26031 Submitted=04 Jul 2026 Released=07 Jul 2026
[2026-07-13 06:02:06] Updated row 183: ECO=DSM26039 Submitted=03 Jul 2026 Released=07 Jul 2026
[2026-07-13 06:02:06] Updated row 184: ECO=DSM26043 Submitted=03 Jul 2026 Released=07 Jul 2026
[2026-07-13 06:02:06] Updated row 185: ECO=DSM26044 Submitted=03 Jul 2026 Released=07 Jul 2026
[2026-07-13 06:02:06] Updated row 186: ECO=DSM26042 Submitted=03 Jul 2026 Released=07 Jul 2026
[2026-07-13 06:02:06] Updated row 187: ECO=DSM26029 Submitted=02 Jul 2026 Released=03 Jul 2026
[2026-07-13 06:02:06] Updated row 188: ECO=DSM26031 Submitted=04 Jul 2026 Released=07 Jul 2026
[2026-07-13 06:02:06] Updated row 189: ECO=DSM26039 Submitted=03 Jul 2026 Released=07 Jul 2026
[2026-07-13 06:02:06] Updated row 190: ECO=DSM26043 Submitted=03 Jul 2026 Released=07 Jul 2026
[2026-07-13 06:02:06] Updated row 191: ECO=DSM26044 Submitted=03 Jul 2026 Released=07 Jul 2026
[2026-07-13 06:02:06] Updated row 192: ECO=DSM26042 Submitted=03 Jul 2026 Released=07 Jul 2026
[2026-07-13 06:02:07] Updated row 193: ECO=CA90162HB Submitted=01 Jul 2026 Released=02 Jul 2026
[2026-07-13 06:02:08] Updated row 194: ECO=CA90167HB Submitted=02 Jul 2026 Released=03 Jul 2026
[2026-07-13 06:02:09] Updated row 195: ECO=CA90173HB Submitted=03 Jul 2026 Released=07 Jul 2026
[2026-07-13 06:02:09] Updated row 196: ECO=CA90173HB Submitted=03 Jul 2026 Released=07 Jul 2026
[2026-07-13 06:02:09] Updated row 197: ECO=CA90173HB Submitted=03 Jul 2026 Released=07 Jul 2026
[2026-07-13 06:02:11] Updated row 198: ECO=CA90176HB Submitted=07 Jul 2026 Released=08 Jul 2026
[2026-07-13 06:02:11] Updated row 199: ECO=CA90176HB Submitted=07 Jul 2026 Released=08 Jul 2026
[2026-07-13 06:02:11] Updated row 200: ECO=CA90176HB Submitted=07 Jul 2026 Released=08 Jul 2026
[2026-07-13 06:02:12] Updated row 201: ECO=CA90181HB Submitted=07 Jul 2026 Released=10 Jul 2026
[2026-07-13 06:02:12] Updated row 202: ECO=CA90181HB Submitted=07 Jul 2026 Released=10 Jul 2026
[2026-07-13 06:02:12] Updated row 203: ECO=CA90181HB Submitted=07 Jul 2026 Released=10 Jul 2026
[2026-07-13 06:02:13] Updated row 204: ECO=CA90172HB Submitted=07 Jul 2026 Released=10 Jul 2026
[2026-07-13 06:02:13] Updated row 205: ECO=CA90172HB Submitted=07 Jul 2026 Released=10 Jul 2026
[2026-07-13 06:02:13] Updated row 206: ECO=CA90172HB Submitted=07 Jul 2026 Released=10 Jul 2026
[2026-07-13 06:02:14] Updated row 207: ECO=CA90174HB Submitted=07 Jul 2026 Released=10 Jul 2026
[2026-07-13 06:02:14] Updated row 208: ECO=CA90174HB Submitted=07 Jul 2026 Released=10 Jul 2026
[2026-07-13 06:02:14] Updated row 209: ECO=CA90174HB Submitted=07 Jul 2026 Released=10 Jul 2026
[2026-07-13 06:02:15] Updated row 210: ECO=CA90170HB Submitted=02 Jul 2026 Released=07 Jul 2026
[2026-07-13 06:02:15] Updated row 211: ECO=CA90170HB Submitted=02 Jul 2026 Released=07 Jul 2026
[2026-07-13 06:02:15] Updated row 212: ECO=CA90170HB Submitted=02 Jul 2026 Released=07 Jul 2026
[2026-07-13 06:02:16] Updated row 213: ECO=CA90171HB Submitted=07 Jul 2026 Released=10 Jul 2026
[2026-07-13 06:02:16] Updated row 214: ECO=CA90171HB Submitted=07 Jul 2026 Released=10 Jul 2026
[2026-07-13 06:02:16] Updated row 215: ECO=CA90171HB Submitted=07 Jul 2026 Released=10 Jul 2026
[2026-07-13 06:02:16] Updated row 216: ECO=CA90183HB Submitted=07 Jul 2026 Released=10 Jul 2026
[2026-07-13 06:02:16] Updated row 217: ECO=CA90183HB Submitted=07 Jul 2026 Released=10 Jul 2026
[2026-07-13 06:02:16] Updated row 218: ECO=CA90183HB Submitted=07 Jul 2026 Released=10 Jul 2026
[2026-07-13 06:02:17] Updated row 219: ECO=CA90184HB Submitted=02 Jul 2026 Released=03 Jul 2026
[2026-07-13 06:02:17] Updated row 220: ECO=CA90184HB Submitted=02 Jul 2026 Released=03 Jul 2026
[2026-07-13 06:02:18] Updated row 221: ECO=CA90182HB Submitted=01 Jul 2026 Released=03 Jul 2026
[2026-07-13 06:02:18] Updated row 222: ECO=CA90182HB Submitted=01 Jul 2026 Released=03 Jul 2026
[2026-07-13 06:02:18] Updated row 223: ECO=CA90182HB Submitted=01 Jul 2026 Released=03 Jul 2026
[2026-07-13 06:02:18] Updated row 224: ECO=CA90182HB Submitted=01 Jul 2026 Released=03 Jul 2026
[2026-07-13 06:02:19] Updated row 225: ECO=CA90177HB Submitted=01 Jul 2026 Released=03 Jul 2026
[2026-07-13 06:02:20] Updated row 226: ECO=CA90175HB Submitted=02 Jul 2026 Released=03 Jul 2026
[2026-07-13 06:02:21] Updated row 227: ECO=CA90178HB Submitted=01 Jul 2026 Released=03 Jul 2026
[2026-07-13 06:02:21] Updated row 228: ECO=CA90178HB Submitted=01 Jul 2026 Released=03 Jul 2026
[2026-07-13 06:02:21] Updated row 229: ECO=CA90178HB Submitted=01 Jul 2026 Released=03 Jul 2026
[2026-07-13 06:02:22] Updated row 230: ECO=CA90185HB Submitted=02 Jul 2026 Released=03 Jul 2026
[2026-07-13 06:02:23] Updated row 231: ECO=CA90186HB Submitted=02 Jul 2026 Released=03 Jul 2026
[2026-07-13 06:02:24] Updated row 232: ECO=CA90187HB Submitted=02 Jul 2026 Released=03 Jul 2026
[2026-07-13 06:02:24] Skipping row 233: ECO value is empty or not usable (NA).
[2026-07-13 06:02:25] Updated row 234: ECO=CA90217HB Submitted=09 Jul 2026 Released=None
[2026-07-13 06:02:26] Updated row 235: ECO=CA90226HB Submitted=06 Jul 2026 Released=08 Jul 2026
[2026-07-13 06:02:26] Updated row 236: ECO=CA90226HB Submitted=06 Jul 2026 Released=08 Jul 2026
[2026-07-13 06:02:26] Skipping row 237: ECO value is empty or not usable (N/A).
[2026-07-13 06:02:26] Skipping row 238: ECO value is empty or not usable (N/A).
[2026-07-13 06:02:26] Skipping row 239: ECO value is empty or not usable (N/A).
[2026-07-13 06:02:27] Updated row 240: ECO=CA90225HB Submitted=06 Jul 2026 Released=08 Jul 2026
[2026-07-13 06:02:28] Updated row 241: ECO=CA90224HB Submitted=07 Jul 2026 Released=08 Jul 2026
[2026-07-13 06:02:28] Skipping row 242: ECO value is empty or not usable (N/A).
[2026-07-13 06:02:28] Skipping row 243: ECO value is empty or not usable (N/A).
[2026-07-13 06:02:28] Skipping row 244: ECO value is empty or not usable (N/A).
[2026-07-13 06:02:29] Updated row 245: ECO=DSM26064 Submitted=06 Jul 2026 Released=08 Jul 2026
[2026-07-13 06:02:29] Updated row 246: ECO=DSM26064 Submitted=06 Jul 2026 Released=08 Jul 2026
[2026-07-13 06:02:29] Updated row 247: ECO=DSM26064 Submitted=06 Jul 2026 Released=08 Jul 2026
[2026-07-13 06:02:30] Updated row 248: ECO=DSM26063 Submitted=07 Jul 2026 Released=08 Jul 2026
[2026-07-13 06:02:30] Updated row 249: ECO=DSM26063 Submitted=07 Jul 2026 Released=08 Jul 2026
[2026-07-13 06:02:30] Updated row 250: ECO=DSM26063 Submitted=07 Jul 2026 Released=08 Jul 2026
[2026-07-13 06:02:30] Skipping row 251: ECO value is empty or not usable (N/A).
[2026-07-13 06:02:30] Skipping row 252: ECO value is empty or not usable (N/A).
[2026-07-13 06:02:30] Skipping row 253: ECO value is empty or not usable (N/A).
[2026-07-13 06:02:31] Updated row 254: ECO=CA90336HB Submitted=11 Jul 2026 Released=None
[2026-07-13 06:02:31] Updated row 255: ECO=CA90336HB Submitted=11 Jul 2026 Released=None
[2026-07-13 06:02:31] Updated row 256: ECO=CA90336HB Submitted=11 Jul 2026 Released=None
[2026-07-13 06:02:31] Updated row 257: ECO=CA90336HB Submitted=11 Jul 2026 Released=None
[2026-07-13 06:02:34] Row 258: ECO lookup failed for DSM26052; treating as not submitted yet. Could not find Submitted/Released workflow dates for DSM26052.
Tried classes=['Change', 'ECO', 'Change Orders'] tables=['History', 'Workflow', 'Workflow Status']
No matching workflow rows found.
[2026-07-13 06:02:34] Updated row 258: ECO=DSM26052 Submitted=None Released=None
[2026-07-13 06:02:34] Updated row 259: ECO=DSM26052 Submitted=None Released=None
[2026-07-13 06:02:34] Updated row 260: ECO=DSM26052 Submitted=None Released=None
[2026-07-13 06:02:34] Skipping row 261: ECO value is empty or not usable (blank).
[2026-07-13 06:02:34] Skipping row 262: ECO value is empty or not usable (blank).
[2026-07-13 06:02:34] Skipping row 263: ECO value is empty or not usable (blank).
[2026-07-13 06:02:34] Updated row 264: ECO=DSM26076 Submitted=11 Jul 2026 Released=11 Jul 2026
[2026-07-13 06:02:34] Skipping row 265: ECO value is empty or not usable (blank).
[2026-07-13 06:02:34] Skipping row 266: ECO value is empty or not usable (blank).
[2026-07-13 06:02:35] Skipping row 267: ECO value is empty or not usable (blank).
[2026-07-13 06:02:35] Skipping row 268: ECO value is empty or not usable (blank).
[2026-07-13 06:02:35] Skipping row 269: ECO value is empty or not usable (blank).
[2026-07-13 06:02:35] Skipping row 270: ECO value is empty or not usable (blank).
[2026-07-13 06:02:35] Skipping row 271: ECO value is empty or not usable (blank).
[2026-07-13 06:02:35] Skipping row 272: ECO value is empty or not usable (blank).
[2026-07-13 06:02:35] Skipping row 273: ECO value is empty or not usable (blank).
[2026-07-13 06:02:35] Skipping row 274: ECO value is empty or not usable (blank).
[2026-07-13 06:02:35] Skipping row 275: ECO value is empty or not usable (blank).
[2026-07-13 06:02:35] Skipping row 276: ECO value is empty or not usable (blank).
[2026-07-13 06:02:35] Skipping row 277: ECO value is empty or not usable (blank).
[2026-07-13 06:02:35] Skipping row 278: ECO value is empty or not usable (blank).
[2026-07-13 06:02:35] Skipping row 279: ECO value is empty or not usable (blank).
[2026-07-13 06:02:35] Skipping row 280: ECO value is empty or not usable (blank).
[2026-07-13 06:02:35] Skipping row 281: ECO value is empty or not usable (blank).
[2026-07-13 06:02:35] Skipping row 282: ECO value is empty or not usable (blank).
[2026-07-13 06:02:35] Skipping row 283: ECO value is empty or not usable (blank).
[2026-07-13 06:02:35] Skipping row 284: ECO value is empty or not usable (blank).
[2026-07-13 06:02:35] Skipping row 285: ECO value is empty or not usable (blank).
[2026-07-13 06:02:35] Skipping row 286: ECO value is empty or not usable (blank).
[2026-07-13 06:02:35] Skipping row 287: ECO value is empty or not usable (blank).
[2026-07-13 06:02:35] Skipping row 288: ECO value is empty or not usable (blank).
[2026-07-13 06:02:35] Skipping row 289: ECO value is empty or not usable (blank).
[2026-07-13 06:02:35] Skipping row 290: ECO value is empty or not usable (blank).
[2026-07-13 06:02:35] Skipping row 291: ECO value is empty or not usable (blank).
[2026-07-13 06:02:35] Skipping row 292: ECO value is empty or not usable (blank).
[2026-07-13 06:02:35] Workbook looks free. Waiting 30 seconds for OneDrive to settle...
[2026-07-13 06:03:05] Saving workbook to C:\Users\kmageshkumar\OneDrive - Ichor Systems\AMAT SGP ECO Tracker.xlsx...
[2026-07-13 06:03:05] Workbook protection and editable-range metadata preserved.
[2026-07-13 06:03:05] Workbook save complete.
[2026-07-13 06:03:05] Workbook updated: C:\Users\kmageshkumar\OneDrive - Ichor Systems\AMAT SGP ECO Tracker.xlsx
[2026-07-13 06:03:05] Workbook looks free. Waiting 30 seconds for OneDrive to settle...
[2026-07-13 06:03:36] Skipping row 2: CRF value is empty or not usable (blank).
[2026-07-13 06:03:36] Workbook looks free. Waiting 30 seconds for OneDrive to settle...
[2026-07-13 06:04:06] Saving workbook to C:\Users\kmageshkumar\OneDrive - Ichor Systems\AMAT SGP CRF Tracker.xlsx...
[2026-07-13 06:04:06] Workbook protection and editable-range metadata preserved.
[2026-07-13 06:04:06] Workbook save complete.
[2026-07-13 06:04:06] CRF workbook updated: C:\Users\kmageshkumar\OneDrive - Ichor Systems\AMAT SGP CRF Tracker.xlsx
[2026-07-14 06:00:02] Workbook looks free. Waiting 30 seconds for OneDrive to settle...
[2026-07-14 06:00:35] Updated row 2: ECO=CA89812HB Submitted=17 Jun 2026 Released=18 Jun 2026
[2026-07-14 06:00:35] Updated row 3: ECO=CA89812HB Submitted=17 Jun 2026 Released=18 Jun 2026
[2026-07-14 06:00:36] Updated row 4: ECO=CA89800HB Submitted=17 Jun 2026 Released=18 Jun 2026
[2026-07-14 06:00:36] Updated row 5: ECO=CA89800HB Submitted=17 Jun 2026 Released=18 Jun 2026
[2026-07-14 06:00:36] Updated row 6: ECO=CA89800HB Submitted=17 Jun 2026 Released=18 Jun 2026
[2026-07-14 06:00:37] Updated row 7: ECO=CA89823HB Submitted=16 Jun 2026 Released=17 Jun 2026
[2026-07-14 06:00:38] Updated row 8: ECO=CA89799HB Submitted=17 Jun 2026 Released=18 Jun 2026
[2026-07-14 06:00:39] Updated row 9: ECO=CA89813HB Submitted=17 Jun 2026 Released=18 Jun 2026
[2026-07-14 06:00:40] Updated row 10: ECO=CA89819HB Submitted=16 Jun 2026 Released=17 Jun 2026
[2026-07-14 06:00:41] Updated row 11: ECO=CA89817HB Submitted=17 Jun 2026 Released=18 Jun 2026
[2026-07-14 06:00:42] Updated row 12: ECO=CA89801HB Submitted=17 Jun 2026 Released=18 Jun 2026
[2026-07-14 06:00:43] Updated row 13: ECO=CA89804HB Submitted=17 Jun 2026 Released=18 Jun 2026
[2026-07-14 06:00:44] Updated row 14: ECO=CA89818HB Submitted=17 Jun 2026 Released=18 Jun 2026
[2026-07-14 06:00:44] Skipping row 15: ECO value is empty or not usable (NA).
[2026-07-14 06:00:44] Skipping row 16: ECO value is empty or not usable (NA).
[2026-07-14 06:00:44] Skipping row 17: ECO value is empty or not usable (NA).
[2026-07-14 06:00:46] Updated row 18: ECO=CA89851HB Submitted=18 Jun 2026 Released=20 Jun 2026
[2026-07-14 06:00:46] Updated row 19: ECO=CA89851HB Submitted=18 Jun 2026 Released=20 Jun 2026
[2026-07-14 06:00:46] Updated row 20: ECO=CA89851HB Submitted=18 Jun 2026 Released=20 Jun 2026
[2026-07-14 06:00:47] Updated row 21: ECO=CA89905HB Submitted=20 Jun 2026 Released=23 Jun 2026
[2026-07-14 06:00:48] Updated row 22: ECO=CA89878HB Submitted=18 Jun 2026 Released=19 Jun 2026
[2026-07-14 06:00:48] Updated row 23: ECO=CA89878HB Submitted=18 Jun 2026 Released=19 Jun 2026
[2026-07-14 06:00:49] Updated row 24: ECO=CA89886HB Submitted=19 Jun 2026 Released=20 Jun 2026
[2026-07-14 06:00:50] Updated row 25: ECO=CA89881HB Submitted=19 Jun 2026 Released=20 Jun 2026
[2026-07-14 06:00:51] Updated row 26: ECO=CA89910HB Submitted=18 Jun 2026 Released=19 Jun 2026
[2026-07-14 06:00:51] Updated row 27: ECO=CA89910HB Submitted=18 Jun 2026 Released=19 Jun 2026
[2026-07-14 06:00:51] Updated row 28: ECO=CA89910HB Submitted=18 Jun 2026 Released=19 Jun 2026
[2026-07-14 06:00:52] Updated row 29: ECO=CA89966HB Submitted=23 Jun 2026 Released=25 Jun 2026
[2026-07-14 06:00:52] Updated row 30: ECO=CA89966HB Submitted=23 Jun 2026 Released=25 Jun 2026
[2026-07-14 06:00:53] Updated row 31: ECO=CA89497HB Submitted=30 May 2026 Released=02 Jun 2026
[2026-07-14 06:00:54] Updated row 32: ECO=CA90044HB Submitted=24 Jun 2026 Released=25 Jun 2026
[2026-07-14 06:00:54] Updated row 33: ECO=CA90044HB Submitted=24 Jun 2026 Released=25 Jun 2026
[2026-07-14 06:00:54] Updated row 34: ECO=CA90044HB Submitted=24 Jun 2026 Released=25 Jun 2026
[2026-07-14 06:00:54] Updated row 35: ECO=CA90044HB Submitted=24 Jun 2026 Released=25 Jun 2026
[2026-07-14 06:00:55] Updated row 36: ECO=DSM25989 Submitted=23 Jun 2026 Released=25 Jun 2026
[2026-07-14 06:00:55] Updated row 37: ECO=DSM25989 Submitted=23 Jun 2026 Released=25 Jun 2026
[2026-07-14 06:00:55] Updated row 38: ECO=DSM25989 Submitted=23 Jun 2026 Released=25 Jun 2026
[2026-07-14 06:00:56] Updated row 39: ECO=DSM26016 Submitted=25 Jun 2026 Released=26 Jun 2026
[2026-07-14 06:00:56] Updated row 40: ECO=DSM26016 Submitted=25 Jun 2026 Released=26 Jun 2026
[2026-07-14 06:00:56] Updated row 41: ECO=DSM26016 Submitted=25 Jun 2026 Released=26 Jun 2026
[2026-07-14 06:00:57] Updated row 42: ECO=DSM25993 Submitted=30 Jun 2026 Released=02 Jul 2026
[2026-07-14 06:00:57] Updated row 43: ECO=DSM25993 Submitted=30 Jun 2026 Released=02 Jul 2026
[2026-07-14 06:00:59] Updated row 44: ECO=DSM25983 Submitted=24 Jun 2026 Released=25 Jun 2026
[2026-07-14 06:00:59] Updated row 45: ECO=DSM25983 Submitted=24 Jun 2026 Released=25 Jun 2026
[2026-07-14 06:00:59] Updated row 46: ECO=DSM25983 Submitted=24 Jun 2026 Released=25 Jun 2026
[2026-07-14 06:01:00] Updated row 47: ECO=DSM25980 Submitted=24 Jun 2026 Released=25 Jun 2026
[2026-07-14 06:01:00] Updated row 48: ECO=DSM25980 Submitted=24 Jun 2026 Released=25 Jun 2026
[2026-07-14 06:01:00] Updated row 49: ECO=DSM25980 Submitted=24 Jun 2026 Released=25 Jun 2026
[2026-07-14 06:01:01] Updated row 50: ECO=DSM25982 Submitted=24 Jun 2026 Released=25 Jun 2026
[2026-07-14 06:01:01] Updated row 51: ECO=DSM25982 Submitted=24 Jun 2026 Released=25 Jun 2026
[2026-07-14 06:01:01] Updated row 52: ECO=DSM25982 Submitted=24 Jun 2026 Released=25 Jun 2026
[2026-07-14 06:01:02] Updated row 53: ECO=DSM25996 Submitted=24 Jun 2026 Released=25 Jun 2026
[2026-07-14 06:01:02] Updated row 54: ECO=DSM25996 Submitted=24 Jun 2026 Released=25 Jun 2026
[2026-07-14 06:01:02] Updated row 55: ECO=DSM25996 Submitted=24 Jun 2026 Released=25 Jun 2026
[2026-07-14 06:01:03] Updated row 56: ECO=DSM26004 Submitted=24 Jun 2026 Released=25 Jun 2026
[2026-07-14 06:01:04] Updated row 57: ECO=DSM26001 Submitted=24 Jun 2026 Released=25 Jun 2026
[2026-07-14 06:01:04] Updated row 58: ECO=DSM26001 Submitted=24 Jun 2026 Released=25 Jun 2026
[2026-07-14 06:01:04] Updated row 59: ECO=DSM26001 Submitted=24 Jun 2026 Released=25 Jun 2026
[2026-07-14 06:01:05] Updated row 60: ECO=DSM25998 Submitted=24 Jun 2026 Released=25 Jun 2026
[2026-07-14 06:01:06] Updated row 61: ECO=DSM25987 Submitted=23 Jun 2026 Released=25 Jun 2026
[2026-07-14 06:01:06] Updated row 62: ECO=DSM25987 Submitted=23 Jun 2026 Released=25 Jun 2026
[2026-07-14 06:01:06] Updated row 63: ECO=DSM25987 Submitted=23 Jun 2026 Released=25 Jun 2026
[2026-07-14 06:01:07] Updated row 64: ECO=DSM25990 Submitted=24 Jun 2026 Released=25 Jun 2026
[2026-07-14 06:01:08] Updated row 65: ECO=DSM25984 Submitted=23 Jun 2026 Released=25 Jun 2026
[2026-07-14 06:01:08] Updated row 66: ECO=DSM25984 Submitted=23 Jun 2026 Released=25 Jun 2026
[2026-07-14 06:01:08] Updated row 67: ECO=DSM25984 Submitted=23 Jun 2026 Released=25 Jun 2026
[2026-07-14 06:01:09] Updated row 68: ECO=DSM25986 Submitted=23 Jun 2026 Released=25 Jun 2026
[2026-07-14 06:01:10] Updated row 69: ECO=DSM25994 Submitted=23 Jun 2026 Released=25 Jun 2026
[2026-07-14 06:01:10] Updated row 70: ECO=DSM25994 Submitted=23 Jun 2026 Released=25 Jun 2026
[2026-07-14 06:01:10] Updated row 71: ECO=DSM25994 Submitted=23 Jun 2026 Released=25 Jun 2026
[2026-07-14 06:01:11] Updated row 72: ECO=DSM25995 Submitted=23 Jun 2026 Released=25 Jun 2026
[2026-07-14 06:01:11] Updated row 73: ECO=DSM25987 Submitted=23 Jun 2026 Released=25 Jun 2026
[2026-07-14 06:01:12] Updated row 74: ECO=DSM26002 Submitted=24 Jun 2026 Released=25 Jun 2026
[2026-07-14 06:01:13] Updated row 75: ECO=DSM26011 Submitted=26 Jun 2026 Released=30 Jun 2026
[2026-07-14 06:01:13] Updated row 76: ECO=DSM26011 Submitted=26 Jun 2026 Released=30 Jun 2026
[2026-07-14 06:01:13] Updated row 77: ECO=DSM26011 Submitted=26 Jun 2026 Released=30 Jun 2026
[2026-07-14 06:01:13] Updated row 78: ECO=DSM26011 Submitted=26 Jun 2026 Released=30 Jun 2026
[2026-07-14 06:01:13] Updated row 79: ECO=DSM26011 Submitted=26 Jun 2026 Released=30 Jun 2026
[2026-07-14 06:01:14] Updated row 80: ECO=DSM25991 Submitted=24 Jun 2026 Released=25 Jun 2026
[2026-07-14 06:01:16] Updated row 81: ECO=DSM26013 Submitted=25 Jun 2026 Released=26 Jun 2026
[2026-07-14 06:01:16] Updated row 82: ECO=DSM26013 Submitted=25 Jun 2026 Released=26 Jun 2026
[2026-07-14 06:01:16] Updated row 83: ECO=DSM26013 Submitted=25 Jun 2026 Released=26 Jun 2026
[2026-07-14 06:01:17] Updated row 84: ECO=DSM25988 Submitted=23 Jun 2026 Released=25 Jun 2026
[2026-07-14 06:01:18] Updated row 85: ECO=DSM26008 Submitted=24 Jun 2026 Released=26 Jun 2026
[2026-07-14 06:01:18] Updated row 86: ECO=DSM26008 Submitted=24 Jun 2026 Released=26 Jun 2026
[2026-07-14 06:01:18] Updated row 87: ECO=DSM26008 Submitted=24 Jun 2026 Released=26 Jun 2026
[2026-07-14 06:01:19] Updated row 88: ECO=DSM26003 Submitted=24 Jun 2026 Released=25 Jun 2026
[2026-07-14 06:01:20] Updated row 89: ECO=DSM26000 Submitted=24 Jun 2026 Released=25 Jun 2026
[2026-07-14 06:01:20] Updated row 90: ECO=DSM26000 Submitted=24 Jun 2026 Released=25 Jun 2026
[2026-07-14 06:01:20] Updated row 91: ECO=DSM26000 Submitted=24 Jun 2026 Released=25 Jun 2026
[2026-07-14 06:01:21] Updated row 92: ECO=DSM26005 Submitted=24 Jun 2026 Released=25 Jun 2026
[2026-07-14 06:01:22] Updated row 93: ECO=DSM26006 Submitted=24 Jun 2026 Released=25 Jun 2026
[2026-07-14 06:01:23] Updated row 94: ECO=CA90084HB Submitted=24 Jun 2026 Released=26 Jun 2026
[2026-07-14 06:01:24] Updated row 95: ECO=CA90087HB Submitted=25 Jun 2026 Released=26 Jun 2026
[2026-07-14 06:01:25] Updated row 96: ECO=CA90080HB Submitted=25 Jun 2026 Released=26 Jun 2026
[2026-07-14 06:01:25] Updated row 97: ECO=CA90080HB Submitted=25 Jun 2026 Released=26 Jun 2026
[2026-07-14 06:01:25] Updated row 98: ECO=CA90080HB Submitted=25 Jun 2026 Released=26 Jun 2026
[2026-07-14 06:01:25] Updated row 99: ECO=CA90080HB Submitted=25 Jun 2026 Released=26 Jun 2026
[2026-07-14 06:01:26] Updated row 100: ECO=CA90088HB Submitted=25 Jun 2026 Released=26 Jun 2026
[2026-07-14 06:01:27] Updated row 101: ECO=CA90075HB Submitted=27 Jun 2026 Released=30 Jun 2026
[2026-07-14 06:01:27] Updated row 102: ECO=CA90075HB Submitted=27 Jun 2026 Released=30 Jun 2026
[2026-07-14 06:01:27] Updated row 103: ECO=CA90075HB Submitted=27 Jun 2026 Released=30 Jun 2026
[2026-07-14 06:01:28] Updated row 104: ECO=CA90068HB Submitted=25 Jun 2026 Released=26 Jun 2026
[2026-07-14 06:01:28] Updated row 105: ECO=CA90068HB Submitted=25 Jun 2026 Released=26 Jun 2026
[2026-07-14 06:01:28] Updated row 106: ECO=CA90068HB Submitted=25 Jun 2026 Released=26 Jun 2026
[2026-07-14 06:01:28] Updated row 107: ECO=CA90068HB Submitted=25 Jun 2026 Released=26 Jun 2026
[2026-07-14 06:01:29] Updated row 108: ECO=CA90078HB Submitted=25 Jun 2026 Released=26 Jun 2026
[2026-07-14 06:01:30] Updated row 109: ECO=CA90083HB Submitted=25 Jun 2026 Released=26 Jun 2026
[2026-07-14 06:01:31] Updated row 110: ECO=CA90081HB Submitted=25 Jun 2026 Released=26 Jun 2026
[2026-07-14 06:01:32] Updated row 111: ECO=CA90082HB Submitted=25 Jun 2026 Released=26 Jun 2026
[2026-07-14 06:01:33] Updated row 112: ECO=CA90073HB Submitted=30 Jun 2026 Released=02 Jul 2026
[2026-07-14 06:01:34] Updated row 113: ECO=CA90070HB Submitted=25 Jun 2026 Released=25 Jun 2026
[2026-07-14 06:01:34] Updated row 114: ECO=CA90070HB Submitted=25 Jun 2026 Released=25 Jun 2026
[2026-07-14 06:01:34] Updated row 115: ECO=CA90070HB Submitted=25 Jun 2026 Released=25 Jun 2026
[2026-07-14 06:01:34] Updated row 116: ECO=CA90070HB Submitted=25 Jun 2026 Released=25 Jun 2026
[2026-07-14 06:01:35] Updated row 117: ECO=DSM26017 Submitted=25 Jun 2026 Released=26 Jun 2026
[2026-07-14 06:01:35] Updated row 118: ECO=DSM26017 Submitted=25 Jun 2026 Released=26 Jun 2026
[2026-07-14 06:01:35] Updated row 119: ECO=DSM26017 Submitted=25 Jun 2026 Released=26 Jun 2026
[2026-07-14 06:01:35] Skipping row 120: ECO value is empty or not usable (N/A).
[2026-07-14 06:01:36] Updated row 121: ECO=CA90109HB Submitted=25 Jun 2026 Released=26 Jun 2026
[2026-07-14 06:01:37] Updated row 122: ECO=CA90104HB Submitted=25 Jun 2026 Released=26 Jun 2026
[2026-07-14 06:01:37] Updated row 123: ECO=CA90104HB Submitted=25 Jun 2026 Released=26 Jun 2026
[2026-07-14 06:01:38] Updated row 124: ECO=CA90141HB Submitted=02 Jul 2026 Released=07 Jul 2026
[2026-07-14 06:01:39] Updated row 125: ECO=CA90142HB Submitted=02 Jul 2026 Released=07 Jul 2026
[2026-07-14 06:01:40] Updated row 126: ECO=CA90137HB Submitted=02 Jul 2026 Released=07 Jul 2026
[2026-07-14 06:01:41] Updated row 127: ECO=DSM26022 Submitted=02 Jul 2026 Released=03 Jul 2026
[2026-07-14 06:01:41] Updated row 128: ECO=DSM26022 Submitted=02 Jul 2026 Released=03 Jul 2026
[2026-07-14 06:01:41] Updated row 129: ECO=DSM26022 Submitted=02 Jul 2026 Released=03 Jul 2026
[2026-07-14 06:01:42] Updated row 130: ECO=DSM26023 Submitted=01 Jul 2026 Released=02 Jul 2026
[2026-07-14 06:01:42] Updated row 131: ECO=DSM26023 Submitted=01 Jul 2026 Released=02 Jul 2026
[2026-07-14 06:01:42] Updated row 132: ECO=DSM26023 Submitted=01 Jul 2026 Released=02 Jul 2026
[2026-07-14 06:01:43] Updated row 133: ECO=DSM26038 Submitted=01 Jul 2026 Released=02 Jul 2026
[2026-07-14 06:01:44] Updated row 134: ECO=DSM26040 Submitted=01 Jul 2026 Released=02 Jul 2026
[2026-07-14 06:01:44] Updated row 135: ECO=DSM26040 Submitted=01 Jul 2026 Released=02 Jul 2026
[2026-07-14 06:01:44] Updated row 136: ECO=DSM26040 Submitted=01 Jul 2026 Released=02 Jul 2026
[2026-07-14 06:01:45] Updated row 137: ECO=DSM26041 Submitted=01 Jul 2026 Released=02 Jul 2026
[2026-07-14 06:01:46] Updated row 138: ECO=DSM26024 Submitted=30 Jun 2026 Released=02 Jul 2026
[2026-07-14 06:01:47] Updated row 139: ECO=DSM26027 Submitted=30 Jun 2026 Released=02 Jul 2026
[2026-07-14 06:01:48] Updated row 140: ECO=DSM26045 Submitted=01 Jul 2026 Released=03 Jul 2026
[2026-07-14 06:01:48] Updated row 141: ECO=DSM26045 Submitted=01 Jul 2026 Released=03 Jul 2026
[2026-07-14 06:01:48] Updated row 142: ECO=DSM26045 Submitted=01 Jul 2026 Released=03 Jul 2026
[2026-07-14 06:01:49] Updated row 143: ECO=DSM26037 Submitted=03 Jul 2026 Released=07 Jul 2026
[2026-07-14 06:01:50] Updated row 144: ECO=DSM26036 Submitted=03 Jul 2026 Released=07 Jul 2026
[2026-07-14 06:01:50] Updated row 145: ECO=DSM26036 Submitted=03 Jul 2026 Released=07 Jul 2026
[2026-07-14 06:01:50] Updated row 146: ECO=DSM26037 Submitted=03 Jul 2026 Released=07 Jul 2026
[2026-07-14 06:01:50] Updated row 147: ECO=DSM26036 Submitted=03 Jul 2026 Released=07 Jul 2026
[2026-07-14 06:01:50] Updated row 148: ECO=DSM26037 Submitted=03 Jul 2026 Released=07 Jul 2026
[2026-07-14 06:01:51] Updated row 149: ECO=DSM26026 Submitted=02 Jul 2026 Released=07 Jul 2026
[2026-07-14 06:01:52] Updated row 150: ECO=DSM26028 Submitted=07 Jul 2026 Released=10 Jul 2026
[2026-07-14 06:01:53] Updated row 151: ECO=DSM26030 Submitted=07 Jul 2026 Released=10 Jul 2026
[2026-07-14 06:01:54] Updated row 152: ECO=DSM26033 Submitted=03 Jul 2026 Released=07 Jul 2026
[2026-07-14 06:01:54] Updated row 153: ECO=DSM26028 Submitted=07 Jul 2026 Released=10 Jul 2026
[2026-07-14 06:01:54] Updated row 154: ECO=DSM26030 Submitted=07 Jul 2026 Released=10 Jul 2026
[2026-07-14 06:01:54] Updated row 155: ECO=DSM26033 Submitted=03 Jul 2026 Released=07 Jul 2026
[2026-07-14 06:01:54] Updated row 156: ECO=DSM26033 Submitted=03 Jul 2026 Released=07 Jul 2026
[2026-07-14 06:01:54] Updated row 157: ECO=DSM26028 Submitted=07 Jul 2026 Released=10 Jul 2026
[2026-07-14 06:01:54] Updated row 158: ECO=DSM26030 Submitted=07 Jul 2026 Released=10 Jul 2026
[2026-07-14 06:01:55] Updated row 159: ECO=DSM26034 Submitted=01 Jul 2026 Released=02 Jul 2026
[2026-07-14 06:01:55] Updated row 160: ECO=DSM26034 Submitted=01 Jul 2026 Released=02 Jul 2026
[2026-07-14 06:01:55] Updated row 161: ECO=DSM26034 Submitted=01 Jul 2026 Released=02 Jul 2026
[2026-07-14 06:01:56] Updated row 162: ECO=DSM26035 Submitted=01 Jul 2026 Released=02 Jul 2026
[2026-07-14 06:01:57] Updated row 163: ECO=DSM26021 Submitted=02 Jul 2026 Released=03 Jul 2026
[2026-07-14 06:01:57] Updated row 164: ECO=DSM26035 Submitted=01 Jul 2026 Released=02 Jul 2026
[2026-07-14 06:01:57] Updated row 165: ECO=DSM26021 Submitted=02 Jul 2026 Released=03 Jul 2026
[2026-07-14 06:01:57] Updated row 166: ECO=DSM26035 Submitted=01 Jul 2026 Released=02 Jul 2026
[2026-07-14 06:01:57] Updated row 167: ECO=DSM26021 Submitted=02 Jul 2026 Released=03 Jul 2026
[2026-07-14 06:01:57] Updated row 168: ECO=DSM26035 Submitted=01 Jul 2026 Released=02 Jul 2026
[2026-07-14 06:01:57] Updated row 169: ECO=DSM26021 Submitted=02 Jul 2026 Released=03 Jul 2026
[2026-07-14 06:01:57] Updated row 170: ECO=DSM26035 Submitted=01 Jul 2026 Released=02 Jul 2026
[2026-07-14 06:01:57] Updated row 171: ECO=DSM26021 Submitted=02 Jul 2026 Released=03 Jul 2026
[2026-07-14 06:01:58] Updated row 172: ECO=DSM26025 Submitted=01 Jul 2026 Released=02 Jul 2026
[2026-07-14 06:01:58] Updated row 173: ECO=DSM26025 Submitted=01 Jul 2026 Released=02 Jul 2026
[2026-07-14 06:01:58] Updated row 174: ECO=DSM26025 Submitted=01 Jul 2026 Released=02 Jul 2026
[2026-07-14 06:01:59] Updated row 175: ECO=DSM26029 Submitted=02 Jul 2026 Released=03 Jul 2026
[2026-07-14 06:02:00] Updated row 176: ECO=DSM26031 Submitted=04 Jul 2026 Released=07 Jul 2026
[2026-07-14 06:02:01] Updated row 177: ECO=DSM26039 Submitted=03 Jul 2026 Released=07 Jul 2026
[2026-07-14 06:02:02] Updated row 178: ECO=DSM26043 Submitted=03 Jul 2026 Released=07 Jul 2026
[2026-07-14 06:02:03] Updated row 179: ECO=DSM26044 Submitted=03 Jul 2026 Released=07 Jul 2026
[2026-07-14 06:02:04] Updated row 180: ECO=DSM26042 Submitted=03 Jul 2026 Released=07 Jul 2026
[2026-07-14 06:02:04] Updated row 181: ECO=DSM26029 Submitted=02 Jul 2026 Released=03 Jul 2026
[2026-07-14 06:02:04] Updated row 182: ECO=DSM26031 Submitted=04 Jul 2026 Released=07 Jul 2026
[2026-07-14 06:02:04] Updated row 183: ECO=DSM26039 Submitted=03 Jul 2026 Released=07 Jul 2026
[2026-07-14 06:02:04] Updated row 184: ECO=DSM26043 Submitted=03 Jul 2026 Released=07 Jul 2026
[2026-07-14 06:02:04] Updated row 185: ECO=DSM26044 Submitted=03 Jul 2026 Released=07 Jul 2026
[2026-07-14 06:02:04] Updated row 186: ECO=DSM26042 Submitted=03 Jul 2026 Released=07 Jul 2026
[2026-07-14 06:02:04] Updated row 187: ECO=DSM26029 Submitted=02 Jul 2026 Released=03 Jul 2026
[2026-07-14 06:02:04] Updated row 188: ECO=DSM26031 Submitted=04 Jul 2026 Released=07 Jul 2026
[2026-07-14 06:02:04] Updated row 189: ECO=DSM26039 Submitted=03 Jul 2026 Released=07 Jul 2026
[2026-07-14 06:02:04] Updated row 190: ECO=DSM26043 Submitted=03 Jul 2026 Released=07 Jul 2026
[2026-07-14 06:02:04] Updated row 191: ECO=DSM26044 Submitted=03 Jul 2026 Released=07 Jul 2026
[2026-07-14 06:02:04] Updated row 192: ECO=DSM26042 Submitted=03 Jul 2026 Released=07 Jul 2026
[2026-07-14 06:02:05] Updated row 193: ECO=CA90162HB Submitted=01 Jul 2026 Released=02 Jul 2026
[2026-07-14 06:02:06] Updated row 194: ECO=CA90167HB Submitted=02 Jul 2026 Released=03 Jul 2026
[2026-07-14 06:02:07] Updated row 195: ECO=CA90173HB Submitted=03 Jul 2026 Released=07 Jul 2026
[2026-07-14 06:02:07] Updated row 196: ECO=CA90173HB Submitted=03 Jul 2026 Released=07 Jul 2026
[2026-07-14 06:02:07] Updated row 197: ECO=CA90173HB Submitted=03 Jul 2026 Released=07 Jul 2026
[2026-07-14 06:02:08] Updated row 198: ECO=CA90176HB Submitted=07 Jul 2026 Released=08 Jul 2026
[2026-07-14 06:02:08] Updated row 199: ECO=CA90176HB Submitted=07 Jul 2026 Released=08 Jul 2026
[2026-07-14 06:02:08] Updated row 200: ECO=CA90176HB Submitted=07 Jul 2026 Released=08 Jul 2026
[2026-07-14 06:02:09] Updated row 201: ECO=CA90181HB Submitted=07 Jul 2026 Released=10 Jul 2026
[2026-07-14 06:02:09] Updated row 202: ECO=CA90181HB Submitted=07 Jul 2026 Released=10 Jul 2026
[2026-07-14 06:02:09] Updated row 203: ECO=CA90181HB Submitted=07 Jul 2026 Released=10 Jul 2026
[2026-07-14 06:02:10] Updated row 204: ECO=CA90172HB Submitted=07 Jul 2026 Released=10 Jul 2026
[2026-07-14 06:02:10] Updated row 205: ECO=CA90172HB Submitted=07 Jul 2026 Released=10 Jul 2026
[2026-07-14 06:02:10] Updated row 206: ECO=CA90172HB Submitted=07 Jul 2026 Released=10 Jul 2026
[2026-07-14 06:02:11] Updated row 207: ECO=CA90174HB Submitted=07 Jul 2026 Released=10 Jul 2026
[2026-07-14 06:02:11] Updated row 208: ECO=CA90174HB Submitted=07 Jul 2026 Released=10 Jul 2026
[2026-07-14 06:02:11] Updated row 209: ECO=CA90174HB Submitted=07 Jul 2026 Released=10 Jul 2026
[2026-07-14 06:02:12] Updated row 210: ECO=CA90170HB Submitted=02 Jul 2026 Released=07 Jul 2026
[2026-07-14 06:02:12] Updated row 211: ECO=CA90170HB Submitted=02 Jul 2026 Released=07 Jul 2026
[2026-07-14 06:02:12] Updated row 212: ECO=CA90170HB Submitted=02 Jul 2026 Released=07 Jul 2026
[2026-07-14 06:02:13] Updated row 213: ECO=CA90171HB Submitted=07 Jul 2026 Released=10 Jul 2026
[2026-07-14 06:02:13] Updated row 214: ECO=CA90171HB Submitted=07 Jul 2026 Released=10 Jul 2026
[2026-07-14 06:02:13] Updated row 215: ECO=CA90171HB Submitted=07 Jul 2026 Released=10 Jul 2026
[2026-07-14 06:02:14] Updated row 216: ECO=CA90183HB Submitted=07 Jul 2026 Released=10 Jul 2026
[2026-07-14 06:02:14] Updated row 217: ECO=CA90183HB Submitted=07 Jul 2026 Released=10 Jul 2026
[2026-07-14 06:02:14] Updated row 218: ECO=CA90183HB Submitted=07 Jul 2026 Released=10 Jul 2026
[2026-07-14 06:02:15] Updated row 219: ECO=CA90184HB Submitted=02 Jul 2026 Released=03 Jul 2026
[2026-07-14 06:02:15] Updated row 220: ECO=CA90184HB Submitted=02 Jul 2026 Released=03 Jul 2026
[2026-07-14 06:02:16] Updated row 221: ECO=CA90182HB Submitted=01 Jul 2026 Released=03 Jul 2026
[2026-07-14 06:02:16] Updated row 222: ECO=CA90182HB Submitted=01 Jul 2026 Released=03 Jul 2026
[2026-07-14 06:02:16] Updated row 223: ECO=CA90182HB Submitted=01 Jul 2026 Released=03 Jul 2026
[2026-07-14 06:02:16] Updated row 224: ECO=CA90182HB Submitted=01 Jul 2026 Released=03 Jul 2026
[2026-07-14 06:02:17] Updated row 225: ECO=CA90177HB Submitted=01 Jul 2026 Released=03 Jul 2026
[2026-07-14 06:02:18] Updated row 226: ECO=CA90175HB Submitted=02 Jul 2026 Released=03 Jul 2026
[2026-07-14 06:02:19] Updated row 227: ECO=CA90178HB Submitted=01 Jul 2026 Released=03 Jul 2026
[2026-07-14 06:02:19] Updated row 228: ECO=CA90178HB Submitted=01 Jul 2026 Released=03 Jul 2026
[2026-07-14 06:02:19] Updated row 229: ECO=CA90178HB Submitted=01 Jul 2026 Released=03 Jul 2026
[2026-07-14 06:02:20] Updated row 230: ECO=CA90185HB Submitted=02 Jul 2026 Released=03 Jul 2026
[2026-07-14 06:02:21] Updated row 231: ECO=CA90186HB Submitted=02 Jul 2026 Released=03 Jul 2026
[2026-07-14 06:02:22] Updated row 232: ECO=CA90187HB Submitted=02 Jul 2026 Released=03 Jul 2026
[2026-07-14 06:02:22] Skipping row 233: ECO value is empty or not usable (NA).
[2026-07-14 06:02:23] Updated row 234: ECO=CA90217HB Submitted=09 Jul 2026 Released=None
[2026-07-14 06:02:24] Updated row 235: ECO=CA90226HB Submitted=06 Jul 2026 Released=08 Jul 2026
[2026-07-14 06:02:24] Updated row 236: ECO=CA90226HB Submitted=06 Jul 2026 Released=08 Jul 2026
[2026-07-14 06:02:24] Skipping row 237: ECO value is empty or not usable (N/A).
[2026-07-14 06:02:24] Skipping row 238: ECO value is empty or not usable (N/A).
[2026-07-14 06:02:24] Skipping row 239: ECO value is empty or not usable (N/A).
[2026-07-14 06:02:25] Updated row 240: ECO=CA90225HB Submitted=06 Jul 2026 Released=08 Jul 2026
[2026-07-14 06:02:26] Updated row 241: ECO=CA90224HB Submitted=07 Jul 2026 Released=08 Jul 2026
[2026-07-14 06:02:26] Skipping row 242: ECO value is empty or not usable (N/A).
[2026-07-14 06:02:26] Skipping row 243: ECO value is empty or not usable (N/A).
[2026-07-14 06:02:26] Skipping row 244: ECO value is empty or not usable (N/A).
[2026-07-14 06:02:27] Updated row 245: ECO=DSM26064 Submitted=06 Jul 2026 Released=08 Jul 2026
[2026-07-14 06:02:27] Updated row 246: ECO=DSM26064 Submitted=06 Jul 2026 Released=08 Jul 2026
[2026-07-14 06:02:27] Updated row 247: ECO=DSM26064 Submitted=06 Jul 2026 Released=08 Jul 2026
[2026-07-14 06:02:28] Updated row 248: ECO=DSM26063 Submitted=07 Jul 2026 Released=08 Jul 2026
[2026-07-14 06:02:28] Updated row 249: ECO=DSM26063 Submitted=07 Jul 2026 Released=08 Jul 2026
[2026-07-14 06:02:28] Updated row 250: ECO=DSM26063 Submitted=07 Jul 2026 Released=08 Jul 2026
[2026-07-14 06:02:28] Skipping row 251: ECO value is empty or not usable (N/A).
[2026-07-14 06:02:28] Skipping row 252: ECO value is empty or not usable (N/A).
[2026-07-14 06:02:28] Skipping row 253: ECO value is empty or not usable (N/A).
[2026-07-14 06:02:29] Updated row 254: ECO=CA90336HB Submitted=11 Jul 2026 Released=None
[2026-07-14 06:02:29] Updated row 255: ECO=CA90336HB Submitted=11 Jul 2026 Released=None
[2026-07-14 06:02:29] Updated row 256: ECO=CA90336HB Submitted=11 Jul 2026 Released=None
[2026-07-14 06:02:29] Updated row 257: ECO=CA90336HB Submitted=11 Jul 2026 Released=None
[2026-07-14 06:02:30] Updated row 258: ECO=DSM26052 Submitted=13 Jul 2026 Released=14 Jul 2026
[2026-07-14 06:02:30] Updated row 259: ECO=DSM26052 Submitted=13 Jul 2026 Released=14 Jul 2026
[2026-07-14 06:02:30] Updated row 260: ECO=DSM26052 Submitted=13 Jul 2026 Released=14 Jul 2026
[2026-07-14 06:02:31] Updated row 261: ECO=DSM26077 Submitted=13 Jul 2026 Released=None
[2026-07-14 06:02:31] Updated row 262: ECO=DSM26077 Submitted=13 Jul 2026 Released=None
[2026-07-14 06:02:31] Updated row 263: ECO=DSM26077 Submitted=13 Jul 2026 Released=None
[2026-07-14 06:02:32] Updated row 264: ECO=DSM26076 Submitted=11 Jul 2026 Released=11 Jul 2026
[2026-07-14 06:02:33] Updated row 265: ECO=DSM26073 Submitted=14 Jul 2026 Released=None
[2026-07-14 06:02:33] Updated row 266: ECO=DSM26073 Submitted=14 Jul 2026 Released=None
[2026-07-14 06:02:33] Updated row 267: ECO=DSM26073 Submitted=14 Jul 2026 Released=None
[2026-07-14 06:02:33] Updated row 268: ECO=DSM26073 Submitted=14 Jul 2026 Released=None
[2026-07-14 06:02:33] Updated row 269: ECO=DSM26073 Submitted=14 Jul 2026 Released=None
[2026-07-14 06:02:33] Skipping row 270: ECO value is empty or not usable (blank).
[2026-07-14 06:02:34] Updated row 271: ECO=CA90368HB Submitted=13 Jul 2026 Released=None
[2026-07-14 06:02:34] Updated row 272: ECO=CA90368HB Submitted=13 Jul 2026 Released=None
[2026-07-14 06:02:35] Updated row 273: ECO=CA90364HB Submitted=14 Jul 2026 Released=None
[2026-07-14 06:02:35] Updated row 274: ECO=CA90364HB Submitted=14 Jul 2026 Released=None
[2026-07-14 06:02:35] Updated row 275: ECO=CA90364HB Submitted=14 Jul 2026 Released=None
[2026-07-14 06:02:35] Updated row 276: ECO=CA90364HB Submitted=14 Jul 2026 Released=None
[2026-07-14 06:02:36] Updated row 277: ECO=CA90363HB Submitted=14 Jul 2026 Released=None
[2026-07-14 06:02:36] Updated row 278: ECO=CA90363HB Submitted=14 Jul 2026 Released=None
[2026-07-14 06:02:36] Updated row 279: ECO=CA90363HB Submitted=14 Jul 2026 Released=None
[2026-07-14 06:02:36] Updated row 280: ECO=CA90363HB Submitted=14 Jul 2026 Released=None
[2026-07-14 06:02:37] Updated row 281: ECO=CA90377HB Submitted=14 Jul 2026 Released=None
[2026-07-14 06:02:37] Updated row 282: ECO=CA90377HB Submitted=14 Jul 2026 Released=None
[2026-07-14 06:02:37] Updated row 283: ECO=CA90377HB Submitted=14 Jul 2026 Released=None
[2026-07-14 06:02:37] Updated row 284: ECO=CA90377HB Submitted=14 Jul 2026 Released=None
[2026-07-14 06:02:38] Updated row 285: ECO=CA90378HB Submitted=14 Jul 2026 Released=None
[2026-07-14 06:02:38] Updated row 286: ECO=CA90378HB Submitted=14 Jul 2026 Released=None
[2026-07-14 06:02:38] Updated row 287: ECO=CA90378HB Submitted=14 Jul 2026 Released=None
[2026-07-14 06:02:38] Updated row 288: ECO=CA90378HB Submitted=14 Jul 2026 Released=None
[2026-07-14 06:02:39] Updated row 289: ECO=CA90359HB Submitted=14 Jul 2026 Released=None
[2026-07-14 06:02:39] Updated row 290: ECO=CA90359HB Submitted=14 Jul 2026 Released=None
[2026-07-14 06:02:40] Updated row 291: ECO=CA90374HB Submitted=14 Jul 2026 Released=None
[2026-07-14 06:02:40] Updated row 292: ECO=CA90374HB Submitted=14 Jul 2026 Released=None
[2026-07-14 06:02:40] Skipping row 293: ECO value is empty or not usable (blank).
[2026-07-14 06:02:40] Workbook looks free. Waiting 30 seconds for OneDrive to settle...
[2026-07-14 06:03:10] Saving workbook to C:\Users\kmageshkumar\OneDrive - Ichor Systems\AMAT SGP ECO Tracker.xlsx...
[2026-07-14 06:03:10] Workbook protection and editable-range metadata preserved.
[2026-07-14 06:03:10] Workbook save complete.
[2026-07-14 06:03:10] Workbook updated: C:\Users\kmageshkumar\OneDrive - Ichor Systems\AMAT SGP ECO Tracker.xlsx
[2026-07-14 06:03:10] Workbook looks free. Waiting 30 seconds for OneDrive to settle...
[2026-07-14 06:03:42] Skipping row 2: CRF value is empty or not usable (blank).
[2026-07-14 06:03:42] Workbook looks free. Waiting 30 seconds for OneDrive to settle...
[2026-07-14 06:04:12] Saving workbook to C:\Users\kmageshkumar\OneDrive - Ichor Systems\AMAT SGP CRF Tracker.xlsx...
[2026-07-14 06:04:12] Workbook protection and editable-range metadata preserved.
[2026-07-14 06:04:12] Workbook save complete.
[2026-07-14 06:04:12] CRF workbook updated: C:\Users\kmageshkumar\OneDrive - Ichor Systems\AMAT SGP CRF Tracker.xlsx
[2026-07-15 06:00:02] Workbook looks free. Waiting 30 seconds for OneDrive to settle...
[2026-07-15 06:00:33] Unhandled workbook update error.
[2026-07-15 06:00:33] Traceback (most recent call last):
  File "C:\Users\kmageshkumar\OneDrive - Ichor Systems\Scripts\ECO & CRF Tracker\agile_eco_dates.py", line 1135, in update_workbook_dates
    agile_client = create_agile_client_from_file()
  File "C:\Users\kmageshkumar\OneDrive - Ichor Systems\Scripts\ECO & CRF Tracker\agile_eco_dates.py", line 643, in create_agile_client_from_file
    return AgileEcoClient(agile_user, agile_pass)
  File "C:\Users\kmageshkumar\OneDrive - Ichor Systems\Scripts\ECO & CRF Tracker\agile_eco_dates.py", line 217, in __init__
    self.client = Client(AGILE_WSDL, transport=transport, settings=settings)
                  ~~~~~~^^^^^^^^^^^^^^^^^^^^^^^^^^^^^^^^^^^^^^^^^^^^^^^^^^^^
  File "C:\Users\kmageshkumar\AppData\Local\Programs\Python\Python313\Lib\site-packages\zeep\client.py", line 76, in __init__
    self.wsdl = Document(wsdl, self.transport, settings=self.settings)
                ~~~~~~~~^^^^^^^^^^^^^^^^^^^^^^^^^^^^^^^^^^^^^^^^^^^^^^
  File "C:\Users\kmageshkumar\AppData\Local\Programs\Python\Python313\Lib\site-packages\zeep\wsdl\wsdl.py", line 84, in __init__
    self.load(location)
    ~~~~~~~~~^^^^^^^^^^
  File "C:\Users\kmageshkumar\AppData\Local\Programs\Python\Python313\Lib\site-packages\zeep\wsdl\wsdl.py", line 87, in load
    document = self._get_xml_document(location, _initial=True)
  File "C:\Users\kmageshkumar\AppData\Local\Programs\Python\Python313\Lib\site-packages\zeep\wsdl\wsdl.py", line 152, in _get_xml_document
    return load_external(
        location,
    ...<3 lines>...
        _initial=_initial,
    )
  File "C:\Users\kmageshkumar\AppData\Local\Programs\Python\Python313\Lib\site-packages\zeep\loader.py", line 108, in load_external
    content = transport.load(url)
  File "C:\Users\kmageshkumar\AppData\Local\Programs\Python\Python313\Lib\site-packages\zeep\transports.py", line 132, in load
    content = self._load_remote_data(url)
  File "C:\Users\kmageshkumar\AppData\Local\Programs\Python\Python313\Lib\site-packages\zeep\transports.py", line 146, in _load_remote_data
    response.raise_for_status()
    ~~~~~~~~~~~~~~~~~~~~~~~~~^^
  File "C:\Users\kmageshkumar\AppData\Local\Programs\Python\Python313\Lib\site-packages\requests\models.py", line 1167, in raise_for_status
    raise HTTPError(http_error_msg, response=self)
requests.exceptions.HTTPError: 401 Client Error: Unauthorized for url: http://pagapps1.ichorsystems.com:7001/CoreService/services/Table?wsdl
[2026-07-16 06:00:03] Workbook looks free. Waiting 30 seconds for OneDrive to settle...
[2026-07-16 06:00:37] Updated row 2: ECO=CA89812HB Submitted=17 Jun 2026 Released=18 Jun 2026
[2026-07-16 06:00:37] Updated row 3: ECO=CA89812HB Submitted=17 Jun 2026 Released=18 Jun 2026
[2026-07-16 06:00:38] Updated row 4: ECO=CA89800HB Submitted=17 Jun 2026 Released=18 Jun 2026
[2026-07-16 06:00:38] Updated row 5: ECO=CA89800HB Submitted=17 Jun 2026 Released=18 Jun 2026
[2026-07-16 06:00:38] Updated row 6: ECO=CA89800HB Submitted=17 Jun 2026 Released=18 Jun 2026
[2026-07-16 06:00:39] Updated row 7: ECO=CA89823HB Submitted=16 Jun 2026 Released=17 Jun 2026
[2026-07-16 06:00:40] Updated row 8: ECO=CA89799HB Submitted=17 Jun 2026 Released=18 Jun 2026
[2026-07-16 06:00:41] Updated row 9: ECO=CA89813HB Submitted=17 Jun 2026 Released=18 Jun 2026
[2026-07-16 06:00:43] Updated row 10: ECO=CA89819HB Submitted=16 Jun 2026 Released=17 Jun 2026
[2026-07-16 06:00:44] Updated row 11: ECO=CA89817HB Submitted=17 Jun 2026 Released=18 Jun 2026
[2026-07-16 06:00:45] Updated row 12: ECO=CA89801HB Submitted=17 Jun 2026 Released=18 Jun 2026
[2026-07-16 06:00:46] Updated row 13: ECO=CA89804HB Submitted=17 Jun 2026 Released=18 Jun 2026
[2026-07-16 06:00:48] Updated row 14: ECO=CA89818HB Submitted=17 Jun 2026 Released=18 Jun 2026
[2026-07-16 06:00:48] Skipping row 15: ECO value is empty or not usable (NA).
[2026-07-16 06:00:48] Skipping row 16: ECO value is empty or not usable (NA).
[2026-07-16 06:00:48] Skipping row 17: ECO value is empty or not usable (NA).
[2026-07-16 06:00:49] Updated row 18: ECO=CA89851HB Submitted=18 Jun 2026 Released=20 Jun 2026
[2026-07-16 06:00:49] Updated row 19: ECO=CA89851HB Submitted=18 Jun 2026 Released=20 Jun 2026
[2026-07-16 06:00:49] Updated row 20: ECO=CA89851HB Submitted=18 Jun 2026 Released=20 Jun 2026
[2026-07-16 06:00:50] Updated row 21: ECO=CA89905HB Submitted=20 Jun 2026 Released=23 Jun 2026
[2026-07-16 06:00:52] Updated row 22: ECO=CA89878HB Submitted=18 Jun 2026 Released=19 Jun 2026
[2026-07-16 06:00:52] Updated row 23: ECO=CA89878HB Submitted=18 Jun 2026 Released=19 Jun 2026
[2026-07-16 06:00:53] Updated row 24: ECO=CA89886HB Submitted=19 Jun 2026 Released=20 Jun 2026
[2026-07-16 06:00:54] Updated row 25: ECO=CA89881HB Submitted=19 Jun 2026 Released=20 Jun 2026
[2026-07-16 06:00:56] Updated row 26: ECO=CA89910HB Submitted=18 Jun 2026 Released=19 Jun 2026
[2026-07-16 06:00:56] Updated row 27: ECO=CA89910HB Submitted=18 Jun 2026 Released=19 Jun 2026
[2026-07-16 06:00:56] Updated row 28: ECO=CA89910HB Submitted=18 Jun 2026 Released=19 Jun 2026
[2026-07-16 06:00:57] Updated row 29: ECO=CA89966HB Submitted=23 Jun 2026 Released=25 Jun 2026
[2026-07-16 06:00:57] Updated row 30: ECO=CA89966HB Submitted=23 Jun 2026 Released=25 Jun 2026
[2026-07-16 06:00:59] Updated row 31: ECO=CA89497HB Submitted=30 May 2026 Released=02 Jun 2026
[2026-07-16 06:01:00] Updated row 32: ECO=CA90044HB Submitted=24 Jun 2026 Released=25 Jun 2026
[2026-07-16 06:01:00] Updated row 33: ECO=CA90044HB Submitted=24 Jun 2026 Released=25 Jun 2026
[2026-07-16 06:01:00] Updated row 34: ECO=CA90044HB Submitted=24 Jun 2026 Released=25 Jun 2026
[2026-07-16 06:01:00] Updated row 35: ECO=CA90044HB Submitted=24 Jun 2026 Released=25 Jun 2026
[2026-07-16 06:01:01] Updated row 36: ECO=DSM25989 Submitted=23 Jun 2026 Released=25 Jun 2026
[2026-07-16 06:01:01] Updated row 37: ECO=DSM25989 Submitted=23 Jun 2026 Released=25 Jun 2026
[2026-07-16 06:01:01] Updated row 38: ECO=DSM25989 Submitted=23 Jun 2026 Released=25 Jun 2026
[2026-07-16 06:01:02] Updated row 39: ECO=DSM26016 Submitted=25 Jun 2026 Released=26 Jun 2026
[2026-07-16 06:01:02] Updated row 40: ECO=DSM26016 Submitted=25 Jun 2026 Released=26 Jun 2026
[2026-07-16 06:01:02] Updated row 41: ECO=DSM26016 Submitted=25 Jun 2026 Released=26 Jun 2026
[2026-07-16 06:01:04] Updated row 42: ECO=DSM25993 Submitted=30 Jun 2026 Released=02 Jul 2026
[2026-07-16 06:01:04] Updated row 43: ECO=DSM25993 Submitted=30 Jun 2026 Released=02 Jul 2026
[2026-07-16 06:01:06] Updated row 44: ECO=DSM25983 Submitted=24 Jun 2026 Released=25 Jun 2026
[2026-07-16 06:01:06] Updated row 45: ECO=DSM25983 Submitted=24 Jun 2026 Released=25 Jun 2026
[2026-07-16 06:01:06] Updated row 46: ECO=DSM25983 Submitted=24 Jun 2026 Released=25 Jun 2026
[2026-07-16 06:01:08] Updated row 47: ECO=DSM25980 Submitted=24 Jun 2026 Released=25 Jun 2026
[2026-07-16 06:01:08] Updated row 48: ECO=DSM25980 Submitted=24 Jun 2026 Released=25 Jun 2026
[2026-07-16 06:01:08] Updated row 49: ECO=DSM25980 Submitted=24 Jun 2026 Released=25 Jun 2026
[2026-07-16 06:01:09] Updated row 50: ECO=DSM25982 Submitted=24 Jun 2026 Released=25 Jun 2026
[2026-07-16 06:01:09] Updated row 51: ECO=DSM25982 Submitted=24 Jun 2026 Released=25 Jun 2026
[2026-07-16 06:01:09] Updated row 52: ECO=DSM25982 Submitted=24 Jun 2026 Released=25 Jun 2026
[2026-07-16 06:01:10] Updated row 53: ECO=DSM25996 Submitted=24 Jun 2026 Released=25 Jun 2026
[2026-07-16 06:01:10] Updated row 54: ECO=DSM25996 Submitted=24 Jun 2026 Released=25 Jun 2026
[2026-07-16 06:01:10] Updated row 55: ECO=DSM25996 Submitted=24 Jun 2026 Released=25 Jun 2026
[2026-07-16 06:01:11] Updated row 56: ECO=DSM26004 Submitted=24 Jun 2026 Released=25 Jun 2026
[2026-07-16 06:01:12] Updated row 57: ECO=DSM26001 Submitted=24 Jun 2026 Released=25 Jun 2026
[2026-07-16 06:01:12] Updated row 58: ECO=DSM26001 Submitted=24 Jun 2026 Released=25 Jun 2026
[2026-07-16 06:01:12] Updated row 59: ECO=DSM26001 Submitted=24 Jun 2026 Released=25 Jun 2026
[2026-07-16 06:01:14] Updated row 60: ECO=DSM25998 Submitted=24 Jun 2026 Released=25 Jun 2026
[2026-07-16 06:01:16] Updated row 61: ECO=DSM25987 Submitted=23 Jun 2026 Released=25 Jun 2026
[2026-07-16 06:01:16] Updated row 62: ECO=DSM25987 Submitted=23 Jun 2026 Released=25 Jun 2026
[2026-07-16 06:01:16] Updated row 63: ECO=DSM25987 Submitted=23 Jun 2026 Released=25 Jun 2026
[2026-07-16 06:01:17] Updated row 64: ECO=DSM25990 Submitted=24 Jun 2026 Released=25 Jun 2026
[2026-07-16 06:01:18] Updated row 65: ECO=DSM25984 Submitted=23 Jun 2026 Released=25 Jun 2026
[2026-07-16 06:01:18] Updated row 66: ECO=DSM25984 Submitted=23 Jun 2026 Released=25 Jun 2026
[2026-07-16 06:01:18] Updated row 67: ECO=DSM25984 Submitted=23 Jun 2026 Released=25 Jun 2026
[2026-07-16 06:01:19] Updated row 68: ECO=DSM25986 Submitted=23 Jun 2026 Released=25 Jun 2026
[2026-07-16 06:01:20] Updated row 69: ECO=DSM25994 Submitted=23 Jun 2026 Released=25 Jun 2026
[2026-07-16 06:01:20] Updated row 70: ECO=DSM25994 Submitted=23 Jun 2026 Released=25 Jun 2026
[2026-07-16 06:01:20] Updated row 71: ECO=DSM25994 Submitted=23 Jun 2026 Released=25 Jun 2026
[2026-07-16 06:01:21] Updated row 72: ECO=DSM25995 Submitted=23 Jun 2026 Released=25 Jun 2026
[2026-07-16 06:01:21] Updated row 73: ECO=DSM25987 Submitted=23 Jun 2026 Released=25 Jun 2026
[2026-07-16 06:01:22] Updated row 74: ECO=DSM26002 Submitted=24 Jun 2026 Released=25 Jun 2026
[2026-07-16 06:01:23] Updated row 75: ECO=DSM26011 Submitted=26 Jun 2026 Released=30 Jun 2026
[2026-07-16 06:01:23] Updated row 76: ECO=DSM26011 Submitted=26 Jun 2026 Released=30 Jun 2026
[2026-07-16 06:01:23] Updated row 77: ECO=DSM26011 Submitted=26 Jun 2026 Released=30 Jun 2026
[2026-07-16 06:01:23] Updated row 78: ECO=DSM26011 Submitted=26 Jun 2026 Released=30 Jun 2026
[2026-07-16 06:01:23] Updated row 79: ECO=DSM26011 Submitted=26 Jun 2026 Released=30 Jun 2026
[2026-07-16 06:01:25] Updated row 80: ECO=DSM25991 Submitted=24 Jun 2026 Released=25 Jun 2026
[2026-07-16 06:01:26] Updated row 81: ECO=DSM26013 Submitted=25 Jun 2026 Released=26 Jun 2026
[2026-07-16 06:01:26] Updated row 82: ECO=DSM26013 Submitted=25 Jun 2026 Released=26 Jun 2026
[2026-07-16 06:01:26] Updated row 83: ECO=DSM26013 Submitted=25 Jun 2026 Released=26 Jun 2026
[2026-07-16 06:01:27] Updated row 84: ECO=DSM25988 Submitted=23 Jun 2026 Released=25 Jun 2026
[2026-07-16 06:01:28] Updated row 85: ECO=DSM26008 Submitted=24 Jun 2026 Released=26 Jun 2026
[2026-07-16 06:01:28] Updated row 86: ECO=DSM26008 Submitted=24 Jun 2026 Released=26 Jun 2026
[2026-07-16 06:01:28] Updated row 87: ECO=DSM26008 Submitted=24 Jun 2026 Released=26 Jun 2026
[2026-07-16 06:01:30] Updated row 88: ECO=DSM26003 Submitted=24 Jun 2026 Released=25 Jun 2026
[2026-07-16 06:01:31] Updated row 89: ECO=DSM26000 Submitted=24 Jun 2026 Released=25 Jun 2026
[2026-07-16 06:01:31] Updated row 90: ECO=DSM26000 Submitted=24 Jun 2026 Released=25 Jun 2026
[2026-07-16 06:01:31] Updated row 91: ECO=DSM26000 Submitted=24 Jun 2026 Released=25 Jun 2026
[2026-07-16 06:01:32] Updated row 92: ECO=DSM26005 Submitted=24 Jun 2026 Released=25 Jun 2026
[2026-07-16 06:01:33] Updated row 93: ECO=DSM26006 Submitted=24 Jun 2026 Released=25 Jun 2026
[2026-07-16 06:01:34] Updated row 94: ECO=CA90084HB Submitted=24 Jun 2026 Released=26 Jun 2026
[2026-07-16 06:01:35] Updated row 95: ECO=CA90087HB Submitted=25 Jun 2026 Released=26 Jun 2026
[2026-07-16 06:01:37] Updated row 96: ECO=CA90080HB Submitted=25 Jun 2026 Released=26 Jun 2026
[2026-07-16 06:01:37] Updated row 97: ECO=CA90080HB Submitted=25 Jun 2026 Released=26 Jun 2026
[2026-07-16 06:01:37] Updated row 98: ECO=CA90080HB Submitted=25 Jun 2026 Released=26 Jun 2026
[2026-07-16 06:01:37] Updated row 99: ECO=CA90080HB Submitted=25 Jun 2026 Released=26 Jun 2026
[2026-07-16 06:01:38] Updated row 100: ECO=CA90088HB Submitted=25 Jun 2026 Released=26 Jun 2026
[2026-07-16 06:01:39] Updated row 101: ECO=CA90075HB Submitted=27 Jun 2026 Released=30 Jun 2026
[2026-07-16 06:01:39] Updated row 102: ECO=CA90075HB Submitted=27 Jun 2026 Released=30 Jun 2026
[2026-07-16 06:01:39] Updated row 103: ECO=CA90075HB Submitted=27 Jun 2026 Released=30 Jun 2026
[2026-07-16 06:01:40] Updated row 104: ECO=CA90068HB Submitted=25 Jun 2026 Released=26 Jun 2026
[2026-07-16 06:01:40] Updated row 105: ECO=CA90068HB Submitted=25 Jun 2026 Released=26 Jun 2026
[2026-07-16 06:01:40] Updated row 106: ECO=CA90068HB Submitted=25 Jun 2026 Released=26 Jun 2026
[2026-07-16 06:01:40] Updated row 107: ECO=CA90068HB Submitted=25 Jun 2026 Released=26 Jun 2026
[2026-07-16 06:01:41] Updated row 108: ECO=CA90078HB Submitted=25 Jun 2026 Released=26 Jun 2026
[2026-07-16 06:01:42] Updated row 109: ECO=CA90083HB Submitted=25 Jun 2026 Released=26 Jun 2026
[2026-07-16 06:01:44] Updated row 110: ECO=CA90081HB Submitted=25 Jun 2026 Released=26 Jun 2026
[2026-07-16 06:01:45] Updated row 111: ECO=CA90082HB Submitted=25 Jun 2026 Released=26 Jun 2026
[2026-07-16 06:01:46] Updated row 112: ECO=CA90073HB Submitted=30 Jun 2026 Released=02 Jul 2026
[2026-07-16 06:01:47] Updated row 113: ECO=CA90070HB Submitted=25 Jun 2026 Released=25 Jun 2026
[2026-07-16 06:01:47] Updated row 114: ECO=CA90070HB Submitted=25 Jun 2026 Released=25 Jun 2026
[2026-07-16 06:01:47] Updated row 115: ECO=CA90070HB Submitted=25 Jun 2026 Released=25 Jun 2026
[2026-07-16 06:01:47] Updated row 116: ECO=CA90070HB Submitted=25 Jun 2026 Released=25 Jun 2026
[2026-07-16 06:01:48] Updated row 117: ECO=DSM26017 Submitted=25 Jun 2026 Released=26 Jun 2026
[2026-07-16 06:01:48] Updated row 118: ECO=DSM26017 Submitted=25 Jun 2026 Released=26 Jun 2026
[2026-07-16 06:01:48] Updated row 119: ECO=DSM26017 Submitted=25 Jun 2026 Released=26 Jun 2026
[2026-07-16 06:01:48] Skipping row 120: ECO value is empty or not usable (N/A).
[2026-07-16 06:01:49] Updated row 121: ECO=CA90109HB Submitted=25 Jun 2026 Released=26 Jun 2026
[2026-07-16 06:01:51] Updated row 122: ECO=CA90104HB Submitted=25 Jun 2026 Released=26 Jun 2026
[2026-07-16 06:01:51] Updated row 123: ECO=CA90104HB Submitted=25 Jun 2026 Released=26 Jun 2026
[2026-07-16 06:01:52] Updated row 124: ECO=CA90141HB Submitted=02 Jul 2026 Released=07 Jul 2026
[2026-07-16 06:01:53] Updated row 125: ECO=CA90142HB Submitted=02 Jul 2026 Released=07 Jul 2026
[2026-07-16 06:01:55] Updated row 126: ECO=CA90137HB Submitted=02 Jul 2026 Released=07 Jul 2026
[2026-07-16 06:01:56] Updated row 127: ECO=DSM26022 Submitted=02 Jul 2026 Released=03 Jul 2026
[2026-07-16 06:01:56] Updated row 128: ECO=DSM26022 Submitted=02 Jul 2026 Released=03 Jul 2026
[2026-07-16 06:01:56] Updated row 129: ECO=DSM26022 Submitted=02 Jul 2026 Released=03 Jul 2026
[2026-07-16 06:01:57] Updated row 130: ECO=DSM26023 Submitted=01 Jul 2026 Released=02 Jul 2026
[2026-07-16 06:01:57] Updated row 131: ECO=DSM26023 Submitted=01 Jul 2026 Released=02 Jul 2026
[2026-07-16 06:01:57] Updated row 132: ECO=DSM26023 Submitted=01 Jul 2026 Released=02 Jul 2026
[2026-07-16 06:01:58] Updated row 133: ECO=DSM26038 Submitted=01 Jul 2026 Released=02 Jul 2026
[2026-07-16 06:02:00] Updated row 134: ECO=DSM26040 Submitted=01 Jul 2026 Released=02 Jul 2026
[2026-07-16 06:02:00] Updated row 135: ECO=DSM26040 Submitted=01 Jul 2026 Released=02 Jul 2026
[2026-07-16 06:02:00] Updated row 136: ECO=DSM26040 Submitted=01 Jul 2026 Released=02 Jul 2026
[2026-07-16 06:02:01] Updated row 137: ECO=DSM26041 Submitted=01 Jul 2026 Released=02 Jul 2026
[2026-07-16 06:02:02] Updated row 138: ECO=DSM26024 Submitted=30 Jun 2026 Released=02 Jul 2026
[2026-07-16 06:02:03] Updated row 139: ECO=DSM26027 Submitted=30 Jun 2026 Released=02 Jul 2026
[2026-07-16 06:02:04] Updated row 140: ECO=DSM26045 Submitted=01 Jul 2026 Released=03 Jul 2026
[2026-07-16 06:02:04] Updated row 141: ECO=DSM26045 Submitted=01 Jul 2026 Released=03 Jul 2026
[2026-07-16 06:02:04] Updated row 142: ECO=DSM26045 Submitted=01 Jul 2026 Released=03 Jul 2026
[2026-07-16 06:02:05] Updated row 143: ECO=DSM26037 Submitted=03 Jul 2026 Released=07 Jul 2026
[2026-07-16 06:02:06] Updated row 144: ECO=DSM26036 Submitted=03 Jul 2026 Released=07 Jul 2026
[2026-07-16 06:02:06] Updated row 145: ECO=DSM26036 Submitted=03 Jul 2026 Released=07 Jul 2026
[2026-07-16 06:02:06] Updated row 146: ECO=DSM26037 Submitted=03 Jul 2026 Released=07 Jul 2026
[2026-07-16 06:02:06] Updated row 147: ECO=DSM26036 Submitted=03 Jul 2026 Released=07 Jul 2026
[2026-07-16 06:02:06] Updated row 148: ECO=DSM26037 Submitted=03 Jul 2026 Released=07 Jul 2026
[2026-07-16 06:02:08] Updated row 149: ECO=DSM26026 Submitted=02 Jul 2026 Released=07 Jul 2026
[2026-07-16 06:02:09] Updated row 150: ECO=DSM26028 Submitted=07 Jul 2026 Released=10 Jul 2026
[2026-07-16 06:02:10] Updated row 151: ECO=DSM26030 Submitted=07 Jul 2026 Released=10 Jul 2026
[2026-07-16 06:02:11] Updated row 152: ECO=DSM26033 Submitted=03 Jul 2026 Released=07 Jul 2026
[2026-07-16 06:02:11] Updated row 153: ECO=DSM26028 Submitted=07 Jul 2026 Released=10 Jul 2026
[2026-07-16 06:02:11] Updated row 154: ECO=DSM26030 Submitted=07 Jul 2026 Released=10 Jul 2026
[2026-07-16 06:02:11] Updated row 155: ECO=DSM26033 Submitted=03 Jul 2026 Released=07 Jul 2026
[2026-07-16 06:02:11] Updated row 156: ECO=DSM26033 Submitted=03 Jul 2026 Released=07 Jul 2026
[2026-07-16 06:02:11] Updated row 157: ECO=DSM26028 Submitted=07 Jul 2026 Released=10 Jul 2026
[2026-07-16 06:02:11] Updated row 158: ECO=DSM26030 Submitted=07 Jul 2026 Released=10 Jul 2026
[2026-07-16 06:02:12] Updated row 159: ECO=DSM26034 Submitted=01 Jul 2026 Released=02 Jul 2026
[2026-07-16 06:02:12] Updated row 160: ECO=DSM26034 Submitted=01 Jul 2026 Released=02 Jul 2026
[2026-07-16 06:02:12] Updated row 161: ECO=DSM26034 Submitted=01 Jul 2026 Released=02 Jul 2026
[2026-07-16 06:02:14] Updated row 162: ECO=DSM26035 Submitted=01 Jul 2026 Released=02 Jul 2026
[2026-07-16 06:02:15] Updated row 163: ECO=DSM26021 Submitted=02 Jul 2026 Released=03 Jul 2026
[2026-07-16 06:02:15] Updated row 164: ECO=DSM26035 Submitted=01 Jul 2026 Released=02 Jul 2026
[2026-07-16 06:02:15] Updated row 165: ECO=DSM26021 Submitted=02 Jul 2026 Released=03 Jul 2026
[2026-07-16 06:02:15] Updated row 166: ECO=DSM26035 Submitted=01 Jul 2026 Released=02 Jul 2026
[2026-07-16 06:02:15] Updated row 167: ECO=DSM26021 Submitted=02 Jul 2026 Released=03 Jul 2026
[2026-07-16 06:02:15] Updated row 168: ECO=DSM26035 Submitted=01 Jul 2026 Released=02 Jul 2026
[2026-07-16 06:02:15] Updated row 169: ECO=DSM26021 Submitted=02 Jul 2026 Released=03 Jul 2026
[2026-07-16 06:02:15] Updated row 170: ECO=DSM26035 Submitted=01 Jul 2026 Released=02 Jul 2026
[2026-07-16 06:02:15] Updated row 171: ECO=DSM26021 Submitted=02 Jul 2026 Released=03 Jul 2026
[2026-07-16 06:02:16] Updated row 172: ECO=DSM26025 Submitted=01 Jul 2026 Released=02 Jul 2026
[2026-07-16 06:02:16] Updated row 173: ECO=DSM26025 Submitted=01 Jul 2026 Released=02 Jul 2026
[2026-07-16 06:02:16] Updated row 174: ECO=DSM26025 Submitted=01 Jul 2026 Released=02 Jul 2026
[2026-07-16 06:02:17] Updated row 175: ECO=DSM26029 Submitted=02 Jul 2026 Released=03 Jul 2026
[2026-07-16 06:02:18] Updated row 176: ECO=DSM26031 Submitted=04 Jul 2026 Released=07 Jul 2026
[2026-07-16 06:02:20] Updated row 177: ECO=DSM26039 Submitted=03 Jul 2026 Released=07 Jul 2026
[2026-07-16 06:02:21] Updated row 178: ECO=DSM26043 Submitted=03 Jul 2026 Released=07 Jul 2026
[2026-07-16 06:02:22] Updated row 179: ECO=DSM26044 Submitted=03 Jul 2026 Released=07 Jul 2026
[2026-07-16 06:02:23] Updated row 180: ECO=DSM26042 Submitted=03 Jul 2026 Released=07 Jul 2026
[2026-07-16 06:02:23] Updated row 181: ECO=DSM26029 Submitted=02 Jul 2026 Released=03 Jul 2026
[2026-07-16 06:02:23] Updated row 182: ECO=DSM26031 Submitted=04 Jul 2026 Released=07 Jul 2026
[2026-07-16 06:02:23] Updated row 183: ECO=DSM26039 Submitted=03 Jul 2026 Released=07 Jul 2026
[2026-07-16 06:02:23] Updated row 184: ECO=DSM26043 Submitted=03 Jul 2026 Released=07 Jul 2026
[2026-07-16 06:02:23] Updated row 185: ECO=DSM26044 Submitted=03 Jul 2026 Released=07 Jul 2026
[2026-07-16 06:02:23] Updated row 186: ECO=DSM26042 Submitted=03 Jul 2026 Released=07 Jul 2026
[2026-07-16 06:02:23] Updated row 187: ECO=DSM26029 Submitted=02 Jul 2026 Released=03 Jul 2026
[2026-07-16 06:02:23] Updated row 188: ECO=DSM26031 Submitted=04 Jul 2026 Released=07 Jul 2026
[2026-07-16 06:02:23] Updated row 189: ECO=DSM26039 Submitted=03 Jul 2026 Released=07 Jul 2026
[2026-07-16 06:02:23] Updated row 190: ECO=DSM26043 Submitted=03 Jul 2026 Released=07 Jul 2026
[2026-07-16 06:02:23] Updated row 191: ECO=DSM26044 Submitted=03 Jul 2026 Released=07 Jul 2026
[2026-07-16 06:02:23] Updated row 192: ECO=DSM26042 Submitted=03 Jul 2026 Released=07 Jul 2026
[2026-07-16 06:02:24] Updated row 193: ECO=CA90162HB Submitted=01 Jul 2026 Released=02 Jul 2026
[2026-07-16 06:02:25] Updated row 194: ECO=CA90167HB Submitted=02 Jul 2026 Released=03 Jul 2026
[2026-07-16 06:02:26] Updated row 195: ECO=CA90173HB Submitted=03 Jul 2026 Released=07 Jul 2026
[2026-07-16 06:02:26] Updated row 196: ECO=CA90173HB Submitted=03 Jul 2026 Released=07 Jul 2026
[2026-07-16 06:02:26] Updated row 197: ECO=CA90173HB Submitted=03 Jul 2026 Released=07 Jul 2026
[2026-07-16 06:02:28] Updated row 198: ECO=CA90176HB Submitted=07 Jul 2026 Released=08 Jul 2026
[2026-07-16 06:02:28] Updated row 199: ECO=CA90176HB Submitted=07 Jul 2026 Released=08 Jul 2026
[2026-07-16 06:02:28] Updated row 200: ECO=CA90176HB Submitted=07 Jul 2026 Released=08 Jul 2026
[2026-07-16 06:02:29] Updated row 201: ECO=CA90181HB Submitted=07 Jul 2026 Released=10 Jul 2026
[2026-07-16 06:02:29] Updated row 202: ECO=CA90181HB Submitted=07 Jul 2026 Released=10 Jul 2026
[2026-07-16 06:02:29] Updated row 203: ECO=CA90181HB Submitted=07 Jul 2026 Released=10 Jul 2026
[2026-07-16 06:02:30] Updated row 204: ECO=CA90172HB Submitted=07 Jul 2026 Released=10 Jul 2026
[2026-07-16 06:02:30] Updated row 205: ECO=CA90172HB Submitted=07 Jul 2026 Released=10 Jul 2026
[2026-07-16 06:02:30] Updated row 206: ECO=CA90172HB Submitted=07 Jul 2026 Released=10 Jul 2026
[2026-07-16 06:02:31] Updated row 207: ECO=CA90174HB Submitted=07 Jul 2026 Released=10 Jul 2026
[2026-07-16 06:02:31] Updated row 208: ECO=CA90174HB Submitted=07 Jul 2026 Released=10 Jul 2026
[2026-07-16 06:02:31] Updated row 209: ECO=CA90174HB Submitted=07 Jul 2026 Released=10 Jul 2026
[2026-07-16 06:02:33] Updated row 210: ECO=CA90170HB Submitted=02 Jul 2026 Released=07 Jul 2026
[2026-07-16 06:02:33] Updated row 211: ECO=CA90170HB Submitted=02 Jul 2026 Released=07 Jul 2026
[2026-07-16 06:02:33] Updated row 212: ECO=CA90170HB Submitted=02 Jul 2026 Released=07 Jul 2026
[2026-07-16 06:02:34] Updated row 213: ECO=CA90171HB Submitted=07 Jul 2026 Released=10 Jul 2026
[2026-07-16 06:02:34] Updated row 214: ECO=CA90171HB Submitted=07 Jul 2026 Released=10 Jul 2026
[2026-07-16 06:02:34] Updated row 215: ECO=CA90171HB Submitted=07 Jul 2026 Released=10 Jul 2026
[2026-07-16 06:02:35] Updated row 216: ECO=CA90183HB Submitted=07 Jul 2026 Released=10 Jul 2026
[2026-07-16 06:02:35] Updated row 217: ECO=CA90183HB Submitted=07 Jul 2026 Released=10 Jul 2026
[2026-07-16 06:02:35] Updated row 218: ECO=CA90183HB Submitted=07 Jul 2026 Released=10 Jul 2026
[2026-07-16 06:02:36] Updated row 219: ECO=CA90184HB Submitted=02 Jul 2026 Released=03 Jul 2026
[2026-07-16 06:02:36] Updated row 220: ECO=CA90184HB Submitted=02 Jul 2026 Released=03 Jul 2026
[2026-07-16 06:02:37] Updated row 221: ECO=CA90182HB Submitted=01 Jul 2026 Released=03 Jul 2026
[2026-07-16 06:02:37] Updated row 222: ECO=CA90182HB Submitted=01 Jul 2026 Released=03 Jul 2026
[2026-07-16 06:02:37] Updated row 223: ECO=CA90182HB Submitted=01 Jul 2026 Released=03 Jul 2026
[2026-07-16 06:02:37] Updated row 224: ECO=CA90182HB Submitted=01 Jul 2026 Released=03 Jul 2026
[2026-07-16 06:02:39] Updated row 225: ECO=CA90177HB Submitted=01 Jul 2026 Released=03 Jul 2026
[2026-07-16 06:02:40] Updated row 226: ECO=CA90175HB Submitted=02 Jul 2026 Released=03 Jul 2026
[2026-07-16 06:02:41] Updated row 227: ECO=CA90178HB Submitted=01 Jul 2026 Released=03 Jul 2026
[2026-07-16 06:02:41] Updated row 228: ECO=CA90178HB Submitted=01 Jul 2026 Released=03 Jul 2026
[2026-07-16 06:02:41] Updated row 229: ECO=CA90178HB Submitted=01 Jul 2026 Released=03 Jul 2026
[2026-07-16 06:02:42] Updated row 230: ECO=CA90185HB Submitted=02 Jul 2026 Released=03 Jul 2026
[2026-07-16 06:02:43] Updated row 231: ECO=CA90186HB Submitted=02 Jul 2026 Released=03 Jul 2026
[2026-07-16 06:02:44] Updated row 232: ECO=CA90187HB Submitted=02 Jul 2026 Released=03 Jul 2026
[2026-07-16 06:02:44] Skipping row 233: ECO value is empty or not usable (NA).
[2026-07-16 06:02:46] Updated row 234: ECO=CA90217HB Submitted=09 Jul 2026 Released=14 Jul 2026
[2026-07-16 06:02:47] Updated row 235: ECO=CA90226HB Submitted=06 Jul 2026 Released=08 Jul 2026
[2026-07-16 06:02:47] Updated row 236: ECO=CA90226HB Submitted=06 Jul 2026 Released=08 Jul 2026
[2026-07-16 06:02:47] Skipping row 237: ECO value is empty or not usable (N/A).
[2026-07-16 06:02:47] Skipping row 238: ECO value is empty or not usable (N/A).
[2026-07-16 06:02:47] Skipping row 239: ECO value is empty or not usable (N/A).
[2026-07-16 06:02:48] Updated row 240: ECO=CA90225HB Submitted=06 Jul 2026 Released=08 Jul 2026
[2026-07-16 06:02:50] Updated row 241: ECO=CA90224HB Submitted=07 Jul 2026 Released=08 Jul 2026
[2026-07-16 06:02:50] Skipping row 242: ECO value is empty or not usable (N/A).
[2026-07-16 06:02:50] Skipping row 243: ECO value is empty or not usable (N/A).
[2026-07-16 06:02:50] Skipping row 244: ECO value is empty or not usable (N/A).
[2026-07-16 06:02:51] Updated row 245: ECO=DSM26064 Submitted=06 Jul 2026 Released=08 Jul 2026
[2026-07-16 06:02:51] Updated row 246: ECO=DSM26064 Submitted=06 Jul 2026 Released=08 Jul 2026
[2026-07-16 06:02:51] Updated row 247: ECO=DSM26064 Submitted=06 Jul 2026 Released=08 Jul 2026
[2026-07-16 06:02:52] Updated row 248: ECO=DSM26063 Submitted=07 Jul 2026 Released=08 Jul 2026
[2026-07-16 06:02:52] Updated row 249: ECO=DSM26063 Submitted=07 Jul 2026 Released=08 Jul 2026
[2026-07-16 06:02:52] Updated row 250: ECO=DSM26063 Submitted=07 Jul 2026 Released=08 Jul 2026
[2026-07-16 06:02:52] Skipping row 251: ECO value is empty or not usable (N/A).
[2026-07-16 06:02:52] Skipping row 252: ECO value is empty or not usable (N/A).
[2026-07-16 06:02:52] Skipping row 253: ECO value is empty or not usable (N/A).
[2026-07-16 06:02:53] Updated row 254: ECO=CA90336HB Submitted=11 Jul 2026 Released=16 Jul 2026
[2026-07-16 06:02:53] Updated row 255: ECO=CA90336HB Submitted=11 Jul 2026 Released=16 Jul 2026
[2026-07-16 06:02:53] Updated row 256: ECO=CA90336HB Submitted=11 Jul 2026 Released=16 Jul 2026
[2026-07-16 06:02:53] Updated row 257: ECO=CA90336HB Submitted=11 Jul 2026 Released=16 Jul 2026
[2026-07-16 06:02:55] Updated row 258: ECO=DSM26052 Submitted=13 Jul 2026 Released=14 Jul 2026
[2026-07-16 06:02:55] Updated row 259: ECO=DSM26052 Submitted=13 Jul 2026 Released=14 Jul 2026
[2026-07-16 06:02:55] Updated row 260: ECO=DSM26052 Submitted=13 Jul 2026 Released=14 Jul 2026
[2026-07-16 06:02:56] Updated row 261: ECO=DSM26077 Submitted=13 Jul 2026 Released=16 Jul 2026
[2026-07-16 06:02:56] Updated row 262: ECO=DSM26077 Submitted=13 Jul 2026 Released=16 Jul 2026
[2026-07-16 06:02:56] Updated row 263: ECO=DSM26077 Submitted=13 Jul 2026 Released=16 Jul 2026
[2026-07-16 06:02:57] Updated row 264: ECO=DSM26076 Submitted=11 Jul 2026 Released=11 Jul 2026
[2026-07-16 06:02:58] Updated row 265: ECO=DSM26073 Submitted=14 Jul 2026 Released=16 Jul 2026
[2026-07-16 06:02:58] Updated row 266: ECO=DSM26073 Submitted=14 Jul 2026 Released=16 Jul 2026
[2026-07-16 06:02:58] Updated row 267: ECO=DSM26073 Submitted=14 Jul 2026 Released=16 Jul 2026
[2026-07-16 06:02:58] Updated row 268: ECO=DSM26073 Submitted=14 Jul 2026 Released=16 Jul 2026
[2026-07-16 06:02:58] Updated row 269: ECO=DSM26073 Submitted=14 Jul 2026 Released=16 Jul 2026
[2026-07-16 06:03:01] Row 270: ECO lookup failed for CA90369HB; treating as not submitted yet. Could not find Submitted/Released workflow dates for CA90369HB.
Tried classes=['Change', 'ECO', 'Change Orders'] tables=['History', 'Workflow', 'Workflow Status']
No matching workflow rows found.
[2026-07-16 06:03:01] Updated row 270: ECO=CA90369HB Submitted=None Released=None
[2026-07-16 06:03:02] Updated row 271: ECO=CA90368HB Submitted=13 Jul 2026 Released=15 Jul 2026
[2026-07-16 06:03:02] Updated row 272: ECO=CA90368HB Submitted=13 Jul 2026 Released=15 Jul 2026
[2026-07-16 06:03:03] Updated row 273: ECO=CA90364HB Submitted=14 Jul 2026 Released=15 Jul 2026
[2026-07-16 06:03:03] Updated row 274: ECO=CA90364HB Submitted=14 Jul 2026 Released=15 Jul 2026
[2026-07-16 06:03:03] Updated row 275: ECO=CA90364HB Submitted=14 Jul 2026 Released=15 Jul 2026
[2026-07-16 06:03:03] Updated row 276: ECO=CA90364HB Submitted=14 Jul 2026 Released=15 Jul 2026
[2026-07-16 06:03:04] Updated row 277: ECO=CA90363HB Submitted=14 Jul 2026 Released=15 Jul 2026
[2026-07-16 06:03:04] Updated row 278: ECO=CA90363HB Submitted=14 Jul 2026 Released=15 Jul 2026
[2026-07-16 06:03:04] Updated row 279: ECO=CA90363HB Submitted=14 Jul 2026 Released=15 Jul 2026
[2026-07-16 06:03:04] Updated row 280: ECO=CA90363HB Submitted=14 Jul 2026 Released=15 Jul 2026
[2026-07-16 06:03:05] Updated row 281: ECO=CA90377HB Submitted=14 Jul 2026 Released=15 Jul 2026
[2026-07-16 06:03:05] Updated row 282: ECO=CA90377HB Submitted=14 Jul 2026 Released=15 Jul 2026
[2026-07-16 06:03:05] Updated row 283: ECO=CA90377HB Submitted=14 Jul 2026 Released=15 Jul 2026
[2026-07-16 06:03:05] Updated row 284: ECO=CA90377HB Submitted=14 Jul 2026 Released=15 Jul 2026
[2026-07-16 06:03:07] Updated row 285: ECO=CA90378HB Submitted=14 Jul 2026 Released=15 Jul 2026
[2026-07-16 06:03:07] Updated row 286: ECO=CA90378HB Submitted=14 Jul 2026 Released=15 Jul 2026
[2026-07-16 06:03:07] Updated row 287: ECO=CA90378HB Submitted=14 Jul 2026 Released=15 Jul 2026
[2026-07-16 06:03:07] Updated row 288: ECO=CA90378HB Submitted=14 Jul 2026 Released=15 Jul 2026
[2026-07-16 06:03:08] Updated row 289: ECO=CA90359HB Submitted=14 Jul 2026 Released=16 Jul 2026
[2026-07-16 06:03:08] Updated row 290: ECO=CA90359HB Submitted=14 Jul 2026 Released=16 Jul 2026
[2026-07-16 06:03:09] Updated row 291: ECO=CA90374HB Submitted=14 Jul 2026 Released=15 Jul 2026
[2026-07-16 06:03:09] Updated row 292: ECO=CA90374HB Submitted=14 Jul 2026 Released=15 Jul 2026
[2026-07-16 06:03:10] Updated row 293: ECO=DSM26079 Submitted=14 Jul 2026 Released=15 Jul 2026
[2026-07-16 06:03:13] Row 294: ECO lookup failed for CA90439HB; treating as not submitted yet. Could not find Submitted/Released workflow dates for CA90439HB.
Tried classes=['Change', 'ECO', 'Change Orders'] tables=['History', 'Workflow', 'Workflow Status']
No matching workflow rows found.
[2026-07-16 06:03:13] Updated row 294: ECO=CA90439HB Submitted=None Released=None
[2026-07-16 06:03:13] Updated row 295: ECO=CA90439HB Submitted=None Released=None
[2026-07-16 06:03:13] Updated row 296: ECO=CA90439HB Submitted=None Released=None
[2026-07-16 06:03:13] Skipping row 297: ECO value is empty or not usable (blank).
[2026-07-16 06:03:13] Skipping row 298: ECO value is empty or not usable (blank).
[2026-07-16 06:03:13] Skipping row 299: ECO value is empty or not usable (blank).
[2026-07-16 06:03:14] Updated row 300: ECO=CA90440HB Submitted=16 Jul 2026 Released=None
[2026-07-16 06:03:14] Updated row 301: ECO=CA90440HB Submitted=16 Jul 2026 Released=None
[2026-07-16 06:03:14] Updated row 302: ECO=CA90440HB Submitted=16 Jul 2026 Released=None
[2026-07-16 06:03:14] Updated row 303: ECO=CA90440HB Submitted=16 Jul 2026 Released=None
[2026-07-16 06:03:15] Updated row 304: ECO=CA90424HB Submitted=16 Jul 2026 Released=None
[2026-07-16 06:03:15] Updated row 305: ECO=CA90424HB Submitted=16 Jul 2026 Released=None
[2026-07-16 06:03:15] Updated row 306: ECO=CA90424HB Submitted=16 Jul 2026 Released=None
[2026-07-16 06:03:15] Updated row 307: ECO=CA90424HB Submitted=16 Jul 2026 Released=None
[2026-07-16 06:03:16] Updated row 308: ECO=CA90441HB Submitted=16 Jul 2026 Released=None
[2026-07-16 06:03:18] Updated row 309: ECO=CA90425HB Submitted=16 Jul 2026 Released=None
[2026-07-16 06:03:19] Updated row 310: ECO=CA90447HB Submitted=16 Jul 2026 Released=None
[2026-07-16 06:03:20] Updated row 311: ECO=CA90435HB Submitted=16 Jul 2026 Released=None
[2026-07-16 06:03:22] Updated row 312: ECO=CA90434HB Submitted=16 Jul 2026 Released=None
[2026-07-16 06:03:22] Skipping row 313: ECO value is empty or not usable (blank).
[2026-07-16 06:03:23] Updated row 314: ECO=CA90445HB Submitted=16 Jul 2026 Released=None
[2026-07-16 06:03:23] Updated row 315: ECO=CA90445HB Submitted=16 Jul 2026 Released=None
[2026-07-16 06:03:24] Updated row 316: ECO=CA90432HB Submitted=16 Jul 2026 Released=None
[2026-07-16 06:03:25] Updated row 317: ECO=CA90433HB Submitted=16 Jul 2026 Released=None
[2026-07-16 06:03:26] Updated row 318: ECO=DSM26084 Submitted=16 Jul 2026 Released=None
[2026-07-16 06:03:26] Updated row 319: ECO=DSM26084 Submitted=16 Jul 2026 Released=None
[2026-07-16 06:03:26] Updated row 320: ECO=DSM26084 Submitted=16 Jul 2026 Released=None
[2026-07-16 06:03:26] Updated row 321: ECO=DSM26084 Submitted=16 Jul 2026 Released=None
[2026-07-16 06:03:26] Updated row 322: ECO=DSM26084 Submitted=16 Jul 2026 Released=None
[2026-07-16 06:03:27] Updated row 323: ECO=DSM26082 Submitted=16 Jul 2026 Released=None
[2026-07-16 06:03:28] Updated row 324: ECO=DSM26086 Submitted=16 Jul 2026 Released=None
[2026-07-16 06:03:28] Updated row 325: ECO=DSM26086 Submitted=16 Jul 2026 Released=None
[2026-07-16 06:03:28] Updated row 326: ECO=DSM26086 Submitted=16 Jul 2026 Released=None
[2026-07-16 06:03:29] Updated row 327: ECO=DSM26083 Submitted=15 Jul 2026 Released=None
[2026-07-16 06:03:29] Updated row 328: ECO=DSM26083 Submitted=15 Jul 2026 Released=None
[2026-07-16 06:03:29] Updated row 329: ECO=DSM26083 Submitted=15 Jul 2026 Released=None
[2026-07-16 06:03:31] Updated row 330: ECO=DSM26089 Submitted=15 Jul 2026 Released=None
[2026-07-16 06:03:31] Updated row 331: ECO=DSM26089 Submitted=15 Jul 2026 Released=None
[2026-07-16 06:03:31] Updated row 332: ECO=DSM26089 Submitted=15 Jul 2026 Released=None
[2026-07-16 06:03:31] Skipping row 333: ECO value is empty or not usable (blank).
[2026-07-16 06:03:31] Skipping row 334: ECO value is empty or not usable (blank).
[2026-07-16 06:03:31] Skipping row 335: ECO value is empty or not usable (blank).
[2026-07-16 06:03:32] Updated row 336: ECO=DSM26088 Submitted=15 Jul 2026 Released=None
[2026-07-16 06:03:33] Updated row 337: ECO=DSM26081 Submitted=16 Jul 2026 Released=None
[2026-07-16 06:03:33] Skipping row 338: ECO value is empty or not usable (N/A).
[2026-07-16 06:03:33] Skipping row 339: ECO value is empty or not usable (N/A).
[2026-07-16 06:03:33] Skipping row 340: ECO value is empty or not usable (N/A).
[2026-07-16 06:03:33] Skipping row 341: ECO value is empty or not usable (N/A).
[2026-07-16 06:03:33] Skipping row 342: ECO value is empty or not usable (N/A).
[2026-07-16 06:03:33] Skipping row 343: ECO value is empty or not usable (N/A).
[2026-07-16 06:03:34] Updated row 344: ECO=DSM26085 Submitted=16 Jul 2026 Released=None
[2026-07-16 06:03:34] Updated row 345: ECO=DSM26085 Submitted=16 Jul 2026 Released=None
[2026-07-16 06:03:34] Updated row 346: ECO=DSM26085 Submitted=16 Jul 2026 Released=None
[2026-07-16 06:03:34] Skipping row 347: ECO value is empty or not usable (blank).
[2026-07-16 06:03:34] Skipping row 348: ECO value is empty or not usable (blank).
[2026-07-16 06:03:34] Skipping row 349: ECO value is empty or not usable (blank).
[2026-07-16 06:03:34] Skipping row 350: ECO value is empty or not usable (blank).
[2026-07-16 06:03:35] Updated row 351: ECO=CA90436HB Submitted=16 Jul 2026 Released=None
[2026-07-16 06:03:35] Updated row 352: ECO=CA90436HB Submitted=16 Jul 2026 Released=None
[2026-07-16 06:03:35] Updated row 353: ECO=CA90436HB Submitted=16 Jul 2026 Released=None
[2026-07-16 06:03:35] Updated row 354: ECO=CA90436HB Submitted=16 Jul 2026 Released=None
[2026-07-16 06:03:35] Skipping row 355: ECO value is empty or not usable (blank).
[2026-07-16 06:03:38] Row 356: ECO lookup failed for CA90446HB; treating as not submitted yet. Could not find Submitted/Released workflow dates for CA90446HB.
Tried classes=['Change', 'ECO', 'Change Orders'] tables=['History', 'Workflow', 'Workflow Status']
No matching workflow rows found.
[2026-07-16 06:03:38] Updated row 356: ECO=CA90446HB Submitted=None Released=None
[2026-07-16 06:03:38] Updated row 357: ECO=CA90446HB Submitted=None Released=None
[2026-07-16 06:03:38] Updated row 358: ECO=CA90446HB Submitted=None Released=None
[2026-07-16 06:03:38] Updated row 359: ECO=CA90446HB Submitted=None Released=None
[2026-07-16 06:03:38] Skipping row 360: ECO value is empty or not usable (blank).
[2026-07-16 06:03:38] Skipping row 361: ECO value is empty or not usable (blank).
[2026-07-16 06:03:38] Skipping row 362: ECO value is empty or not usable (blank).
[2026-07-16 06:03:38] Skipping row 363: ECO value is empty or not usable (blank).
[2026-07-16 06:03:38] Skipping row 364: ECO value is empty or not usable (blank).
[2026-07-16 06:03:39] Updated row 365: ECO=CA90443HB Submitted=16 Jul 2026 Released=None
[2026-07-16 06:03:39] Skipping row 366: ECO value is empty or not usable (blank).
[2026-07-16 06:03:39] Skipping row 367: ECO value is empty or not usable (blank).
[2026-07-16 06:03:40] Updated row 368: ECO=CA90444HB Submitted=16 Jul 2026 Released=None
[2026-07-16 06:03:40] Updated row 369: ECO=CA90444HB Submitted=16 Jul 2026 Released=None
[2026-07-16 06:03:40] Updated row 370: ECO=CA90444HB Submitted=16 Jul 2026 Released=None
[2026-07-16 06:03:40] Skipping row 371: ECO value is empty or not usable (blank).
[2026-07-16 06:03:40] Skipping row 372: ECO value is empty or not usable (blank).
[2026-07-16 06:03:40] Skipping row 373: ECO value is empty or not usable (blank).
[2026-07-16 06:03:40] Skipping row 374: ECO value is empty or not usable (blank).
[2026-07-16 06:03:40] Workbook looks free. Waiting 30 seconds for OneDrive to settle...
[2026-07-16 06:04:10] Saving workbook to C:\Users\kmageshkumar\OneDrive - Ichor Systems\AMAT SGP ECO Tracker.xlsx...
[2026-07-16 06:04:11] Workbook protection and editable-range metadata preserved.
[2026-07-16 06:04:11] Workbook save complete.
[2026-07-16 06:04:11] Workbook updated: C:\Users\kmageshkumar\OneDrive - Ichor Systems\AMAT SGP ECO Tracker.xlsx
[2026-07-16 06:04:11] Workbook looks free. Waiting 30 seconds for OneDrive to settle...
[2026-07-16 06:04:42] Skipping row 2: CRF value is empty or not usable (blank).
[2026-07-16 06:04:42] Workbook looks free. Waiting 30 seconds for OneDrive to settle...
[2026-07-16 06:05:12] Saving workbook to C:\Users\kmageshkumar\OneDrive - Ichor Systems\AMAT SGP CRF Tracker.xlsx...
[2026-07-16 06:05:12] Workbook protection and editable-range metadata preserved.
[2026-07-16 06:05:12] Workbook save complete.
[2026-07-16 06:05:12] CRF workbook updated: C:\Users\kmageshkumar\OneDrive - Ichor Systems\AMAT SGP CRF Tracker.xlsx
